,trials,x,z,horizons,environment,id
0,0,23,0.6097711657291071,10,rough,52
1,1,22,0.7171477789632733,10,rough,52
2,2,22,0.7171477789632733,10,rough,52
3,3,23,0.6097711657291071,10,rough,52
4,4,22,0.7171477789632733,10,rough,52
5,5,23,0.6097711657291071,10,rough,52
6,6,23,0.6097711657291071,10,rough,52
7,7,24,0.39611982189594847,10,rough,52
8,8,24,0.39611982189594847,10,rough,52
9,9,23,0.6097711657291071,10,rough,52
10,10,22,0.7171477789632733,10,rough,52
