,trials,x,z,horizons,environment,id
0,0,1,0.9358317375717077,5,smooth,21
1,1,1,0.9358317375717077,5,smooth,21
2,2,2,0.8523521316824683,5,smooth,21
3,3,1,0.9358317375717077,5,smooth,21
4,4,0,1.0,5,smooth,21
5,5,0,1.0,5,smooth,21
