,trials,x,z,horizons,environment,id
0,0,7,0.38961065585928756,5,smooth,0
1,1,6,0.4487617759180018,5,smooth,0
2,2,7,0.38961065585928756,5,smooth,0
3,3,8,0.2925005461693849,5,smooth,0
4,4,7,0.38961065585928756,5,smooth,0
5,5,7,0.38961065585928756,5,smooth,0
