,trials,x,z,horizons,environment,id
0,0,6,0.0,5,smooth,38
1,1,6,0.0,5,smooth,38
2,2,7,0.24047814360533465,5,smooth,38
3,3,7,0.24047814360533465,5,smooth,38
4,4,7,0.24047814360533465,5,smooth,38
5,5,8,0.627919182869412,5,smooth,38
