,trials,x,z,horizons,environment,id
0,0,15,0.9190899494872768,5,smooth,34
1,1,14,1.0,5,smooth,34
2,2,14,1.0,5,smooth,34
3,3,15,0.9190899494872768,5,smooth,34
4,4,14,1.0,5,smooth,34
5,5,14,1.0,5,smooth,34
