,trials,x,z,horizons,environment,id
0,0,8,0.753775944528811,10,smooth,84
1,1,8,0.753775944528811,10,smooth,84
2,2,8,0.753775944528811,10,smooth,84
3,3,7,0.8647855421676476,10,smooth,84
4,4,7,0.8647855421676476,10,smooth,84
5,5,7,0.8647855421676476,10,smooth,84
6,6,8,0.753775944528811,10,smooth,84
7,7,9,0.567025536185107,10,smooth,84
8,8,10,0.47319923025823396,10,smooth,84
9,9,11,0.5593527656315179,10,smooth,84
10,10,10,0.47319923025823396,10,smooth,84
