,trials,x,z,horizons,environment,id
0,0,13,0.22240736632140698,10,smooth,37
1,1,14,0.15789578412695854,10,smooth,37
2,2,13,0.22240736632140698,10,smooth,37
3,3,14,0.15789578412695854,10,smooth,37
4,4,14,0.15789578412695854,10,smooth,37
5,5,13,0.22240736632140698,10,smooth,37
6,6,12,0.3473188344611166,10,smooth,37
7,7,11,0.43364113723498204,10,smooth,37
8,8,11,0.43364113723498204,10,smooth,37
9,9,12,0.3473188344611166,10,smooth,37
10,10,11,0.43364113723498204,10,smooth,37
