,trials,x,z,horizons,environment,id
0,0,25,0.08995008377583605,10,smooth,13
1,1,25,0.08995008377583605,10,smooth,13
2,2,26,0.36400033741813115,10,smooth,13
3,3,26,0.36400033741813115,10,smooth,13
4,4,27,0.5999243264944253,10,smooth,13
5,5,27,0.5999243264944253,10,smooth,13
6,6,26,0.36400033741813115,10,smooth,13
7,7,25,0.08995008377583605,10,smooth,13
8,8,24,0.0,10,smooth,13
9,9,23,0.1939614618831217,10,smooth,13
10,10,22,0.4895086268607642,10,smooth,13
