,trials,x,z,horizons,environment,id
0,0,7,0.08091171590781421,10,rough,58
1,1,7,0.08091171590781421,10,rough,58
2,2,7,0.08091171590781421,10,rough,58
3,3,8,0.18232591955902747,10,rough,58
4,4,7,0.08091171590781421,10,rough,58
5,5,7,0.08091171590781421,10,rough,58
6,6,8,0.18232591955902747,10,rough,58
7,7,8,0.18232591955902747,10,rough,58
8,8,9,0.6952364371772217,10,rough,58
9,9,9,0.6952364371772217,10,rough,58
10,10,10,0.9015239282341648,10,rough,58
