,trials,x,z,horizons,environment,id
0,0,27,0.32317243589757605,5,rough,39
1,1,26,0.468408797226484,5,rough,39
2,2,27,0.32317243589757605,5,rough,39
3,3,28,0.22357790183792084,5,rough,39
4,4,29,0.0,5,rough,39
5,5,28,0.22357790183792084,5,rough,39
