,trials,x,z,horizons,environment,id
0,0,28,0.13939939417995562,5,smooth,35
1,1,28,0.13939939417995562,5,smooth,35
2,2,29,0.34208321989605417,5,smooth,35
3,3,29,0.34208321989605417,5,smooth,35
4,4,28,0.13939939417995562,5,smooth,35
5,5,28,0.13939939417995562,5,smooth,35
