,trials,x,z,horizons,environment,id
0,0,29,0.536591386331244,5,rough,41
1,1,29,0.536591386331244,5,rough,41
2,2,28,0.40897025868095505,5,rough,41
3,3,28,0.40897025868095505,5,rough,41
4,4,29,0.536591386331244,5,rough,41
5,5,29,0.536591386331244,5,rough,41
