,trials,x,z,horizons,environment,id
0,0,2,0.6970397243369723,10,smooth,24
1,1,2,0.6970397243369723,10,smooth,24
2,2,3,0.6952123281783481,10,smooth,24
3,3,4,0.6262187815033595,10,smooth,24
4,4,4,0.6262187815033595,10,smooth,24
5,5,3,0.6952123281783481,10,smooth,24
6,6,3,0.6952123281783481,10,smooth,24
7,7,3,0.6952123281783481,10,smooth,24
8,8,2,0.6970397243369723,10,smooth,24
9,9,3,0.6952123281783481,10,smooth,24
10,10,3,0.6952123281783481,10,smooth,24
