,trials,x,z,horizons,environment,id
0,0,22,1.0,10,rough,10
1,1,22,1.0,10,rough,10
2,2,23,0.9576932309003159,10,rough,10
3,3,23,0.9576932309003159,10,rough,10
4,4,23,0.9576932309003159,10,rough,10
5,5,22,1.0,10,rough,10
6,6,22,1.0,10,rough,10
7,7,23,0.9576932309003159,10,rough,10
8,8,23,0.9576932309003159,10,rough,10
9,9,22,1.0,10,rough,10
10,10,23,0.9576932309003159,10,rough,10
