,trials,x,z,horizons,environment,id
0,0,6,0.5016158581177712,5,smooth,5
1,1,7,0.2448219901616134,5,smooth,5
2,2,6,0.5016158581177712,5,smooth,5
3,3,6,0.5016158581177712,5,smooth,5
4,4,7,0.2448219901616134,5,smooth,5
5,5,8,0.05743120519215126,5,smooth,5
