,trials,x,z,horizons,environment,id
0,0,24,0.40066449479517335,5,rough,32
1,1,24,0.40066449479517335,5,rough,32
2,2,23,0.2724262820992521,5,rough,32
3,3,22,0.40058412990834713,5,rough,32
4,4,21,0.5544472142397148,5,rough,32
5,5,22,0.40058412990834713,5,rough,32
