,trials,x,z,horizons,environment,id
0,0,0,1.0,10,smooth,87
1,1,1,0.9966825909787982,10,smooth,87
2,2,0,1.0,10,smooth,87
3,3,1,0.9966825909787982,10,smooth,87
4,4,2,0.7519277778781661,10,smooth,87
5,5,3,0.5591864332856966,10,smooth,87
6,6,4,0.3450315609830117,10,smooth,87
7,7,4,0.3450315609830117,10,smooth,87
8,8,5,0.06872885669038592,10,smooth,87
9,9,5,0.06872885669038592,10,smooth,87
10,10,4,0.3450315609830117,10,smooth,87
