,trials,x,z,horizons,environment,id
0,0,0,0.23242275323968278,5,rough,63
1,1,0,0.23242275323968278,5,rough,63
2,2,0,0.23242275323968278,5,rough,63
3,3,1,0.19847376859395843,5,rough,63
4,4,1,0.19847376859395843,5,rough,63
5,5,2,0.3507404596018232,5,rough,63
