,trials,x,z,horizons,environment,id
0,0,15,0.5628511326719033,10,smooth,78
1,1,15,0.5628511326719033,10,smooth,78
2,2,14,0.6464059353807522,10,smooth,78
3,3,15,0.5628511326719033,10,smooth,78
4,4,15,0.5628511326719033,10,smooth,78
5,5,15,0.5628511326719033,10,smooth,78
6,6,16,0.47328551109288297,10,smooth,78
7,7,15,0.5628511326719033,10,smooth,78
8,8,16,0.47328551109288297,10,smooth,78
9,9,15,0.5628511326719033,10,smooth,78
10,10,16,0.47328551109288297,10,smooth,78
