,trials,x,z,horizons,environment,id
0,0,24,0.9040468366975831,5,rough,60
1,1,23,0.9112850974406668,5,rough,60
2,2,22,0.7316097803430913,5,rough,60
3,3,21,0.6800673339791677,5,rough,60
4,4,22,0.7316097803430913,5,rough,60
5,5,23,0.9112850974406668,5,rough,60
