,trials,x,z,horizons,environment,id
0,0,29,0.3960173404653874,5,rough,70
1,1,28,0.2474996645945452,5,rough,70
2,2,27,0.48980295786237077,5,rough,70
3,3,28,0.2474996645945452,5,rough,70
4,4,29,0.3960173404653874,5,rough,70
5,5,29,0.3960173404653874,5,rough,70
