,trials,x,z,horizons,environment,id
0,0,4,0.3324397984847563,5,rough,55
1,1,5,0.1933710075597662,5,rough,55
2,2,6,0.0,5,rough,55
3,3,5,0.1933710075597662,5,rough,55
4,4,6,0.0,5,rough,55
5,5,5,0.1933710075597662,5,rough,55
