,trials,x,z,horizons,environment,id
0,0,25,0.3764628841368643,5,rough,59
1,1,26,0.24614360939591234,5,rough,59
2,2,26,0.24614360939591234,5,rough,59
3,3,26,0.24614360939591234,5,rough,59
4,4,27,0.20575785041386854,5,rough,59
5,5,28,0.48360640853846726,5,rough,59
