,trials,x,z,horizons,environment,id
0,0,12,0.6242994293834844,5,rough,65
1,1,11,0.6747111689714541,5,rough,65
2,2,11,0.6747111689714541,5,rough,65
3,3,12,0.6242994293834844,5,rough,65
4,4,11,0.6747111689714541,5,rough,65
5,5,11,0.6747111689714541,5,rough,65
