,trials,x,z,horizons,environment,id
0,0,12,0.723793347479395,5,smooth,40
1,1,12,0.723793347479395,5,smooth,40
2,2,13,0.4777140856156505,5,smooth,40
3,3,12,0.723793347479395,5,smooth,40
4,4,12,0.723793347479395,5,smooth,40
5,5,11,0.6235806158000567,5,smooth,40
