,trials,x,z,horizons,environment,id
0,0,25,0.9763356965186142,10,rough,54
1,1,25,0.9763356965186142,10,rough,54
2,2,26,0.48308349478793566,10,rough,54
3,3,25,0.9763356965186142,10,rough,54
4,4,26,0.48308349478793566,10,rough,54
5,5,25,0.9763356965186142,10,rough,54
6,6,25,0.9763356965186142,10,rough,54
7,7,24,1.0,10,rough,54
8,8,24,1.0,10,rough,54
9,9,23,0.6590812806609082,10,rough,54
10,10,24,1.0,10,rough,54
