,beta,tau,length
0,4.6133029478032945,1.624479701802275,1.018723144194729
1,4.6133029478032945,1.624479701802275,1.018723144194729
2,4.6133029478032945,1.624479701802275,1.018723144194729
3,4.6133029478032945,1.624479701802275,1.018723144194729
4,4.6133029478032945,1.624479701802275,1.018723144194729
5,4.6133029478032945,1.624479701802275,1.018723144194729
6,4.6133029478032945,1.624479701802275,1.018723144194729
7,4.6133029478032945,1.624479701802275,1.018723144194729
8,4.6133029478032945,1.624479701802275,1.018723144194729
9,4.6133029478032945,1.624479701802275,1.018723144194729
10,4.6133029478032945,1.624479701802275,1.018723144194729
