,tau,length
0,9.999999998198867,0.9058194991114383
1,9.999999998198867,0.9058194991114383
2,9.999999998198867,0.9058194991114383
3,9.999999998198867,0.9058194991114383
4,9.999999998198867,0.9058194991114383
5,9.999999998198867,0.9058194991114383
