,beta,tau,length
0,3.137172887260858,0.5669768967817513,1.5693498360135045
1,3.137172887260858,0.5669768967817513,1.5693498360135045
2,3.137172887260858,0.5669768967817513,1.5693498360135045
3,3.137172887260858,0.5669768967817513,1.5693498360135045
4,3.137172887260858,0.5669768967817513,1.5693498360135045
5,3.137172887260858,0.5669768967817513,1.5693498360135045
