,tau,length
0,0.72980156116505,0.9385304617828428
1,0.72980156116505,0.9385304617828428
2,0.72980156116505,0.9385304617828428
3,0.72980156116505,0.9385304617828428
4,0.72980156116505,0.9385304617828428
5,0.72980156116505,0.9385304617828428
