,beta,tau,length
0,9.456678692529408,0.5987600762229712,1.149016503294888
1,9.456678692529408,0.5987600762229712,1.149016503294888
2,9.456678692529408,0.5987600762229712,1.149016503294888
3,9.456678692529408,0.5987600762229712,1.149016503294888
4,9.456678692529408,0.5987600762229712,1.149016503294888
5,9.456678692529408,0.5987600762229712,1.149016503294888
6,9.456678692529408,0.5987600762229712,1.149016503294888
7,9.456678692529408,0.5987600762229712,1.149016503294888
8,9.456678692529408,0.5987600762229712,1.149016503294888
9,9.456678692529408,0.5987600762229712,1.149016503294888
10,9.456678692529408,0.5987600762229712,1.149016503294888
