,beta,tau,length
0,2.4690452924848802,0.8808709871194016,0.11070289921975683
1,2.4690452924848802,0.8808709871194016,0.11070289921975683
2,2.4690452924848802,0.8808709871194016,0.11070289921975683
3,2.4690452924848802,0.8808709871194016,0.11070289921975683
4,2.4690452924848802,0.8808709871194016,0.11070289921975683
5,2.4690452924848802,0.8808709871194016,0.11070289921975683
