,beta,tau,length
0,0.023562116916429166,7.317146276621775,1.150836819178831
1,0.023562116916429166,7.317146276621775,1.150836819178831
2,0.023562116916429166,7.317146276621775,1.150836819178831
3,0.023562116916429166,7.317146276621775,1.150836819178831
4,0.023562116916429166,7.317146276621775,1.150836819178831
5,0.023562116916429166,7.317146276621775,1.150836819178831
