,tau,length
0,9.99999999999977,0.0054015861623064486
1,9.99999999999977,0.0054015861623064486
2,9.99999999999977,0.0054015861623064486
3,9.99999999999977,0.0054015861623064486
4,9.99999999999977,0.0054015861623064486
5,9.99999999999977,0.0054015861623064486
