,beta,tau,length
0,8.00846920826648,7.668207682120622,1.1401834709854448
1,8.00846920826648,7.668207682120622,1.1401834709854448
2,8.00846920826648,7.668207682120622,1.1401834709854448
3,8.00846920826648,7.668207682120622,1.1401834709854448
4,8.00846920826648,7.668207682120622,1.1401834709854448
5,8.00846920826648,7.668207682120622,1.1401834709854448
