,beta,tau,length
0,9.999999999999718,1.6932127611167225,1.1934199352367825
1,9.999999999999718,1.6932127611167225,1.1934199352367825
2,9.999999999999718,1.6932127611167225,1.1934199352367825
3,9.999999999999718,1.6932127611167225,1.1934199352367825
4,9.999999999999718,1.6932127611167225,1.1934199352367825
5,9.999999999999718,1.6932127611167225,1.1934199352367825
6,9.999999999999718,1.6932127611167225,1.1934199352367825
7,9.999999999999718,1.6932127611167225,1.1934199352367825
8,9.999999999999718,1.6932127611167225,1.1934199352367825
9,9.999999999999718,1.6932127611167225,1.1934199352367825
10,9.999999999999718,1.6932127611167225,1.1934199352367825
