,tau,length
0,0.27451411090244193,1.113673773804953
1,0.27451411090244193,1.113673773804953
2,0.27451411090244193,1.113673773804953
3,0.27451411090244193,1.113673773804953
4,0.27451411090244193,1.113673773804953
5,0.27451411090244193,1.113673773804953
6,0.27451411090244193,1.113673773804953
7,0.27451411090244193,1.113673773804953
8,0.27451411090244193,1.113673773804953
9,0.27451411090244193,1.113673773804953
10,0.27451411090244193,1.113673773804953
