,beta,tau,length
0,9.99999999999999,1.39819279138219,0.12159984251282573
1,9.99999999999999,1.39819279138219,0.12159984251282573
2,9.99999999999999,1.39819279138219,0.12159984251282573
3,9.99999999999999,1.39819279138219,0.12159984251282573
4,9.99999999999999,1.39819279138219,0.12159984251282573
5,9.99999999999999,1.39819279138219,0.12159984251282573
6,9.99999999999999,1.39819279138219,0.12159984251282573
7,9.99999999999999,1.39819279138219,0.12159984251282573
8,9.99999999999999,1.39819279138219,0.12159984251282573
9,9.99999999999999,1.39819279138219,0.12159984251282573
10,9.99999999999999,1.39819279138219,0.12159984251282573
