,beta,tau,length
0,9.999999999999874,1.8887271320696537,0.10178545620376021
1,9.999999999999874,1.8887271320696537,0.10178545620376021
2,9.999999999999874,1.8887271320696537,0.10178545620376021
3,9.999999999999874,1.8887271320696537,0.10178545620376021
4,9.999999999999874,1.8887271320696537,0.10178545620376021
5,9.999999999999874,1.8887271320696537,0.10178545620376021
