,beta,tau,length
0,9.999999999996806,0.011941868579429905,0.11811527731855186
1,9.999999999996806,0.011941868579429905,0.11811527731855186
2,9.999999999996806,0.011941868579429905,0.11811527731855186
3,9.999999999996806,0.011941868579429905,0.11811527731855186
4,9.999999999996806,0.011941868579429905,0.11811527731855186
5,9.999999999996806,0.011941868579429905,0.11811527731855186
