,beta,tau,length
0,8.23163285301629,1.1824776841684673e-05,0.2041085754167583
1,8.23163285301629,1.1824776841684673e-05,0.2041085754167583
2,8.23163285301629,1.1824776841684673e-05,0.2041085754167583
3,8.23163285301629,1.1824776841684673e-05,0.2041085754167583
4,8.23163285301629,1.1824776841684673e-05,0.2041085754167583
5,8.23163285301629,1.1824776841684673e-05,0.2041085754167583
