,beta,tau,length
0,6.7160012979435315,1.998735552229467,1.2640873172477156
1,6.7160012979435315,1.998735552229467,1.2640873172477156
2,6.7160012979435315,1.998735552229467,1.2640873172477156
3,6.7160012979435315,1.998735552229467,1.2640873172477156
4,6.7160012979435315,1.998735552229467,1.2640873172477156
5,6.7160012979435315,1.998735552229467,1.2640873172477156
