,beta,tau,length
0,1.8338237864692908,0.00010282405175320317,0.22766190755728288
1,1.8338237864692908,0.00010282405175320317,0.22766190755728288
2,1.8338237864692908,0.00010282405175320317,0.22766190755728288
3,1.8338237864692908,0.00010282405175320317,0.22766190755728288
4,1.8338237864692908,0.00010282405175320317,0.22766190755728288
5,1.8338237864692908,0.00010282405175320317,0.22766190755728288
