,beta,tau,length
0,3.349506439897988,1.411163346276636e-06,0.19268601297428312
1,3.349506439897988,1.411163346276636e-06,0.19268601297428312
2,3.349506439897988,1.411163346276636e-06,0.19268601297428312
3,3.349506439897988,1.411163346276636e-06,0.19268601297428312
4,3.349506439897988,1.411163346276636e-06,0.19268601297428312
5,3.349506439897988,1.411163346276636e-06,0.19268601297428312
