,beta,tau,length
0,1.8080121731195231,3.219241630946231e-05,0.20314629070065882
1,1.8080121731195231,3.219241630946231e-05,0.20314629070065882
2,1.8080121731195231,3.219241630946231e-05,0.20314629070065882
3,1.8080121731195231,3.219241630946231e-05,0.20314629070065882
4,1.8080121731195231,3.219241630946231e-05,0.20314629070065882
5,1.8080121731195231,3.219241630946231e-05,0.20314629070065882
