,tau,length
0,0.5395647206371014,1.0015846081738777
1,0.5395647206371014,1.0015846081738777
2,0.5395647206371014,1.0015846081738777
3,0.5395647206371014,1.0015846081738777
4,0.5395647206371014,1.0015846081738777
5,0.5395647206371014,1.0015846081738777
6,0.5395647206371014,1.0015846081738777
7,0.5395647206371014,1.0015846081738777
8,0.5395647206371014,1.0015846081738777
9,0.5395647206371014,1.0015846081738777
10,0.5395647206371014,1.0015846081738777
