,tau,length
0,9.999999998922938,0.8573030480897876
1,9.999999998922938,0.8573030480897876
2,9.999999998922938,0.8573030480897876
3,9.999999998922938,0.8573030480897876
4,9.999999998922938,0.8573030480897876
5,9.999999998922938,0.8573030480897876
6,9.999999998922938,0.8573030480897876
7,9.999999998922938,0.8573030480897876
8,9.999999998922938,0.8573030480897876
9,9.999999998922938,0.8573030480897876
10,9.999999998922938,0.8573030480897876
