,beta,tau,length
0,9.999999999997604,1.6106306874348286,0.18743335030515074
1,9.999999999997604,1.6106306874348286,0.18743335030515074
2,9.999999999997604,1.6106306874348286,0.18743335030515074
3,9.999999999997604,1.6106306874348286,0.18743335030515074
4,9.999999999997604,1.6106306874348286,0.18743335030515074
5,9.999999999997604,1.6106306874348286,0.18743335030515074
