,tau,length
0,0.8382824482457486,0.9689623396467757
1,0.8382824482457486,0.9689623396467757
2,0.8382824482457486,0.9689623396467757
3,0.8382824482457486,0.9689623396467757
4,0.8382824482457486,0.9689623396467757
5,0.8382824482457486,0.9689623396467757
