,tau,length
0,9.99999999992156,2.4105489403089324
1,9.99999999992156,2.4105489403089324
2,9.99999999992156,2.4105489403089324
3,9.99999999992156,2.4105489403089324
4,9.99999999992156,2.4105489403089324
5,9.99999999992156,2.4105489403089324
6,9.99999999992156,2.4105489403089324
7,9.99999999992156,2.4105489403089324
8,9.99999999992156,2.4105489403089324
9,9.99999999992156,2.4105489403089324
10,9.99999999992156,2.4105489403089324
