,tau,length
0,9.9999999995767,1.4422145697418642
1,9.9999999995767,1.4422145697418642
2,9.9999999995767,1.4422145697418642
3,9.9999999995767,1.4422145697418642
4,9.9999999995767,1.4422145697418642
5,9.9999999995767,1.4422145697418642
6,9.9999999995767,1.4422145697418642
7,9.9999999995767,1.4422145697418642
8,9.9999999995767,1.4422145697418642
9,9.9999999995767,1.4422145697418642
10,9.9999999995767,1.4422145697418642
