,tau,length
0,0.5559827467998592,1.1129164532628943
1,0.5559827467998592,1.1129164532628943
2,0.5559827467998592,1.1129164532628943
3,0.5559827467998592,1.1129164532628943
4,0.5559827467998592,1.1129164532628943
5,0.5559827467998592,1.1129164532628943
