,beta,tau,length
0,10.0,0.5347364441090775,0.12148595557529794
1,10.0,0.5347364441090775,0.12148595557529794
2,10.0,0.5347364441090775,0.12148595557529794
3,10.0,0.5347364441090775,0.12148595557529794
4,10.0,0.5347364441090775,0.12148595557529794
5,10.0,0.5347364441090775,0.12148595557529794
6,10.0,0.5347364441090775,0.12148595557529794
7,10.0,0.5347364441090775,0.12148595557529794
8,10.0,0.5347364441090775,0.12148595557529794
9,10.0,0.5347364441090775,0.12148595557529794
10,10.0,0.5347364441090775,0.12148595557529794
