,beta,tau,length
0,0.008433507762931714,2.3204863746993967,1.4708910095322651
1,0.008433507762931714,2.3204863746993967,1.4708910095322651
2,0.008433507762931714,2.3204863746993967,1.4708910095322651
3,0.008433507762931714,2.3204863746993967,1.4708910095322651
4,0.008433507762931714,2.3204863746993967,1.4708910095322651
5,0.008433507762931714,2.3204863746993967,1.4708910095322651
