,beta,tau,length
0,1.5582985902451358e-09,2.7308887354753333,1.5517838102458765
1,1.5582985902451358e-09,2.7308887354753333,1.5517838102458765
2,1.5582985902451358e-09,2.7308887354753333,1.5517838102458765
3,1.5582985902451358e-09,2.7308887354753333,1.5517838102458765
4,1.5582985902451358e-09,2.7308887354753333,1.5517838102458765
5,1.5582985902451358e-09,2.7308887354753333,1.5517838102458765
