,beta,tau,length
0,6.424475818764851,0.523372855273443,1.470522135124999
1,6.424475818764851,0.523372855273443,1.470522135124999
2,6.424475818764851,0.523372855273443,1.470522135124999
3,6.424475818764851,0.523372855273443,1.470522135124999
4,6.424475818764851,0.523372855273443,1.470522135124999
5,6.424475818764851,0.523372855273443,1.470522135124999
6,6.424475818764851,0.523372855273443,1.470522135124999
7,6.424475818764851,0.523372855273443,1.470522135124999
8,6.424475818764851,0.523372855273443,1.470522135124999
9,6.424475818764851,0.523372855273443,1.470522135124999
10,6.424475818764851,0.523372855273443,1.470522135124999
