,beta,tau,length
0,1.2494431876560175,0.1528135391223785,0.5651382829147651
1,1.2494431876560175,0.1528135391223785,0.5651382829147651
2,1.2494431876560175,0.1528135391223785,0.5651382829147651
3,1.2494431876560175,0.1528135391223785,0.5651382829147651
4,1.2494431876560175,0.1528135391223785,0.5651382829147651
5,1.2494431876560175,0.1528135391223785,0.5651382829147651
