,beta,tau,length
0,1.8670165493608945e-11,9.999999999929846,0.668753278604924
1,1.8670165493608945e-11,9.999999999929846,0.668753278604924
2,1.8670165493608945e-11,9.999999999929846,0.668753278604924
3,1.8670165493608945e-11,9.999999999929846,0.668753278604924
4,1.8670165493608945e-11,9.999999999929846,0.668753278604924
5,1.8670165493608945e-11,9.999999999929846,0.668753278604924
