,beta,tau,length
0,0.005303674809809078,4.448843123770298,0.022789619732331946
1,0.005303674809809078,4.448843123770298,0.022789619732331946
2,0.005303674809809078,4.448843123770298,0.022789619732331946
3,0.005303674809809078,4.448843123770298,0.022789619732331946
4,0.005303674809809078,4.448843123770298,0.022789619732331946
5,0.005303674809809078,4.448843123770298,0.022789619732331946
