,beta,tau,length
0,3.0034130617652,1.4307978025396213e-09,0.16831379405087066
1,3.0034130617652,1.4307978025396213e-09,0.16831379405087066
2,3.0034130617652,1.4307978025396213e-09,0.16831379405087066
3,3.0034130617652,1.4307978025396213e-09,0.16831379405087066
4,3.0034130617652,1.4307978025396213e-09,0.16831379405087066
5,3.0034130617652,1.4307978025396213e-09,0.16831379405087066
