,beta,tau,length
0,0.005982806676216967,2.635227008492988,0.001987019808078017
1,0.005982806676216967,2.635227008492988,0.001987019808078017
2,0.005982806676216967,2.635227008492988,0.001987019808078017
3,0.005982806676216967,2.635227008492988,0.001987019808078017
4,0.005982806676216967,2.635227008492988,0.001987019808078017
5,0.005982806676216967,2.635227008492988,0.001987019808078017
