,beta,tau,length
0,5.330754363732723,4.5496744770455475,0.6450865037450583
1,5.330754363732723,4.5496744770455475,0.6450865037450583
2,5.330754363732723,4.5496744770455475,0.6450865037450583
3,5.330754363732723,4.5496744770455475,0.6450865037450583
4,5.330754363732723,4.5496744770455475,0.6450865037450583
5,5.330754363732723,4.5496744770455475,0.6450865037450583
