,beta,tau,length
0,7.871561172376095e-15,10.0,0.12450232512259417
1,7.871561172376095e-15,10.0,0.12450232512259417
2,7.871561172376095e-15,10.0,0.12450232512259417
3,7.871561172376095e-15,10.0,0.12450232512259417
4,7.871561172376095e-15,10.0,0.12450232512259417
5,7.871561172376095e-15,10.0,0.12450232512259417
