,tau,length
0,0.3852303334911784,1.263977249219852
1,0.3852303334911784,1.263977249219852
2,0.3852303334911784,1.263977249219852
3,0.3852303334911784,1.263977249219852
4,0.3852303334911784,1.263977249219852
5,0.3852303334911784,1.263977249219852
