,tau,length
0,9.999999976842414,1.1839515420783975
1,9.999999976842414,1.1839515420783975
2,9.999999976842414,1.1839515420783975
3,9.999999976842414,1.1839515420783975
4,9.999999976842414,1.1839515420783975
5,9.999999976842414,1.1839515420783975
6,9.999999976842414,1.1839515420783975
7,9.999999976842414,1.1839515420783975
8,9.999999976842414,1.1839515420783975
9,9.999999976842414,1.1839515420783975
10,9.999999976842414,1.1839515420783975
