,beta,tau,length
0,4.3632975090793277e-11,8.23482540054333,1.306426860175297
1,4.3632975090793277e-11,8.23482540054333,1.306426860175297
2,4.3632975090793277e-11,8.23482540054333,1.306426860175297
3,4.3632975090793277e-11,8.23482540054333,1.306426860175297
4,4.3632975090793277e-11,8.23482540054333,1.306426860175297
5,4.3632975090793277e-11,8.23482540054333,1.306426860175297
