,tau,length
0,9.999999999999996,0.05184774328364293
1,9.999999999999996,0.05184774328364293
2,9.999999999999996,0.05184774328364293
3,9.999999999999996,0.05184774328364293
4,9.999999999999996,0.05184774328364293
5,9.999999999999996,0.05184774328364293
6,9.999999999999996,0.05184774328364293
7,9.999999999999996,0.05184774328364293
8,9.999999999999996,0.05184774328364293
9,9.999999999999996,0.05184774328364293
10,9.999999999999996,0.05184774328364293
