,tau,length
0,4.583260547021252,0.9058195002378623
1,4.583260547021252,0.9058195002378623
2,4.583260547021252,0.9058195002378623
3,4.583260547021252,0.9058195002378623
4,4.583260547021252,0.9058195002378623
5,4.583260547021252,0.9058195002378623
6,4.583260547021252,0.9058195002378623
7,4.583260547021252,0.9058195002378623
8,4.583260547021252,0.9058195002378623
9,4.583260547021252,0.9058195002378623
10,4.583260547021252,0.9058195002378623
