,tau,length
0,9.999999999654609,4.42085111406312
1,9.999999999654609,4.42085111406312
2,9.999999999654609,4.42085111406312
3,9.999999999654609,4.42085111406312
4,9.999999999654609,4.42085111406312
5,9.999999999654609,4.42085111406312
6,9.999999999654609,4.42085111406312
7,9.999999999654609,4.42085111406312
8,9.999999999654609,4.42085111406312
9,9.999999999654609,4.42085111406312
10,9.999999999654609,4.42085111406312
