,tau,length
0,9.99999999912622,1.0984776629498256
1,9.99999999912622,1.0984776629498256
2,9.99999999912622,1.0984776629498256
3,9.99999999912622,1.0984776629498256
4,9.99999999912622,1.0984776629498256
5,9.99999999912622,1.0984776629498256
6,9.99999999912622,1.0984776629498256
7,9.99999999912622,1.0984776629498256
8,9.99999999912622,1.0984776629498256
9,9.99999999912622,1.0984776629498256
10,9.99999999912622,1.0984776629498256
