,beta,tau,length
0,9.999999999998314,0.35071897969515997,0.00040158753387263833
1,9.999999999998314,0.35071897969515997,0.00040158753387263833
2,9.999999999998314,0.35071897969515997,0.00040158753387263833
3,9.999999999998314,0.35071897969515997,0.00040158753387263833
4,9.999999999998314,0.35071897969515997,0.00040158753387263833
5,9.999999999998314,0.35071897969515997,0.00040158753387263833
6,9.999999999998314,0.35071897969515997,0.00040158753387263833
7,9.999999999998314,0.35071897969515997,0.00040158753387263833
8,9.999999999998314,0.35071897969515997,0.00040158753387263833
9,9.999999999998314,0.35071897969515997,0.00040158753387263833
10,9.999999999998314,0.35071897969515997,0.00040158753387263833
