,beta,tau,length
0,9.999999999964473,0.4597635351495195,9.999999999997739
1,9.999999999964473,0.4597635351495195,9.999999999997739
2,9.999999999964473,0.4597635351495195,9.999999999997739
3,9.999999999964473,0.4597635351495195,9.999999999997739
4,9.999999999964473,0.4597635351495195,9.999999999997739
5,9.999999999964473,0.4597635351495195,9.999999999997739
