,beta,tau,length
0,8.655107507349891,0.865962184382918,1.3884359914054096
1,8.655107507349891,0.865962184382918,1.3884359914054096
2,8.655107507349891,0.865962184382918,1.3884359914054096
3,8.655107507349891,0.865962184382918,1.3884359914054096
4,8.655107507349891,0.865962184382918,1.3884359914054096
5,8.655107507349891,0.865962184382918,1.3884359914054096
6,8.655107507349891,0.865962184382918,1.3884359914054096
7,8.655107507349891,0.865962184382918,1.3884359914054096
8,8.655107507349891,0.865962184382918,1.3884359914054096
9,8.655107507349891,0.865962184382918,1.3884359914054096
10,8.655107507349891,0.865962184382918,1.3884359914054096
