,beta,tau,length
0,6.197157013847054,0.022143405409280715,0.884597580483107
1,6.197157013847054,0.022143405409280715,0.884597580483107
2,6.197157013847054,0.022143405409280715,0.884597580483107
3,6.197157013847054,0.022143405409280715,0.884597580483107
4,6.197157013847054,0.022143405409280715,0.884597580483107
5,6.197157013847054,0.022143405409280715,0.884597580483107
