,beta,tau,length
0,4.219601065626263,0.2861767428308444,0.6153905719260223
1,4.219601065626263,0.2861767428308444,0.6153905719260223
2,4.219601065626263,0.2861767428308444,0.6153905719260223
3,4.219601065626263,0.2861767428308444,0.6153905719260223
4,4.219601065626263,0.2861767428308444,0.6153905719260223
5,4.219601065626263,0.2861767428308444,0.6153905719260223
