,beta,tau,length
0,0.008408349686858763,5.242370153897675,0.06406310223646637
1,0.008408349686858763,5.242370153897675,0.06406310223646637
2,0.008408349686858763,5.242370153897675,0.06406310223646637
3,0.008408349686858763,5.242370153897675,0.06406310223646637
4,0.008408349686858763,5.242370153897675,0.06406310223646637
5,0.008408349686858763,5.242370153897675,0.06406310223646637
