,tau,length
0,9.999999999447333,0.9058194991129732
1,9.999999999447333,0.9058194991129732
2,9.999999999447333,0.9058194991129732
3,9.999999999447333,0.9058194991129732
4,9.999999999447333,0.9058194991129732
5,9.999999999447333,0.9058194991129732
6,9.999999999447333,0.9058194991129732
7,9.999999999447333,0.9058194991129732
8,9.999999999447333,0.9058194991129732
9,9.999999999447333,0.9058194991129732
10,9.999999999447333,0.9058194991129732
