,beta,tau,length
0,9.999999999999185,0.37602194451718596,1.326980141684121
1,9.999999999999185,0.37602194451718596,1.326980141684121
2,9.999999999999185,0.37602194451718596,1.326980141684121
3,9.999999999999185,0.37602194451718596,1.326980141684121
4,9.999999999999185,0.37602194451718596,1.326980141684121
5,9.999999999999185,0.37602194451718596,1.326980141684121
6,9.999999999999185,0.37602194451718596,1.326980141684121
7,9.999999999999185,0.37602194451718596,1.326980141684121
8,9.999999999999185,0.37602194451718596,1.326980141684121
9,9.999999999999185,0.37602194451718596,1.326980141684121
10,9.999999999999185,0.37602194451718596,1.326980141684121
