,beta,tau,length
0,0.00014123490659999634,3.7587113128337233,0.0034719701540509742
1,0.00014123490659999634,3.7587113128337233,0.0034719701540509742
2,0.00014123490659999634,3.7587113128337233,0.0034719701540509742
3,0.00014123490659999634,3.7587113128337233,0.0034719701540509742
4,0.00014123490659999634,3.7587113128337233,0.0034719701540509742
5,0.00014123490659999634,3.7587113128337233,0.0034719701540509742
