,beta,tau,length
0,4.155553991909193,0.21863939200783122,1.6083625171084703
1,4.155553991909193,0.21863939200783122,1.6083625171084703
2,4.155553991909193,0.21863939200783122,1.6083625171084703
3,4.155553991909193,0.21863939200783122,1.6083625171084703
4,4.155553991909193,0.21863939200783122,1.6083625171084703
5,4.155553991909193,0.21863939200783122,1.6083625171084703
6,4.155553991909193,0.21863939200783122,1.6083625171084703
7,4.155553991909193,0.21863939200783122,1.6083625171084703
8,4.155553991909193,0.21863939200783122,1.6083625171084703
9,4.155553991909193,0.21863939200783122,1.6083625171084703
10,4.155553991909193,0.21863939200783122,1.6083625171084703
