,tau,length
0,0.4009296161288318,0.749568857727423
1,0.4009296161288318,0.749568857727423
2,0.4009296161288318,0.749568857727423
3,0.4009296161288318,0.749568857727423
4,0.4009296161288318,0.749568857727423
5,0.4009296161288318,0.749568857727423
