,beta,tau,length
0,5.569605497993054,3.1229939585666475,0.0002507754073844849
1,5.569605497993054,3.1229939585666475,0.0002507754073844849
2,5.569605497993054,3.1229939585666475,0.0002507754073844849
3,5.569605497993054,3.1229939585666475,0.0002507754073844849
4,5.569605497993054,3.1229939585666475,0.0002507754073844849
5,5.569605497993054,3.1229939585666475,0.0002507754073844849
6,5.569605497993054,3.1229939585666475,0.0002507754073844849
7,5.569605497993054,3.1229939585666475,0.0002507754073844849
8,5.569605497993054,3.1229939585666475,0.0002507754073844849
9,5.569605497993054,3.1229939585666475,0.0002507754073844849
10,5.569605497993054,3.1229939585666475,0.0002507754073844849
