,beta,tau,length
0,9.999999999999996,3.739446409039038,0.18088928711880903
1,9.999999999999996,3.739446409039038,0.18088928711880903
2,9.999999999999996,3.739446409039038,0.18088928711880903
3,9.999999999999996,3.739446409039038,0.18088928711880903
4,9.999999999999996,3.739446409039038,0.18088928711880903
5,9.999999999999996,3.739446409039038,0.18088928711880903
