,beta,tau,length
0,5.16028012773463,0.4760338800423126,0.010676003883321562
1,5.16028012773463,0.4760338800423126,0.010676003883321562
2,5.16028012773463,0.4760338800423126,0.010676003883321562
3,5.16028012773463,0.4760338800423126,0.010676003883321562
4,5.16028012773463,0.4760338800423126,0.010676003883321562
5,5.16028012773463,0.4760338800423126,0.010676003883321562
6,5.16028012773463,0.4760338800423126,0.010676003883321562
7,5.16028012773463,0.4760338800423126,0.010676003883321562
8,5.16028012773463,0.4760338800423126,0.010676003883321562
9,5.16028012773463,0.4760338800423126,0.010676003883321562
10,5.16028012773463,0.4760338800423126,0.010676003883321562
