,tau,length
0,1.2854333796785566,0.9058195014689281
1,1.2854333796785566,0.9058195014689281
2,1.2854333796785566,0.9058195014689281
3,1.2854333796785566,0.9058195014689281
4,1.2854333796785566,0.9058195014689281
5,1.2854333796785566,0.9058195014689281
