,beta,tau,length
0,9.999999999999869,0.11433604556794162,1.1533492307918969
1,9.999999999999869,0.11433604556794162,1.1533492307918969
2,9.999999999999869,0.11433604556794162,1.1533492307918969
3,9.999999999999869,0.11433604556794162,1.1533492307918969
4,9.999999999999869,0.11433604556794162,1.1533492307918969
5,9.999999999999869,0.11433604556794162,1.1533492307918969
6,9.999999999999869,0.11433604556794162,1.1533492307918969
7,9.999999999999869,0.11433604556794162,1.1533492307918969
8,9.999999999999869,0.11433604556794162,1.1533492307918969
9,9.999999999999869,0.11433604556794162,1.1533492307918969
10,9.999999999999869,0.11433604556794162,1.1533492307918969
