,beta,tau,length
0,9.999999999998682,1.0041548241177578,0.07428390054651522
1,9.999999999998682,1.0041548241177578,0.07428390054651522
2,9.999999999998682,1.0041548241177578,0.07428390054651522
3,9.999999999998682,1.0041548241177578,0.07428390054651522
4,9.999999999998682,1.0041548241177578,0.07428390054651522
5,9.999999999998682,1.0041548241177578,0.07428390054651522
6,9.999999999998682,1.0041548241177578,0.07428390054651522
7,9.999999999998682,1.0041548241177578,0.07428390054651522
8,9.999999999998682,1.0041548241177578,0.07428390054651522
9,9.999999999998682,1.0041548241177578,0.07428390054651522
10,9.999999999998682,1.0041548241177578,0.07428390054651522
