,beta,tau,length
0,5.569715662639339,0.6941816171726757,0.8635617691276172
1,5.569715662639339,0.6941816171726757,0.8635617691276172
2,5.569715662639339,0.6941816171726757,0.8635617691276172
3,5.569715662639339,0.6941816171726757,0.8635617691276172
4,5.569715662639339,0.6941816171726757,0.8635617691276172
5,5.569715662639339,0.6941816171726757,0.8635617691276172
