,beta,tau,length
0,9.851721389663389,0.42180940331729655,0.12113881767268807
1,9.851721389663389,0.42180940331729655,0.12113881767268807
2,9.851721389663389,0.42180940331729655,0.12113881767268807
3,9.851721389663389,0.42180940331729655,0.12113881767268807
4,9.851721389663389,0.42180940331729655,0.12113881767268807
5,9.851721389663389,0.42180940331729655,0.12113881767268807
6,9.851721389663389,0.42180940331729655,0.12113881767268807
7,9.851721389663389,0.42180940331729655,0.12113881767268807
8,9.851721389663389,0.42180940331729655,0.12113881767268807
9,9.851721389663389,0.42180940331729655,0.12113881767268807
10,9.851721389663389,0.42180940331729655,0.12113881767268807
