,tau,length
0,9.999999999999993,0.05987450526330938
1,9.999999999999993,0.05987450526330938
2,9.999999999999993,0.05987450526330938
3,9.999999999999993,0.05987450526330938
4,9.999999999999993,0.05987450526330938
5,9.999999999999993,0.05987450526330938
6,9.999999999999993,0.05987450526330938
7,9.999999999999993,0.05987450526330938
8,9.999999999999993,0.05987450526330938
9,9.999999999999993,0.05987450526330938
10,9.999999999999993,0.05987450526330938
