,tau,length
0,9.999999999885521,1.0238204905142663
1,9.999999999885521,1.0238204905142663
2,9.999999999885521,1.0238204905142663
3,9.999999999885521,1.0238204905142663
4,9.999999999885521,1.0238204905142663
5,9.999999999885521,1.0238204905142663
6,9.999999999885521,1.0238204905142663
7,9.999999999885521,1.0238204905142663
8,9.999999999885521,1.0238204905142663
9,9.999999999885521,1.0238204905142663
10,9.999999999885521,1.0238204905142663
