,tau,length
0,9.999999995957992,0.8573030481287598
1,9.999999995957992,0.8573030481287598
2,9.999999995957992,0.8573030481287598
3,9.999999995957992,0.8573030481287598
4,9.999999995957992,0.8573030481287598
5,9.999999995957992,0.8573030481287598
6,9.999999995957992,0.8573030481287598
7,9.999999995957992,0.8573030481287598
8,9.999999995957992,0.8573030481287598
9,9.999999995957992,0.8573030481287598
10,9.999999995957992,0.8573030481287598
