,beta,tau,length
0,9.999999999999838,3.776023719851863,0.1764271528702933
1,9.999999999999838,3.776023719851863,0.1764271528702933
2,9.999999999999838,3.776023719851863,0.1764271528702933
3,9.999999999999838,3.776023719851863,0.1764271528702933
4,9.999999999999838,3.776023719851863,0.1764271528702933
5,9.999999999999838,3.776023719851863,0.1764271528702933
