,beta,tau,length
0,1.1388025990546198,7.832660509732384e-06,0.20519904014625623
1,1.1388025990546198,7.832660509732384e-06,0.20519904014625623
2,1.1388025990546198,7.832660509732384e-06,0.20519904014625623
3,1.1388025990546198,7.832660509732384e-06,0.20519904014625623
4,1.1388025990546198,7.832660509732384e-06,0.20519904014625623
5,1.1388025990546198,7.832660509732384e-06,0.20519904014625623
