,beta,tau,length
0,9.999999999999158,1.1190383409777516,0.637523475544768
1,9.999999999999158,1.1190383409777516,0.637523475544768
2,9.999999999999158,1.1190383409777516,0.637523475544768
3,9.999999999999158,1.1190383409777516,0.637523475544768
4,9.999999999999158,1.1190383409777516,0.637523475544768
5,9.999999999999158,1.1190383409777516,0.637523475544768
6,9.999999999999158,1.1190383409777516,0.637523475544768
7,9.999999999999158,1.1190383409777516,0.637523475544768
8,9.999999999999158,1.1190383409777516,0.637523475544768
9,9.999999999999158,1.1190383409777516,0.637523475544768
10,9.999999999999158,1.1190383409777516,0.637523475544768
