,tau,length
0,0.13849641338904717,0.7659952066324145
1,0.13849641338904717,0.7659952066324145
2,0.13849641338904717,0.7659952066324145
3,0.13849641338904717,0.7659952066324145
4,0.13849641338904717,0.7659952066324145
5,0.13849641338904717,0.7659952066324145
6,0.13849641338904717,0.7659952066324145
7,0.13849641338904717,0.7659952066324145
8,0.13849641338904717,0.7659952066324145
9,0.13849641338904717,0.7659952066324145
10,0.13849641338904717,0.7659952066324145
