,beta,tau,length
0,9.99999999999754,0.3871988592135879,0.19322485298079295
1,9.99999999999754,0.3871988592135879,0.19322485298079295
2,9.99999999999754,0.3871988592135879,0.19322485298079295
3,9.99999999999754,0.3871988592135879,0.19322485298079295
4,9.99999999999754,0.3871988592135879,0.19322485298079295
5,9.99999999999754,0.3871988592135879,0.19322485298079295
