,tau,length
0,9.999999993701852,0.9058194996040715
1,9.999999993701852,0.9058194996040715
2,9.999999993701852,0.9058194996040715
3,9.999999993701852,0.9058194996040715
4,9.999999993701852,0.9058194996040715
5,9.999999993701852,0.9058194996040715
6,9.999999993701852,0.9058194996040715
7,9.999999993701852,0.9058194996040715
8,9.999999993701852,0.9058194996040715
9,9.999999993701852,0.9058194996040715
10,9.999999993701852,0.9058194996040715
