,beta,tau,length
0,5.407286038539036,0.12775666838825928,1.1795661528917871
1,5.407286038539036,0.12775666838825928,1.1795661528917871
2,5.407286038539036,0.12775666838825928,1.1795661528917871
3,5.407286038539036,0.12775666838825928,1.1795661528917871
4,5.407286038539036,0.12775666838825928,1.1795661528917871
5,5.407286038539036,0.12775666838825928,1.1795661528917871
6,5.407286038539036,0.12775666838825928,1.1795661528917871
7,5.407286038539036,0.12775666838825928,1.1795661528917871
8,5.407286038539036,0.12775666838825928,1.1795661528917871
9,5.407286038539036,0.12775666838825928,1.1795661528917871
10,5.407286038539036,0.12775666838825928,1.1795661528917871
