,beta,tau,length
0,4.562377763129087,0.022768907813676787,1.230538511078079
1,4.562377763129087,0.022768907813676787,1.230538511078079
2,4.562377763129087,0.022768907813676787,1.230538511078079
3,4.562377763129087,0.022768907813676787,1.230538511078079
4,4.562377763129087,0.022768907813676787,1.230538511078079
5,4.562377763129087,0.022768907813676787,1.230538511078079
