,tau,length
0,0.9903299297358515,1.0864102857988227
1,0.9903299297358515,1.0864102857988227
2,0.9903299297358515,1.0864102857988227
3,0.9903299297358515,1.0864102857988227
4,0.9903299297358515,1.0864102857988227
5,0.9903299297358515,1.0864102857988227
6,0.9903299297358515,1.0864102857988227
7,0.9903299297358515,1.0864102857988227
8,0.9903299297358515,1.0864102857988227
9,0.9903299297358515,1.0864102857988227
10,0.9903299297358515,1.0864102857988227
