,beta,tau,length
0,5.257270003388034,0.2929952505312745,1.1366708257853042
1,5.257270003388034,0.2929952505312745,1.1366708257853042
2,5.257270003388034,0.2929952505312745,1.1366708257853042
3,5.257270003388034,0.2929952505312745,1.1366708257853042
4,5.257270003388034,0.2929952505312745,1.1366708257853042
5,5.257270003388034,0.2929952505312745,1.1366708257853042
6,5.257270003388034,0.2929952505312745,1.1366708257853042
7,5.257270003388034,0.2929952505312745,1.1366708257853042
8,5.257270003388034,0.2929952505312745,1.1366708257853042
9,5.257270003388034,0.2929952505312745,1.1366708257853042
10,5.257270003388034,0.2929952505312745,1.1366708257853042
