,beta,tau,length
0,9.999999999998852,6.6391682798596925,0.9335888733391052
1,9.999999999998852,6.6391682798596925,0.9335888733391052
2,9.999999999998852,6.6391682798596925,0.9335888733391052
3,9.999999999998852,6.6391682798596925,0.9335888733391052
4,9.999999999998852,6.6391682798596925,0.9335888733391052
5,9.999999999998852,6.6391682798596925,0.9335888733391052
6,9.999999999998852,6.6391682798596925,0.9335888733391052
7,9.999999999998852,6.6391682798596925,0.9335888733391052
8,9.999999999998852,6.6391682798596925,0.9335888733391052
9,9.999999999998852,6.6391682798596925,0.9335888733391052
10,9.999999999998852,6.6391682798596925,0.9335888733391052
