,beta,tau,length
0,0.004075944116049379,1.1673560226845847,0.05459520474809752
1,0.004075944116049379,1.1673560226845847,0.05459520474809752
2,0.004075944116049379,1.1673560226845847,0.05459520474809752
3,0.004075944116049379,1.1673560226845847,0.05459520474809752
4,0.004075944116049379,1.1673560226845847,0.05459520474809752
5,0.004075944116049379,1.1673560226845847,0.05459520474809752
