,beta,tau,length
0,9.894552118051939,3.8516056508060785,1.6563244896655243
1,9.894552118051939,3.8516056508060785,1.6563244896655243
2,9.894552118051939,3.8516056508060785,1.6563244896655243
3,9.894552118051939,3.8516056508060785,1.6563244896655243
4,9.894552118051939,3.8516056508060785,1.6563244896655243
5,9.894552118051939,3.8516056508060785,1.6563244896655243
6,9.894552118051939,3.8516056508060785,1.6563244896655243
7,9.894552118051939,3.8516056508060785,1.6563244896655243
8,9.894552118051939,3.8516056508060785,1.6563244896655243
9,9.894552118051939,3.8516056508060785,1.6563244896655243
10,9.894552118051939,3.8516056508060785,1.6563244896655243
