,tau,length
0,0.3941893295389949,0.8048882401853481
1,0.3941893295389949,0.8048882401853481
2,0.3941893295389949,0.8048882401853481
3,0.3941893295389949,0.8048882401853481
4,0.3941893295389949,0.8048882401853481
5,0.3941893295389949,0.8048882401853481
6,0.3941893295389949,0.8048882401853481
7,0.3941893295389949,0.8048882401853481
8,0.3941893295389949,0.8048882401853481
9,0.3941893295389949,0.8048882401853481
10,0.3941893295389949,0.8048882401853481
