,tau,length
0,5.6750104461157046e-06,0.20463975979120153
1,5.6750104461157046e-06,0.20463975979120153
2,5.6750104461157046e-06,0.20463975979120153
3,5.6750104461157046e-06,0.20463975979120153
4,5.6750104461157046e-06,0.20463975979120153
5,5.6750104461157046e-06,0.20463975979120153
