,beta,tau,length
0,2.6692990350667496,1.9310837263386478e-09,0.1694746352443478
1,2.6692990350667496,1.9310837263386478e-09,0.1694746352443478
2,2.6692990350667496,1.9310837263386478e-09,0.1694746352443478
3,2.6692990350667496,1.9310837263386478e-09,0.1694746352443478
4,2.6692990350667496,1.9310837263386478e-09,0.1694746352443478
5,2.6692990350667496,1.9310837263386478e-09,0.1694746352443478
