,beta,tau,length
0,3.22047170937915,2.7229713928900085e-09,0.1707570174557439
1,3.22047170937915,2.7229713928900085e-09,0.1707570174557439
2,3.22047170937915,2.7229713928900085e-09,0.1707570174557439
3,3.22047170937915,2.7229713928900085e-09,0.1707570174557439
4,3.22047170937915,2.7229713928900085e-09,0.1707570174557439
5,3.22047170937915,2.7229713928900085e-09,0.1707570174557439
