,beta,tau,length
0,7.703865897485018,5.741709951331013,1.7931783753106778
1,7.703865897485018,5.741709951331013,1.7931783753106778
2,7.703865897485018,5.741709951331013,1.7931783753106778
3,7.703865897485018,5.741709951331013,1.7931783753106778
4,7.703865897485018,5.741709951331013,1.7931783753106778
5,7.703865897485018,5.741709951331013,1.7931783753106778
6,7.703865897485018,5.741709951331013,1.7931783753106778
7,7.703865897485018,5.741709951331013,1.7931783753106778
8,7.703865897485018,5.741709951331013,1.7931783753106778
9,7.703865897485018,5.741709951331013,1.7931783753106778
10,7.703865897485018,5.741709951331013,1.7931783753106778
