,tau,length
0,4.5325232629234956e-06,0.2064740558365098
1,4.5325232629234956e-06,0.2064740558365098
2,4.5325232629234956e-06,0.2064740558365098
3,4.5325232629234956e-06,0.2064740558365098
4,4.5325232629234956e-06,0.2064740558365098
5,4.5325232629234956e-06,0.2064740558365098
