,tau,length
0,0.595627035357117,1.1064462011994403
1,0.595627035357117,1.1064462011994403
2,0.595627035357117,1.1064462011994403
3,0.595627035357117,1.1064462011994403
4,0.595627035357117,1.1064462011994403
5,0.595627035357117,1.1064462011994403
