,beta,tau,length
0,1.3966404604225335,2.9703336332735155,1.3951751785755224
1,1.3966404604225335,2.9703336332735155,1.3951751785755224
2,1.3966404604225335,2.9703336332735155,1.3951751785755224
3,1.3966404604225335,2.9703336332735155,1.3951751785755224
4,1.3966404604225335,2.9703336332735155,1.3951751785755224
5,1.3966404604225335,2.9703336332735155,1.3951751785755224
