,beta,tau,length
0,1.013584395668814,5.226880800501901e-06,0.20229240214597222
1,1.013584395668814,5.226880800501901e-06,0.20229240214597222
2,1.013584395668814,5.226880800501901e-06,0.20229240214597222
3,1.013584395668814,5.226880800501901e-06,0.20229240214597222
4,1.013584395668814,5.226880800501901e-06,0.20229240214597222
5,1.013584395668814,5.226880800501901e-06,0.20229240214597222
