,beta,tau,length
0,7.57955186066976,0.6363323797320315,0.967568874364051
1,7.57955186066976,0.6363323797320315,0.967568874364051
2,7.57955186066976,0.6363323797320315,0.967568874364051
3,7.57955186066976,0.6363323797320315,0.967568874364051
4,7.57955186066976,0.6363323797320315,0.967568874364051
5,7.57955186066976,0.6363323797320315,0.967568874364051
6,7.57955186066976,0.6363323797320315,0.967568874364051
7,7.57955186066976,0.6363323797320315,0.967568874364051
8,7.57955186066976,0.6363323797320315,0.967568874364051
9,7.57955186066976,0.6363323797320315,0.967568874364051
10,7.57955186066976,0.6363323797320315,0.967568874364051
