,beta,tau,length
0,4.658878616619298,0.07262789244516353,1.5205136746497954
1,4.658878616619298,0.07262789244516353,1.5205136746497954
2,4.658878616619298,0.07262789244516353,1.5205136746497954
3,4.658878616619298,0.07262789244516353,1.5205136746497954
4,4.658878616619298,0.07262789244516353,1.5205136746497954
5,4.658878616619298,0.07262789244516353,1.5205136746497954
6,4.658878616619298,0.07262789244516353,1.5205136746497954
7,4.658878616619298,0.07262789244516353,1.5205136746497954
8,4.658878616619298,0.07262789244516353,1.5205136746497954
9,4.658878616619298,0.07262789244516353,1.5205136746497954
10,4.658878616619298,0.07262789244516353,1.5205136746497954
