,tau,length
0,0.43977323366978693,1.1381917989738737
1,0.43977323366978693,1.1381917989738737
2,0.43977323366978693,1.1381917989738737
3,0.43977323366978693,1.1381917989738737
4,0.43977323366978693,1.1381917989738737
5,0.43977323366978693,1.1381917989738737
6,0.43977323366978693,1.1381917989738737
7,0.43977323366978693,1.1381917989738737
8,0.43977323366978693,1.1381917989738737
9,0.43977323366978693,1.1381917989738737
10,0.43977323366978693,1.1381917989738737
