,tau,length
0,9.999999999954754,9.706202233810654
1,9.999999999954754,9.706202233810654
2,9.999999999954754,9.706202233810654
3,9.999999999954754,9.706202233810654
4,9.999999999954754,9.706202233810654
5,9.999999999954754,9.706202233810654
6,9.999999999954754,9.706202233810654
7,9.999999999954754,9.706202233810654
8,9.999999999954754,9.706202233810654
9,9.999999999954754,9.706202233810654
10,9.999999999954754,9.706202233810654
