,tau,length
0,1.2584246164090351,0.8966750147932746
1,1.2584246164090351,0.8966750147932746
2,1.2584246164090351,0.8966750147932746
3,1.2584246164090351,0.8966750147932746
4,1.2584246164090351,0.8966750147932746
5,1.2584246164090351,0.8966750147932746
