,beta,tau,length
0,0.6197556225735197,3.683291342048153e-05,0.21661550355431947
1,0.6197556225735197,3.683291342048153e-05,0.21661550355431947
2,0.6197556225735197,3.683291342048153e-05,0.21661550355431947
3,0.6197556225735197,3.683291342048153e-05,0.21661550355431947
4,0.6197556225735197,3.683291342048153e-05,0.21661550355431947
5,0.6197556225735197,3.683291342048153e-05,0.21661550355431947
