,beta,tau,length
0,1.5943260411171911,0.18618848386370135,0.5572505008023461
1,1.5943260411171911,0.18618848386370135,0.5572505008023461
2,1.5943260411171911,0.18618848386370135,0.5572505008023461
3,1.5943260411171911,0.18618848386370135,0.5572505008023461
4,1.5943260411171911,0.18618848386370135,0.5572505008023461
5,1.5943260411171911,0.18618848386370135,0.5572505008023461
