,tau,length
0,9.999999999594385,0.9203391579731736
1,9.999999999594385,0.9203391579731736
2,9.999999999594385,0.9203391579731736
3,9.999999999594385,0.9203391579731736
4,9.999999999594385,0.9203391579731736
5,9.999999999594385,0.9203391579731736
6,9.999999999594385,0.9203391579731736
7,9.999999999594385,0.9203391579731736
8,9.999999999594385,0.9203391579731736
9,9.999999999594385,0.9203391579731736
10,9.999999999594385,0.9203391579731736
