,beta,tau,length
0,5.418589259751919,0.039564254706353594,1.312393397782422
1,5.418589259751919,0.039564254706353594,1.312393397782422
2,5.418589259751919,0.039564254706353594,1.312393397782422
3,5.418589259751919,0.039564254706353594,1.312393397782422
4,5.418589259751919,0.039564254706353594,1.312393397782422
5,5.418589259751919,0.039564254706353594,1.312393397782422
