,beta,tau,length
0,7.0161780452172495,0.0989004528158872,1.5425069460128
1,7.0161780452172495,0.0989004528158872,1.5425069460128
2,7.0161780452172495,0.0989004528158872,1.5425069460128
3,7.0161780452172495,0.0989004528158872,1.5425069460128
4,7.0161780452172495,0.0989004528158872,1.5425069460128
5,7.0161780452172495,0.0989004528158872,1.5425069460128
