,beta,tau,length
0,9.999999999993511,6.185979843644268,0.06575059414282335
1,9.999999999993511,6.185979843644268,0.06575059414282335
2,9.999999999993511,6.185979843644268,0.06575059414282335
3,9.999999999993511,6.185979843644268,0.06575059414282335
4,9.999999999993511,6.185979843644268,0.06575059414282335
5,9.999999999993511,6.185979843644268,0.06575059414282335
