,beta,tau,length
0,5.743540902873403,1.211752305172194,1.0159915921735125
1,5.743540902873403,1.211752305172194,1.0159915921735125
2,5.743540902873403,1.211752305172194,1.0159915921735125
3,5.743540902873403,1.211752305172194,1.0159915921735125
4,5.743540902873403,1.211752305172194,1.0159915921735125
5,5.743540902873403,1.211752305172194,1.0159915921735125
