,beta,tau,length
0,0.0004718130361515028,6.107616563733361,1.4257462887853156
1,0.0004718130361515028,6.107616563733361,1.4257462887853156
2,0.0004718130361515028,6.107616563733361,1.4257462887853156
3,0.0004718130361515028,6.107616563733361,1.4257462887853156
4,0.0004718130361515028,6.107616563733361,1.4257462887853156
5,0.0004718130361515028,6.107616563733361,1.4257462887853156
