,beta,tau,length
0,1.5605067281650031,1.154112603447048,1.6453626119453713
1,1.5605067281650031,1.154112603447048,1.6453626119453713
2,1.5605067281650031,1.154112603447048,1.6453626119453713
3,1.5605067281650031,1.154112603447048,1.6453626119453713
4,1.5605067281650031,1.154112603447048,1.6453626119453713
5,1.5605067281650031,1.154112603447048,1.6453626119453713
