,beta,tau,length
0,2.2682660813411637,1.8975629201933933e-05,0.19767120863312737
1,2.2682660813411637,1.8975629201933933e-05,0.19767120863312737
2,2.2682660813411637,1.8975629201933933e-05,0.19767120863312737
3,2.2682660813411637,1.8975629201933933e-05,0.19767120863312737
4,2.2682660813411637,1.8975629201933933e-05,0.19767120863312737
5,2.2682660813411637,1.8975629201933933e-05,0.19767120863312737
