,beta,tau,length
0,7.765483512502733,2.6196731214057345,0.006153829391426602
1,7.765483512502733,2.6196731214057345,0.006153829391426602
2,7.765483512502733,2.6196731214057345,0.006153829391426602
3,7.765483512502733,2.6196731214057345,0.006153829391426602
4,7.765483512502733,2.6196731214057345,0.006153829391426602
5,7.765483512502733,2.6196731214057345,0.006153829391426602
6,7.765483512502733,2.6196731214057345,0.006153829391426602
7,7.765483512502733,2.6196731214057345,0.006153829391426602
8,7.765483512502733,2.6196731214057345,0.006153829391426602
9,7.765483512502733,2.6196731214057345,0.006153829391426602
10,7.765483512502733,2.6196731214057345,0.006153829391426602
