,tau,length
0,2.2052676380447077e-06,0.2052915502729159
1,2.2052676380447077e-06,0.2052915502729159
2,2.2052676380447077e-06,0.2052915502729159
3,2.2052676380447077e-06,0.2052915502729159
4,2.2052676380447077e-06,0.2052915502729159
5,2.2052676380447077e-06,0.2052915502729159
