,tau,length
0,0.0001249536360099391,0.016483537372958924
1,0.0001249536360099391,0.016483537372958924
2,0.0001249536360099391,0.016483537372958924
3,0.0001249536360099391,0.016483537372958924
4,0.0001249536360099391,0.016483537372958924
5,0.0001249536360099391,0.016483537372958924
