,beta,tau,length
0,8.314217544214994,2.6128462985121494,0.033152739026599085
1,8.314217544214994,2.6128462985121494,0.033152739026599085
2,8.314217544214994,2.6128462985121494,0.033152739026599085
3,8.314217544214994,2.6128462985121494,0.033152739026599085
4,8.314217544214994,2.6128462985121494,0.033152739026599085
5,8.314217544214994,2.6128462985121494,0.033152739026599085
