,tau,length
0,9.999999998811687,0.9689210666442201
1,9.999999998811687,0.9689210666442201
2,9.999999998811687,0.9689210666442201
3,9.999999998811687,0.9689210666442201
4,9.999999998811687,0.9689210666442201
5,9.999999998811687,0.9689210666442201
6,9.999999998811687,0.9689210666442201
7,9.999999998811687,0.9689210666442201
8,9.999999998811687,0.9689210666442201
9,9.999999998811687,0.9689210666442201
10,9.999999998811687,0.9689210666442201
