,tau,length
0,1.5877752869253384e-05,0.2194612377490891
1,1.5877752869253384e-05,0.2194612377490891
2,1.5877752869253384e-05,0.2194612377490891
3,1.5877752869253384e-05,0.2194612377490891
4,1.5877752869253384e-05,0.2194612377490891
5,1.5877752869253384e-05,0.2194612377490891
