,tau,length
0,0.1252793258977204,0.7102253310127883
1,0.1252793258977204,0.7102253310127883
2,0.1252793258977204,0.7102253310127883
3,0.1252793258977204,0.7102253310127883
4,0.1252793258977204,0.7102253310127883
5,0.1252793258977204,0.7102253310127883
