,beta,tau,length
0,6.700135402358292,0.9507738944572115,1.0699535911689377
1,6.700135402358292,0.9507738944572115,1.0699535911689377
2,6.700135402358292,0.9507738944572115,1.0699535911689377
3,6.700135402358292,0.9507738944572115,1.0699535911689377
4,6.700135402358292,0.9507738944572115,1.0699535911689377
5,6.700135402358292,0.9507738944572115,1.0699535911689377
