,tau,length
0,0.5708806282083579,0.9058194384583874
1,0.5708806282083579,0.9058194384583874
2,0.5708806282083579,0.9058194384583874
3,0.5708806282083579,0.9058194384583874
4,0.5708806282083579,0.9058194384583874
5,0.5708806282083579,0.9058194384583874
