,tau,length
0,1.7898631891094112,0.9236829899986588
1,1.7898631891094112,0.9236829899986588
2,1.7898631891094112,0.9236829899986588
3,1.7898631891094112,0.9236829899986588
4,1.7898631891094112,0.9236829899986588
5,1.7898631891094112,0.9236829899986588
