,beta,tau,length
0,8.7259584062956,0.06350965122771289,1.0024018049052823
1,8.7259584062956,0.06350965122771289,1.0024018049052823
2,8.7259584062956,0.06350965122771289,1.0024018049052823
3,8.7259584062956,0.06350965122771289,1.0024018049052823
4,8.7259584062956,0.06350965122771289,1.0024018049052823
5,8.7259584062956,0.06350965122771289,1.0024018049052823
6,8.7259584062956,0.06350965122771289,1.0024018049052823
7,8.7259584062956,0.06350965122771289,1.0024018049052823
8,8.7259584062956,0.06350965122771289,1.0024018049052823
9,8.7259584062956,0.06350965122771289,1.0024018049052823
10,8.7259584062956,0.06350965122771289,1.0024018049052823
