,beta,tau,length
0,1e-16,7.378902500205804,0.12143291147473766
1,1e-16,7.378902500205804,0.12143291147473766
2,1e-16,7.378902500205804,0.12143291147473766
3,1e-16,7.378902500205804,0.12143291147473766
4,1e-16,7.378902500205804,0.12143291147473766
5,1e-16,7.378902500205804,0.12143291147473766
