,beta,tau,length
0,4.460873457855562,2.055372790846785,0.09861069275726729
1,4.460873457855562,2.055372790846785,0.09861069275726729
2,4.460873457855562,2.055372790846785,0.09861069275726729
3,4.460873457855562,2.055372790846785,0.09861069275726729
4,4.460873457855562,2.055372790846785,0.09861069275726729
5,4.460873457855562,2.055372790846785,0.09861069275726729
6,4.460873457855562,2.055372790846785,0.09861069275726729
7,4.460873457855562,2.055372790846785,0.09861069275726729
8,4.460873457855562,2.055372790846785,0.09861069275726729
9,4.460873457855562,2.055372790846785,0.09861069275726729
10,4.460873457855562,2.055372790846785,0.09861069275726729
