,tau,length
0,9.999999995017557,1.6525652089730554
1,9.999999995017557,1.6525652089730554
2,9.999999995017557,1.6525652089730554
3,9.999999995017557,1.6525652089730554
4,9.999999995017557,1.6525652089730554
5,9.999999995017557,1.6525652089730554
6,9.999999995017557,1.6525652089730554
7,9.999999995017557,1.6525652089730554
8,9.999999995017557,1.6525652089730554
9,9.999999995017557,1.6525652089730554
10,9.999999995017557,1.6525652089730554
