,tau,length
0,8.568236010386616e-10,0.16930324511148853
1,8.568236010386616e-10,0.16930324511148853
2,8.568236010386616e-10,0.16930324511148853
3,8.568236010386616e-10,0.16930324511148853
4,8.568236010386616e-10,0.16930324511148853
5,8.568236010386616e-10,0.16930324511148853
