,beta,tau,length
0,9.99999999995737,0.0021640156104009048,9.999999999398208
1,9.99999999995737,0.0021640156104009048,9.999999999398208
2,9.99999999995737,0.0021640156104009048,9.999999999398208
3,9.99999999995737,0.0021640156104009048,9.999999999398208
4,9.99999999995737,0.0021640156104009048,9.999999999398208
5,9.99999999995737,0.0021640156104009048,9.999999999398208
