,beta,tau,length
0,2.8755575615628914e-15,0.06389498409525639,1.429213354810543
1,2.8755575615628914e-15,0.06389498409525639,1.429213354810543
2,2.8755575615628914e-15,0.06389498409525639,1.429213354810543
3,2.8755575615628914e-15,0.06389498409525639,1.429213354810543
4,2.8755575615628914e-15,0.06389498409525639,1.429213354810543
5,2.8755575615628914e-15,0.06389498409525639,1.429213354810543
