,tau,length
0,0.19512891405285349,1.045943260528777
1,0.19512891405285349,1.045943260528777
2,0.19512891405285349,1.045943260528777
3,0.19512891405285349,1.045943260528777
4,0.19512891405285349,1.045943260528777
5,0.19512891405285349,1.045943260528777
6,0.19512891405285349,1.045943260528777
7,0.19512891405285349,1.045943260528777
8,0.19512891405285349,1.045943260528777
9,0.19512891405285349,1.045943260528777
10,0.19512891405285349,1.045943260528777
