,beta,tau,length
0,3.162737305571789,0.9960393450425943,0.0024332168393932266
1,3.162737305571789,0.9960393450425943,0.0024332168393932266
2,3.162737305571789,0.9960393450425943,0.0024332168393932266
3,3.162737305571789,0.9960393450425943,0.0024332168393932266
4,3.162737305571789,0.9960393450425943,0.0024332168393932266
5,3.162737305571789,0.9960393450425943,0.0024332168393932266
6,3.162737305571789,0.9960393450425943,0.0024332168393932266
7,3.162737305571789,0.9960393450425943,0.0024332168393932266
8,3.162737305571789,0.9960393450425943,0.0024332168393932266
9,3.162737305571789,0.9960393450425943,0.0024332168393932266
10,3.162737305571789,0.9960393450425943,0.0024332168393932266
