,beta,tau,length
0,9.999999999995836,0.04878207687906487,1.116241073417934
1,9.999999999995836,0.04878207687906487,1.116241073417934
2,9.999999999995836,0.04878207687906487,1.116241073417934
3,9.999999999995836,0.04878207687906487,1.116241073417934
4,9.999999999995836,0.04878207687906487,1.116241073417934
5,9.999999999995836,0.04878207687906487,1.116241073417934
