,beta,tau,length
0,8.504909999537219,0.2859163154450668,0.006735464944858205
1,8.504909999537219,0.2859163154450668,0.006735464944858205
2,8.504909999537219,0.2859163154450668,0.006735464944858205
3,8.504909999537219,0.2859163154450668,0.006735464944858205
4,8.504909999537219,0.2859163154450668,0.006735464944858205
5,8.504909999537219,0.2859163154450668,0.006735464944858205
6,8.504909999537219,0.2859163154450668,0.006735464944858205
7,8.504909999537219,0.2859163154450668,0.006735464944858205
8,8.504909999537219,0.2859163154450668,0.006735464944858205
9,8.504909999537219,0.2859163154450668,0.006735464944858205
10,8.504909999537219,0.2859163154450668,0.006735464944858205
