,beta,tau,length
0,9.999999999999838,0.00925279470719308,0.9512563884546278
1,9.999999999999838,0.00925279470719308,0.9512563884546278
2,9.999999999999838,0.00925279470719308,0.9512563884546278
3,9.999999999999838,0.00925279470719308,0.9512563884546278
4,9.999999999999838,0.00925279470719308,0.9512563884546278
5,9.999999999999838,0.00925279470719308,0.9512563884546278
6,9.999999999999838,0.00925279470719308,0.9512563884546278
7,9.999999999999838,0.00925279470719308,0.9512563884546278
8,9.999999999999838,0.00925279470719308,0.9512563884546278
9,9.999999999999838,0.00925279470719308,0.9512563884546278
10,9.999999999999838,0.00925279470719308,0.9512563884546278
