,beta,tau,length
0,9.99999999999977,1.8732225290657178,1.3306922748685157
1,9.99999999999977,1.8732225290657178,1.3306922748685157
2,9.99999999999977,1.8732225290657178,1.3306922748685157
3,9.99999999999977,1.8732225290657178,1.3306922748685157
4,9.99999999999977,1.8732225290657178,1.3306922748685157
5,9.99999999999977,1.8732225290657178,1.3306922748685157
