,tau,length
0,9.999999999809546,0.9194423806457631
1,9.999999999809546,0.9194423806457631
2,9.999999999809546,0.9194423806457631
3,9.999999999809546,0.9194423806457631
4,9.999999999809546,0.9194423806457631
5,9.999999999809546,0.9194423806457631
6,9.999999999809546,0.9194423806457631
7,9.999999999809546,0.9194423806457631
8,9.999999999809546,0.9194423806457631
9,9.999999999809546,0.9194423806457631
10,9.999999999809546,0.9194423806457631
