,tau,length
0,1.0002640330522516,0.9671916544501448
1,1.0002640330522516,0.9671916544501448
2,1.0002640330522516,0.9671916544501448
3,1.0002640330522516,0.9671916544501448
4,1.0002640330522516,0.9671916544501448
5,1.0002640330522516,0.9671916544501448
