,beta,tau,length
0,9.999999999998366,1.9450698939655924,0.18667193871385057
1,9.999999999998366,1.9450698939655924,0.18667193871385057
2,9.999999999998366,1.9450698939655924,0.18667193871385057
3,9.999999999998366,1.9450698939655924,0.18667193871385057
4,9.999999999998366,1.9450698939655924,0.18667193871385057
5,9.999999999998366,1.9450698939655924,0.18667193871385057
