,tau,length
0,0.1624857344803261,0.7364709487551164
1,0.1624857344803261,0.7364709487551164
2,0.1624857344803261,0.7364709487551164
3,0.1624857344803261,0.7364709487551164
4,0.1624857344803261,0.7364709487551164
5,0.1624857344803261,0.7364709487551164
