,beta,tau,length
0,9.999999999999874,2.1812711520652255,1.3564388120145565
1,9.999999999999874,2.1812711520652255,1.3564388120145565
2,9.999999999999874,2.1812711520652255,1.3564388120145565
3,9.999999999999874,2.1812711520652255,1.3564388120145565
4,9.999999999999874,2.1812711520652255,1.3564388120145565
5,9.999999999999874,2.1812711520652255,1.3564388120145565
6,9.999999999999874,2.1812711520652255,1.3564388120145565
7,9.999999999999874,2.1812711520652255,1.3564388120145565
8,9.999999999999874,2.1812711520652255,1.3564388120145565
9,9.999999999999874,2.1812711520652255,1.3564388120145565
10,9.999999999999874,2.1812711520652255,1.3564388120145565
