,tau,length
0,0.23837766575877395,1.0688474871375937
1,0.23837766575877395,1.0688474871375937
2,0.23837766575877395,1.0688474871375937
3,0.23837766575877395,1.0688474871375937
4,0.23837766575877395,1.0688474871375937
5,0.23837766575877395,1.0688474871375937
6,0.23837766575877395,1.0688474871375937
7,0.23837766575877395,1.0688474871375937
8,0.23837766575877395,1.0688474871375937
9,0.23837766575877395,1.0688474871375937
10,0.23837766575877395,1.0688474871375937
