,tau,length
0,0.004111461935360039,0.044605700321071015
1,0.004111461935360039,0.044605700321071015
2,0.004111461935360039,0.044605700321071015
3,0.004111461935360039,0.044605700321071015
4,0.004111461935360039,0.044605700321071015
5,0.004111461935360039,0.044605700321071015
