,beta,tau,length
0,1.5496760431243845e-09,1.2125334923871107,1.720404459890445
1,1.5496760431243845e-09,1.2125334923871107,1.720404459890445
2,1.5496760431243845e-09,1.2125334923871107,1.720404459890445
3,1.5496760431243845e-09,1.2125334923871107,1.720404459890445
4,1.5496760431243845e-09,1.2125334923871107,1.720404459890445
5,1.5496760431243845e-09,1.2125334923871107,1.720404459890445
