,beta,tau,length
0,9.999999999519563,6.700660298820105,9.999999999883974
1,9.999999999519563,6.700660298820105,9.999999999883974
2,9.999999999519563,6.700660298820105,9.999999999883974
3,9.999999999519563,6.700660298820105,9.999999999883974
4,9.999999999519563,6.700660298820105,9.999999999883974
5,9.999999999519563,6.700660298820105,9.999999999883974
