,tau,length
0,0.5310084060917665,1.2098447975399773
1,0.5310084060917665,1.2098447975399773
2,0.5310084060917665,1.2098447975399773
3,0.5310084060917665,1.2098447975399773
4,0.5310084060917665,1.2098447975399773
5,0.5310084060917665,1.2098447975399773
6,0.5310084060917665,1.2098447975399773
7,0.5310084060917665,1.2098447975399773
8,0.5310084060917665,1.2098447975399773
9,0.5310084060917665,1.2098447975399773
10,0.5310084060917665,1.2098447975399773
