,beta,tau,length
0,8.062357727709147,7.708566015728619e-11,0.16640480340997255
1,8.062357727709147,7.708566015728619e-11,0.16640480340997255
2,8.062357727709147,7.708566015728619e-11,0.16640480340997255
3,8.062357727709147,7.708566015728619e-11,0.16640480340997255
4,8.062357727709147,7.708566015728619e-11,0.16640480340997255
5,8.062357727709147,7.708566015728619e-11,0.16640480340997255
