,beta,tau,length
0,1.9236011236383703,3.806345128776118e-10,0.17482992544668963
1,1.9236011236383703,3.806345128776118e-10,0.17482992544668963
2,1.9236011236383703,3.806345128776118e-10,0.17482992544668963
3,1.9236011236383703,3.806345128776118e-10,0.17482992544668963
4,1.9236011236383703,3.806345128776118e-10,0.17482992544668963
5,1.9236011236383703,3.806345128776118e-10,0.17482992544668963
