,beta,tau,length
0,5.309735913956652,0.7456835457158774,1.3130137621403786
1,5.309735913956652,0.7456835457158774,1.3130137621403786
2,5.309735913956652,0.7456835457158774,1.3130137621403786
3,5.309735913956652,0.7456835457158774,1.3130137621403786
4,5.309735913956652,0.7456835457158774,1.3130137621403786
5,5.309735913956652,0.7456835457158774,1.3130137621403786
