,beta,tau,length
0,9.999999999999993,2.3404851605038415,1.1835921524432935
1,9.999999999999993,2.3404851605038415,1.1835921524432935
2,9.999999999999993,2.3404851605038415,1.1835921524432935
3,9.999999999999993,2.3404851605038415,1.1835921524432935
4,9.999999999999993,2.3404851605038415,1.1835921524432935
5,9.999999999999993,2.3404851605038415,1.1835921524432935
6,9.999999999999993,2.3404851605038415,1.1835921524432935
7,9.999999999999993,2.3404851605038415,1.1835921524432935
8,9.999999999999993,2.3404851605038415,1.1835921524432935
9,9.999999999999993,2.3404851605038415,1.1835921524432935
10,9.999999999999993,2.3404851605038415,1.1835921524432935
