,tau,length
0,2.166041661264974,1.0127022519912705
1,2.166041661264974,1.0127022519912705
2,2.166041661264974,1.0127022519912705
3,2.166041661264974,1.0127022519912705
4,2.166041661264974,1.0127022519912705
5,2.166041661264974,1.0127022519912705
6,2.166041661264974,1.0127022519912705
7,2.166041661264974,1.0127022519912705
8,2.166041661264974,1.0127022519912705
9,2.166041661264974,1.0127022519912705
10,2.166041661264974,1.0127022519912705
