,beta,tau,length
0,2.325186121223636,0.41577317807651903,1.3911811926985695
1,2.325186121223636,0.41577317807651903,1.3911811926985695
2,2.325186121223636,0.41577317807651903,1.3911811926985695
3,2.325186121223636,0.41577317807651903,1.3911811926985695
4,2.325186121223636,0.41577317807651903,1.3911811926985695
5,2.325186121223636,0.41577317807651903,1.3911811926985695
