,tau,length
0,5.271076954385294,1.2218336326858354
1,5.271076954385294,1.2218336326858354
2,5.271076954385294,1.2218336326858354
3,5.271076954385294,1.2218336326858354
4,5.271076954385294,1.2218336326858354
5,5.271076954385294,1.2218336326858354
6,5.271076954385294,1.2218336326858354
7,5.271076954385294,1.2218336326858354
8,5.271076954385294,1.2218336326858354
9,5.271076954385294,1.2218336326858354
10,5.271076954385294,1.2218336326858354
