,beta,tau,length
0,0.962605334438147,0.8369710479543753,0.6975901880776659
1,0.962605334438147,0.8369710479543753,0.6975901880776659
2,0.962605334438147,0.8369710479543753,0.6975901880776659
3,0.962605334438147,0.8369710479543753,0.6975901880776659
4,0.962605334438147,0.8369710479543753,0.6975901880776659
5,0.962605334438147,0.8369710479543753,0.6975901880776659
