,beta,tau,length
0,9.999999999997327,0.0017400727538359085,1.5932564972702883
1,9.999999999997327,0.0017400727538359085,1.5932564972702883
2,9.999999999997327,0.0017400727538359085,1.5932564972702883
3,9.999999999997327,0.0017400727538359085,1.5932564972702883
4,9.999999999997327,0.0017400727538359085,1.5932564972702883
5,9.999999999997327,0.0017400727538359085,1.5932564972702883
6,9.999999999997327,0.0017400727538359085,1.5932564972702883
7,9.999999999997327,0.0017400727538359085,1.5932564972702883
8,9.999999999997327,0.0017400727538359085,1.5932564972702883
9,9.999999999997327,0.0017400727538359085,1.5932564972702883
10,9.999999999997327,0.0017400727538359085,1.5932564972702883
