,beta,tau,length
0,1.0885510001798748,1.4508503753849344,0.6932061179800998
1,1.0885510001798748,1.4508503753849344,0.6932061179800998
2,1.0885510001798748,1.4508503753849344,0.6932061179800998
3,1.0885510001798748,1.4508503753849344,0.6932061179800998
4,1.0885510001798748,1.4508503753849344,0.6932061179800998
5,1.0885510001798748,1.4508503753849344,0.6932061179800998
