,tau,length
0,4.054640957118411e-10,0.16698269010411282
1,4.054640957118411e-10,0.16698269010411282
2,4.054640957118411e-10,0.16698269010411282
3,4.054640957118411e-10,0.16698269010411282
4,4.054640957118411e-10,0.16698269010411282
5,4.054640957118411e-10,0.16698269010411282
