,beta,tau,length
0,2.897716397151493,2.518636473593028,0.639769224423989
1,2.897716397151493,2.518636473593028,0.639769224423989
2,2.897716397151493,2.518636473593028,0.639769224423989
3,2.897716397151493,2.518636473593028,0.639769224423989
4,2.897716397151493,2.518636473593028,0.639769224423989
5,2.897716397151493,2.518636473593028,0.639769224423989
