,beta,tau,length
0,0.0019529214942166529,0.9481063229177729,0.06104088986146848
1,0.0019529214942166529,0.9481063229177729,0.06104088986146848
2,0.0019529214942166529,0.9481063229177729,0.06104088986146848
3,0.0019529214942166529,0.9481063229177729,0.06104088986146848
4,0.0019529214942166529,0.9481063229177729,0.06104088986146848
5,0.0019529214942166529,0.9481063229177729,0.06104088986146848
