,beta,tau,length
0,9.999999999992648,0.010864567539005766,0.006563507590548012
1,9.999999999992648,0.010864567539005766,0.006563507590548012
2,9.999999999992648,0.010864567539005766,0.006563507590548012
3,9.999999999992648,0.010864567539005766,0.006563507590548012
4,9.999999999992648,0.010864567539005766,0.006563507590548012
5,9.999999999992648,0.010864567539005766,0.006563507590548012
