,beta,tau,length
0,0.016957428922042096,1.0357452702649006,0.056296195824643944
1,0.016957428922042096,1.0357452702649006,0.056296195824643944
2,0.016957428922042096,1.0357452702649006,0.056296195824643944
3,0.016957428922042096,1.0357452702649006,0.056296195824643944
4,0.016957428922042096,1.0357452702649006,0.056296195824643944
5,0.016957428922042096,1.0357452702649006,0.056296195824643944
