,beta,tau,length
0,0.028566871650013804,1.5016051433411355,0.07586872681257749
1,0.028566871650013804,1.5016051433411355,0.07586872681257749
2,0.028566871650013804,1.5016051433411355,0.07586872681257749
3,0.028566871650013804,1.5016051433411355,0.07586872681257749
4,0.028566871650013804,1.5016051433411355,0.07586872681257749
5,0.028566871650013804,1.5016051433411355,0.07586872681257749
