,beta,tau,length
0,9.65952657459913,1.783885560199413,0.9136500046143277
1,9.65952657459913,1.783885560199413,0.9136500046143277
2,9.65952657459913,1.783885560199413,0.9136500046143277
3,9.65952657459913,1.783885560199413,0.9136500046143277
4,9.65952657459913,1.783885560199413,0.9136500046143277
5,9.65952657459913,1.783885560199413,0.9136500046143277
