,beta,tau,length
0,10.0,0.1197649921524425,0.11845298713967399
1,10.0,0.1197649921524425,0.11845298713967399
2,10.0,0.1197649921524425,0.11845298713967399
3,10.0,0.1197649921524425,0.11845298713967399
4,10.0,0.1197649921524425,0.11845298713967399
5,10.0,0.1197649921524425,0.11845298713967399
