,beta,tau,length
0,1.5894110419188694,1.2800461813944422e-05,0.1861857244273314
1,1.5894110419188694,1.2800461813944422e-05,0.1861857244273314
2,1.5894110419188694,1.2800461813944422e-05,0.1861857244273314
3,1.5894110419188694,1.2800461813944422e-05,0.1861857244273314
4,1.5894110419188694,1.2800461813944422e-05,0.1861857244273314
5,1.5894110419188694,1.2800461813944422e-05,0.1861857244273314
