,tau,length
0,9.99999999901178,1.0387635289156616
1,9.99999999901178,1.0387635289156616
2,9.99999999901178,1.0387635289156616
3,9.99999999901178,1.0387635289156616
4,9.99999999901178,1.0387635289156616
5,9.99999999901178,1.0387635289156616
6,9.99999999901178,1.0387635289156616
7,9.99999999901178,1.0387635289156616
8,9.99999999901178,1.0387635289156616
9,9.99999999901178,1.0387635289156616
10,9.99999999901178,1.0387635289156616
