,tau,length
0,0.3862549695567542,0.7831385600114017
1,0.3862549695567542,0.7831385600114017
2,0.3862549695567542,0.7831385600114017
3,0.3862549695567542,0.7831385600114017
4,0.3862549695567542,0.7831385600114017
5,0.3862549695567542,0.7831385600114017
6,0.3862549695567542,0.7831385600114017
7,0.3862549695567542,0.7831385600114017
8,0.3862549695567542,0.7831385600114017
9,0.3862549695567542,0.7831385600114017
10,0.3862549695567542,0.7831385600114017
