,beta,tau,length
0,7.676280756449028,0.9090126561890356,1.3365450615139012
1,7.676280756449028,0.9090126561890356,1.3365450615139012
2,7.676280756449028,0.9090126561890356,1.3365450615139012
3,7.676280756449028,0.9090126561890356,1.3365450615139012
4,7.676280756449028,0.9090126561890356,1.3365450615139012
5,7.676280756449028,0.9090126561890356,1.3365450615139012
