,tau,length
0,9.999999999999996,0.11655933974026154
1,9.999999999999996,0.11655933974026154
2,9.999999999999996,0.11655933974026154
3,9.999999999999996,0.11655933974026154
4,9.999999999999996,0.11655933974026154
5,9.999999999999996,0.11655933974026154
6,9.999999999999996,0.11655933974026154
7,9.999999999999996,0.11655933974026154
8,9.999999999999996,0.11655933974026154
9,9.999999999999996,0.11655933974026154
10,9.999999999999996,0.11655933974026154
