,beta,tau,length
0,9.99999999999913,0.022667684032734548,0.1926659585358249
1,9.99999999999913,0.022667684032734548,0.1926659585358249
2,9.99999999999913,0.022667684032734548,0.1926659585358249
3,9.99999999999913,0.022667684032734548,0.1926659585358249
4,9.99999999999913,0.022667684032734548,0.1926659585358249
5,9.99999999999913,0.022667684032734548,0.1926659585358249
