,beta,tau,length
0,9.999999999999996,0.08872735681445874,0.12041855007955969
1,9.999999999999996,0.08872735681445874,0.12041855007955969
2,9.999999999999996,0.08872735681445874,0.12041855007955969
3,9.999999999999996,0.08872735681445874,0.12041855007955969
4,9.999999999999996,0.08872735681445874,0.12041855007955969
5,9.999999999999996,0.08872735681445874,0.12041855007955969
6,9.999999999999996,0.08872735681445874,0.12041855007955969
7,9.999999999999996,0.08872735681445874,0.12041855007955969
8,9.999999999999996,0.08872735681445874,0.12041855007955969
9,9.999999999999996,0.08872735681445874,0.12041855007955969
10,9.999999999999996,0.08872735681445874,0.12041855007955969
