,tau,length
0,7.468515883647466,0.9058194991133351
1,7.468515883647466,0.9058194991133351
2,7.468515883647466,0.9058194991133351
3,7.468515883647466,0.9058194991133351
4,7.468515883647466,0.9058194991133351
5,7.468515883647466,0.9058194991133351
6,7.468515883647466,0.9058194991133351
7,7.468515883647466,0.9058194991133351
8,7.468515883647466,0.9058194991133351
9,7.468515883647466,0.9058194991133351
10,7.468515883647466,0.9058194991133351
