,tau,length
0,9.888724119655548e-06,0.2223287605649994
1,9.888724119655548e-06,0.2223287605649994
2,9.888724119655548e-06,0.2223287605649994
3,9.888724119655548e-06,0.2223287605649994
4,9.888724119655548e-06,0.2223287605649994
5,9.888724119655548e-06,0.2223287605649994
6,9.888724119655548e-06,0.2223287605649994
7,9.888724119655548e-06,0.2223287605649994
8,9.888724119655548e-06,0.2223287605649994
9,9.888724119655548e-06,0.2223287605649994
10,9.888724119655548e-06,0.2223287605649994
