,beta,tau,length
0,9.999999998310095,1.091164400765996,9.999999997224208
1,9.999999998310095,1.091164400765996,9.999999997224208
2,9.999999998310095,1.091164400765996,9.999999997224208
3,9.999999998310095,1.091164400765996,9.999999997224208
4,9.999999998310095,1.091164400765996,9.999999997224208
5,9.999999998310095,1.091164400765996,9.999999997224208
