,beta,tau,length
0,8.704326497294481,9.911876426541745,1.6051605234323074
1,8.704326497294481,9.911876426541745,1.6051605234323074
2,8.704326497294481,9.911876426541745,1.6051605234323074
3,8.704326497294481,9.911876426541745,1.6051605234323074
4,8.704326497294481,9.911876426541745,1.6051605234323074
5,8.704326497294481,9.911876426541745,1.6051605234323074
6,8.704326497294481,9.911876426541745,1.6051605234323074
7,8.704326497294481,9.911876426541745,1.6051605234323074
8,8.704326497294481,9.911876426541745,1.6051605234323074
9,8.704326497294481,9.911876426541745,1.6051605234323074
10,8.704326497294481,9.911876426541745,1.6051605234323074
