,beta,tau,length
0,9.93979883209467,1.3118453718194227,0.000556771487981822
1,9.93979883209467,1.3118453718194227,0.000556771487981822
2,9.93979883209467,1.3118453718194227,0.000556771487981822
3,9.93979883209467,1.3118453718194227,0.000556771487981822
4,9.93979883209467,1.3118453718194227,0.000556771487981822
5,9.93979883209467,1.3118453718194227,0.000556771487981822
