,beta,tau,length
0,2.0072336068789447,0.3491155036371397,0.9557211459133198
1,2.0072336068789447,0.3491155036371397,0.9557211459133198
2,2.0072336068789447,0.3491155036371397,0.9557211459133198
3,2.0072336068789447,0.3491155036371397,0.9557211459133198
4,2.0072336068789447,0.3491155036371397,0.9557211459133198
5,2.0072336068789447,0.3491155036371397,0.9557211459133198
6,2.0072336068789447,0.3491155036371397,0.9557211459133198
7,2.0072336068789447,0.3491155036371397,0.9557211459133198
8,2.0072336068789447,0.3491155036371397,0.9557211459133198
9,2.0072336068789447,0.3491155036371397,0.9557211459133198
10,2.0072336068789447,0.3491155036371397,0.9557211459133198
