,tau,length
0,0.4222407106545718,1.1852160180834574
1,0.4222407106545718,1.1852160180834574
2,0.4222407106545718,1.1852160180834574
3,0.4222407106545718,1.1852160180834574
4,0.4222407106545718,1.1852160180834574
5,0.4222407106545718,1.1852160180834574
