,tau,length
0,9.999999999035028,0.47333906141428583
1,9.999999999035028,0.47333906141428583
2,9.999999999035028,0.47333906141428583
3,9.999999999035028,0.47333906141428583
4,9.999999999035028,0.47333906141428583
5,9.999999999035028,0.47333906141428583
6,9.999999999035028,0.47333906141428583
7,9.999999999035028,0.47333906141428583
8,9.999999999035028,0.47333906141428583
9,9.999999999035028,0.47333906141428583
10,9.999999999035028,0.47333906141428583
