,tau,length
0,6.795564910705958e-13,0.16223536486395862
1,6.795564910705958e-13,0.16223536486395862
2,6.795564910705958e-13,0.16223536486395862
3,6.795564910705958e-13,0.16223536486395862
4,6.795564910705958e-13,0.16223536486395862
5,6.795564910705958e-13,0.16223536486395862
