,beta,tau,length
0,9.999999999999964,0.018252283964722105,0.09740851698754559
1,9.999999999999964,0.018252283964722105,0.09740851698754559
2,9.999999999999964,0.018252283964722105,0.09740851698754559
3,9.999999999999964,0.018252283964722105,0.09740851698754559
4,9.999999999999964,0.018252283964722105,0.09740851698754559
5,9.999999999999964,0.018252283964722105,0.09740851698754559
