,beta,tau,length
0,0.01683197364798782,0.006537333225648634,0.03637964798724201
1,0.01683197364798782,0.006537333225648634,0.03637964798724201
2,0.01683197364798782,0.006537333225648634,0.03637964798724201
3,0.01683197364798782,0.006537333225648634,0.03637964798724201
4,0.01683197364798782,0.006537333225648634,0.03637964798724201
5,0.01683197364798782,0.006537333225648634,0.03637964798724201
