,beta,tau,length
0,6.268854062699822,0.0017095963116265823,1.4555494102400064
1,6.268854062699822,0.0017095963116265823,1.4555494102400064
2,6.268854062699822,0.0017095963116265823,1.4555494102400064
3,6.268854062699822,0.0017095963116265823,1.4555494102400064
4,6.268854062699822,0.0017095963116265823,1.4555494102400064
5,6.268854062699822,0.0017095963116265823,1.4555494102400064
