,tau,length
0,0.2755223727074142,1.0576061993283496
1,0.2755223727074142,1.0576061993283496
2,0.2755223727074142,1.0576061993283496
3,0.2755223727074142,1.0576061993283496
4,0.2755223727074142,1.0576061993283496
5,0.2755223727074142,1.0576061993283496
