,tau,length
0,9.99999999999945,0.9058194991636255
1,9.99999999999945,0.9058194991636255
2,9.99999999999945,0.9058194991636255
3,9.99999999999945,0.9058194991636255
4,9.99999999999945,0.9058194991636255
5,9.99999999999945,0.9058194991636255
6,9.99999999999945,0.9058194991636255
7,9.99999999999945,0.9058194991636255
8,9.99999999999945,0.9058194991636255
9,9.99999999999945,0.9058194991636255
10,9.99999999999945,0.9058194991636255
