,tau,length
0,0.7370898804452781,1.0434480022523973
1,0.7370898804452781,1.0434480022523973
2,0.7370898804452781,1.0434480022523973
3,0.7370898804452781,1.0434480022523973
4,0.7370898804452781,1.0434480022523973
5,0.7370898804452781,1.0434480022523973
