,beta,tau,length
0,9.99999999999933,1.3477505616944296,1.0591249144336627
1,9.99999999999933,1.3477505616944296,1.0591249144336627
2,9.99999999999933,1.3477505616944296,1.0591249144336627
3,9.99999999999933,1.3477505616944296,1.0591249144336627
4,9.99999999999933,1.3477505616944296,1.0591249144336627
5,9.99999999999933,1.3477505616944296,1.0591249144336627
