,beta,tau,length
0,9.999999999984215,1.7270389748816912,0.053621998357161846
1,9.999999999984215,1.7270389748816912,0.053621998357161846
2,9.999999999984215,1.7270389748816912,0.053621998357161846
3,9.999999999984215,1.7270389748816912,0.053621998357161846
4,9.999999999984215,1.7270389748816912,0.053621998357161846
5,9.999999999984215,1.7270389748816912,0.053621998357161846
