,tau,length
0,1.2262938211479901,0.9248612717625877
1,1.2262938211479901,0.9248612717625877
2,1.2262938211479901,0.9248612717625877
3,1.2262938211479901,0.9248612717625877
4,1.2262938211479901,0.9248612717625877
5,1.2262938211479901,0.9248612717625877
