,beta,tau,length
0,7.450414538222918,1.676206993552603,0.003651256564979433
1,7.450414538222918,1.676206993552603,0.003651256564979433
2,7.450414538222918,1.676206993552603,0.003651256564979433
3,7.450414538222918,1.676206993552603,0.003651256564979433
4,7.450414538222918,1.676206993552603,0.003651256564979433
5,7.450414538222918,1.676206993552603,0.003651256564979433
