,beta,tau,length
0,0.003841713888760412,1.1904813401694243,0.08060472014215124
1,0.003841713888760412,1.1904813401694243,0.08060472014215124
2,0.003841713888760412,1.1904813401694243,0.08060472014215124
3,0.003841713888760412,1.1904813401694243,0.08060472014215124
4,0.003841713888760412,1.1904813401694243,0.08060472014215124
5,0.003841713888760412,1.1904813401694243,0.08060472014215124
