,tau,length
0,0.7805790833828287,0.9154830730603726
1,0.7805790833828287,0.9154830730603726
2,0.7805790833828287,0.9154830730603726
3,0.7805790833828287,0.9154830730603726
4,0.7805790833828287,0.9154830730603726
5,0.7805790833828287,0.9154830730603726
