,tau,length
0,1.2184797695261093e-11,0.16292381060307126
1,1.2184797695261093e-11,0.16292381060307126
2,1.2184797695261093e-11,0.16292381060307126
3,1.2184797695261093e-11,0.16292381060307126
4,1.2184797695261093e-11,0.16292381060307126
5,1.2184797695261093e-11,0.16292381060307126
