,beta,tau,length
0,8.732464934531201,2.111555769495536,0.012304590731072696
1,8.732464934531201,2.111555769495536,0.012304590731072696
2,8.732464934531201,2.111555769495536,0.012304590731072696
3,8.732464934531201,2.111555769495536,0.012304590731072696
4,8.732464934531201,2.111555769495536,0.012304590731072696
5,8.732464934531201,2.111555769495536,0.012304590731072696
