,beta,tau,length
0,5.347774026284824,0.21150143650355901,1.6610384531810773
1,5.347774026284824,0.21150143650355901,1.6610384531810773
2,5.347774026284824,0.21150143650355901,1.6610384531810773
3,5.347774026284824,0.21150143650355901,1.6610384531810773
4,5.347774026284824,0.21150143650355901,1.6610384531810773
5,5.347774026284824,0.21150143650355901,1.6610384531810773
