,beta,tau,length
0,0.00037714676522703226,6.433607582846895,8.605886530721554e-06
1,0.00037714676522703226,6.433607582846895,8.605886530721554e-06
2,0.00037714676522703226,6.433607582846895,8.605886530721554e-06
3,0.00037714676522703226,6.433607582846895,8.605886530721554e-06
4,0.00037714676522703226,6.433607582846895,8.605886530721554e-06
5,0.00037714676522703226,6.433607582846895,8.605886530721554e-06
