,tau,length
0,3.9290245813748137,1.1899576188990086
1,3.9290245813748137,1.1899576188990086
2,3.9290245813748137,1.1899576188990086
3,3.9290245813748137,1.1899576188990086
4,3.9290245813748137,1.1899576188990086
5,3.9290245813748137,1.1899576188990086
6,3.9290245813748137,1.1899576188990086
7,3.9290245813748137,1.1899576188990086
8,3.9290245813748137,1.1899576188990086
9,3.9290245813748137,1.1899576188990086
10,3.9290245813748137,1.1899576188990086
