,tau,length
0,9.999999999441702,0.9630322956919858
1,9.999999999441702,0.9630322956919858
2,9.999999999441702,0.9630322956919858
3,9.999999999441702,0.9630322956919858
4,9.999999999441702,0.9630322956919858
5,9.999999999441702,0.9630322956919858
