,beta,tau,length
0,9.99999999998109,0.39634990881088694,0.1878509037370547
1,9.99999999998109,0.39634990881088694,0.1878509037370547
2,9.99999999998109,0.39634990881088694,0.1878509037370547
3,9.99999999998109,0.39634990881088694,0.1878509037370547
4,9.99999999998109,0.39634990881088694,0.1878509037370547
5,9.99999999998109,0.39634990881088694,0.1878509037370547
