,beta,tau,length
0,6.592819394790377,0.011488256973187328,1.2835132431799985
1,6.592819394790377,0.011488256973187328,1.2835132431799985
2,6.592819394790377,0.011488256973187328,1.2835132431799985
3,6.592819394790377,0.011488256973187328,1.2835132431799985
4,6.592819394790377,0.011488256973187328,1.2835132431799985
5,6.592819394790377,0.011488256973187328,1.2835132431799985
6,6.592819394790377,0.011488256973187328,1.2835132431799985
7,6.592819394790377,0.011488256973187328,1.2835132431799985
8,6.592819394790377,0.011488256973187328,1.2835132431799985
9,6.592819394790377,0.011488256973187328,1.2835132431799985
10,6.592819394790377,0.011488256973187328,1.2835132431799985
