,beta,tau,length
0,8.837167401465578,0.006125950838373295,3.0162438607417377e-05
1,8.837167401465578,0.006125950838373295,3.0162438607417377e-05
2,8.837167401465578,0.006125950838373295,3.0162438607417377e-05
3,8.837167401465578,0.006125950838373295,3.0162438607417377e-05
4,8.837167401465578,0.006125950838373295,3.0162438607417377e-05
5,8.837167401465578,0.006125950838373295,3.0162438607417377e-05
