,beta,tau,length
0,3.7010133819664266,0.49841009298102434,1.569944997172375
1,3.7010133819664266,0.49841009298102434,1.569944997172375
2,3.7010133819664266,0.49841009298102434,1.569944997172375
3,3.7010133819664266,0.49841009298102434,1.569944997172375
4,3.7010133819664266,0.49841009298102434,1.569944997172375
5,3.7010133819664266,0.49841009298102434,1.569944997172375
