,beta,tau,length
0,3.9447717849823274,1.2151672550102555,1.8829767640815875
1,3.9447717849823274,1.2151672550102555,1.8829767640815875
2,3.9447717849823274,1.2151672550102555,1.8829767640815875
3,3.9447717849823274,1.2151672550102555,1.8829767640815875
4,3.9447717849823274,1.2151672550102555,1.8829767640815875
5,3.9447717849823274,1.2151672550102555,1.8829767640815875
6,3.9447717849823274,1.2151672550102555,1.8829767640815875
7,3.9447717849823274,1.2151672550102555,1.8829767640815875
8,3.9447717849823274,1.2151672550102555,1.8829767640815875
9,3.9447717849823274,1.2151672550102555,1.8829767640815875
10,3.9447717849823274,1.2151672550102555,1.8829767640815875
