,tau,length
0,3.619489042616581e-10,0.16708022033283043
1,3.619489042616581e-10,0.16708022033283043
2,3.619489042616581e-10,0.16708022033283043
3,3.619489042616581e-10,0.16708022033283043
4,3.619489042616581e-10,0.16708022033283043
5,3.619489042616581e-10,0.16708022033283043
