,tau,length
0,1.0891107542686396,1.496470056769979
1,1.0891107542686396,1.496470056769979
2,1.0891107542686396,1.496470056769979
3,1.0891107542686396,1.496470056769979
4,1.0891107542686396,1.496470056769979
5,1.0891107542686396,1.496470056769979
