,tau,length
0,3.8285849994763903,1.2908981152641323
1,3.8285849994763903,1.2908981152641323
2,3.8285849994763903,1.2908981152641323
3,3.8285849994763903,1.2908981152641323
4,3.8285849994763903,1.2908981152641323
5,3.8285849994763903,1.2908981152641323
6,3.8285849994763903,1.2908981152641323
7,3.8285849994763903,1.2908981152641323
8,3.8285849994763903,1.2908981152641323
9,3.8285849994763903,1.2908981152641323
10,3.8285849994763903,1.2908981152641323
