,beta,tau,length
0,9.244579629893817,0.23785170243214648,1.0368323253741474
1,9.244579629893817,0.23785170243214648,1.0368323253741474
2,9.244579629893817,0.23785170243214648,1.0368323253741474
3,9.244579629893817,0.23785170243214648,1.0368323253741474
4,9.244579629893817,0.23785170243214648,1.0368323253741474
5,9.244579629893817,0.23785170243214648,1.0368323253741474
