,beta,tau,length
0,8.302842747465095e-10,7.972662468215928,0.68370902384026
1,8.302842747465095e-10,7.972662468215928,0.68370902384026
2,8.302842747465095e-10,7.972662468215928,0.68370902384026
3,8.302842747465095e-10,7.972662468215928,0.68370902384026
4,8.302842747465095e-10,7.972662468215928,0.68370902384026
5,8.302842747465095e-10,7.972662468215928,0.68370902384026
