,beta,tau,length
0,7.488152146623303,0.012436894666344001,1.5435486423774514
1,7.488152146623303,0.012436894666344001,1.5435486423774514
2,7.488152146623303,0.012436894666344001,1.5435486423774514
3,7.488152146623303,0.012436894666344001,1.5435486423774514
4,7.488152146623303,0.012436894666344001,1.5435486423774514
5,7.488152146623303,0.012436894666344001,1.5435486423774514
6,7.488152146623303,0.012436894666344001,1.5435486423774514
7,7.488152146623303,0.012436894666344001,1.5435486423774514
8,7.488152146623303,0.012436894666344001,1.5435486423774514
9,7.488152146623303,0.012436894666344001,1.5435486423774514
10,7.488152146623303,0.012436894666344001,1.5435486423774514
