,beta,tau,length
0,4.508794132412687,0.4137764055944766,1.4861521357400704
1,4.508794132412687,0.4137764055944766,1.4861521357400704
2,4.508794132412687,0.4137764055944766,1.4861521357400704
3,4.508794132412687,0.4137764055944766,1.4861521357400704
4,4.508794132412687,0.4137764055944766,1.4861521357400704
5,4.508794132412687,0.4137764055944766,1.4861521357400704
