,beta,tau,length
0,9.999999999962558,0.974261697895979,0.6566839831243838
1,9.999999999962558,0.974261697895979,0.6566839831243838
2,9.999999999962558,0.974261697895979,0.6566839831243838
3,9.999999999962558,0.974261697895979,0.6566839831243838
4,9.999999999962558,0.974261697895979,0.6566839831243838
5,9.999999999962558,0.974261697895979,0.6566839831243838
6,9.999999999962558,0.974261697895979,0.6566839831243838
7,9.999999999962558,0.974261697895979,0.6566839831243838
8,9.999999999962558,0.974261697895979,0.6566839831243838
9,9.999999999962558,0.974261697895979,0.6566839831243838
10,9.999999999962558,0.974261697895979,0.6566839831243838
