,beta,tau,length
0,6.671406390593607,0.7303523626016457,1.2358174958592887
1,6.671406390593607,0.7303523626016457,1.2358174958592887
2,6.671406390593607,0.7303523626016457,1.2358174958592887
3,6.671406390593607,0.7303523626016457,1.2358174958592887
4,6.671406390593607,0.7303523626016457,1.2358174958592887
5,6.671406390593607,0.7303523626016457,1.2358174958592887
