,tau,length
0,9.999999999950548,1.1972945167907296
1,9.999999999950548,1.1972945167907296
2,9.999999999950548,1.1972945167907296
3,9.999999999950548,1.1972945167907296
4,9.999999999950548,1.1972945167907296
5,9.999999999950548,1.1972945167907296
6,9.999999999950548,1.1972945167907296
7,9.999999999950548,1.1972945167907296
8,9.999999999950548,1.1972945167907296
9,9.999999999950548,1.1972945167907296
10,9.999999999950548,1.1972945167907296
