,beta,tau,length
0,1.3367689899726125,3.4294989275253456,1.466800746637954
1,1.3367689899726125,3.4294989275253456,1.466800746637954
2,1.3367689899726125,3.4294989275253456,1.466800746637954
3,1.3367689899726125,3.4294989275253456,1.466800746637954
4,1.3367689899726125,3.4294989275253456,1.466800746637954
5,1.3367689899726125,3.4294989275253456,1.466800746637954
