,tau,length
0,0.20370579189759164,0.9058196760655719
1,0.20370579189759164,0.9058196760655719
2,0.20370579189759164,0.9058196760655719
3,0.20370579189759164,0.9058196760655719
4,0.20370579189759164,0.9058196760655719
5,0.20370579189759164,0.9058196760655719
