,beta,tau,length
0,9.999999999999883,1.0051331831114925,9.999999999865183
1,9.999999999999883,1.0051331831114925,9.999999999865183
2,9.999999999999883,1.0051331831114925,9.999999999865183
3,9.999999999999883,1.0051331831114925,9.999999999865183
4,9.999999999999883,1.0051331831114925,9.999999999865183
5,9.999999999999883,1.0051331831114925,9.999999999865183
