,beta,tau,length
0,9.999999999999547,0.0009137280283561978,0.9782488973480731
1,9.999999999999547,0.0009137280283561978,0.9782488973480731
2,9.999999999999547,0.0009137280283561978,0.9782488973480731
3,9.999999999999547,0.0009137280283561978,0.9782488973480731
4,9.999999999999547,0.0009137280283561978,0.9782488973480731
5,9.999999999999547,0.0009137280283561978,0.9782488973480731
6,9.999999999999547,0.0009137280283561978,0.9782488973480731
7,9.999999999999547,0.0009137280283561978,0.9782488973480731
8,9.999999999999547,0.0009137280283561978,0.9782488973480731
9,9.999999999999547,0.0009137280283561978,0.9782488973480731
10,9.999999999999547,0.0009137280283561978,0.9782488973480731
