,beta,tau,length
0,9.832688152137287,4.873810066957056,1.0541196219376947
1,9.832688152137287,4.873810066957056,1.0541196219376947
2,9.832688152137287,4.873810066957056,1.0541196219376947
3,9.832688152137287,4.873810066957056,1.0541196219376947
4,9.832688152137287,4.873810066957056,1.0541196219376947
5,9.832688152137287,4.873810066957056,1.0541196219376947
6,9.832688152137287,4.873810066957056,1.0541196219376947
7,9.832688152137287,4.873810066957056,1.0541196219376947
8,9.832688152137287,4.873810066957056,1.0541196219376947
9,9.832688152137287,4.873810066957056,1.0541196219376947
10,9.832688152137287,4.873810066957056,1.0541196219376947
