,beta,tau,length
0,0.013971170030482417,2.9174588980158775,0.045729841233143706
1,0.013971170030482417,2.9174588980158775,0.045729841233143706
2,0.013971170030482417,2.9174588980158775,0.045729841233143706
3,0.013971170030482417,2.9174588980158775,0.045729841233143706
4,0.013971170030482417,2.9174588980158775,0.045729841233143706
5,0.013971170030482417,2.9174588980158775,0.045729841233143706
