,tau,length
0,6.665734075361831e-06,0.21224681159157555
1,6.665734075361831e-06,0.21224681159157555
2,6.665734075361831e-06,0.21224681159157555
3,6.665734075361831e-06,0.21224681159157555
4,6.665734075361831e-06,0.21224681159157555
5,6.665734075361831e-06,0.21224681159157555
6,6.665734075361831e-06,0.21224681159157555
7,6.665734075361831e-06,0.21224681159157555
8,6.665734075361831e-06,0.21224681159157555
9,6.665734075361831e-06,0.21224681159157555
10,6.665734075361831e-06,0.21224681159157555
