,beta,tau,length
0,9.999999999987837,8.54671441414776,0.1935270898311654
1,9.999999999987837,8.54671441414776,0.1935270898311654
2,9.999999999987837,8.54671441414776,0.1935270898311654
3,9.999999999987837,8.54671441414776,0.1935270898311654
4,9.999999999987837,8.54671441414776,0.1935270898311654
5,9.999999999987837,8.54671441414776,0.1935270898311654
