,beta,tau,length
0,6.786123898324277,0.02227223760702012,1.234168261512194
1,6.786123898324277,0.02227223760702012,1.234168261512194
2,6.786123898324277,0.02227223760702012,1.234168261512194
3,6.786123898324277,0.02227223760702012,1.234168261512194
4,6.786123898324277,0.02227223760702012,1.234168261512194
5,6.786123898324277,0.02227223760702012,1.234168261512194
6,6.786123898324277,0.02227223760702012,1.234168261512194
7,6.786123898324277,0.02227223760702012,1.234168261512194
8,6.786123898324277,0.02227223760702012,1.234168261512194
9,6.786123898324277,0.02227223760702012,1.234168261512194
10,6.786123898324277,0.02227223760702012,1.234168261512194
