,tau,length
0,9.999999999999998,0.0032105698297752896
1,9.999999999999998,0.0032105698297752896
2,9.999999999999998,0.0032105698297752896
3,9.999999999999998,0.0032105698297752896
4,9.999999999999998,0.0032105698297752896
5,9.999999999999998,0.0032105698297752896
6,9.999999999999998,0.0032105698297752896
7,9.999999999999998,0.0032105698297752896
8,9.999999999999998,0.0032105698297752896
9,9.999999999999998,0.0032105698297752896
10,9.999999999999998,0.0032105698297752896
