,beta,tau,length
0,9.594347038631314,0.23100110799021645,1.2297996178688315
1,9.594347038631314,0.23100110799021645,1.2297996178688315
2,9.594347038631314,0.23100110799021645,1.2297996178688315
3,9.594347038631314,0.23100110799021645,1.2297996178688315
4,9.594347038631314,0.23100110799021645,1.2297996178688315
5,9.594347038631314,0.23100110799021645,1.2297996178688315
