,beta,tau,length
0,4.273665142340108,0.08163421568796746,7.161368362460472
1,4.273665142340108,0.08163421568796746,7.161368362460472
2,4.273665142340108,0.08163421568796746,7.161368362460472
3,4.273665142340108,0.08163421568796746,7.161368362460472
4,4.273665142340108,0.08163421568796746,7.161368362460472
5,4.273665142340108,0.08163421568796746,7.161368362460472
6,4.273665142340108,0.08163421568796746,7.161368362460472
7,4.273665142340108,0.08163421568796746,7.161368362460472
8,4.273665142340108,0.08163421568796746,7.161368362460472
9,4.273665142340108,0.08163421568796746,7.161368362460472
10,4.273665142340108,0.08163421568796746,7.161368362460472
