,beta,tau,length
0,6.341494932213156,0.2540688527674829,0.5354210036903396
1,6.341494932213156,0.2540688527674829,0.5354210036903396
2,6.341494932213156,0.2540688527674829,0.5354210036903396
3,6.341494932213156,0.2540688527674829,0.5354210036903396
4,6.341494932213156,0.2540688527674829,0.5354210036903396
5,6.341494932213156,0.2540688527674829,0.5354210036903396
6,6.341494932213156,0.2540688527674829,0.5354210036903396
7,6.341494932213156,0.2540688527674829,0.5354210036903396
8,6.341494932213156,0.2540688527674829,0.5354210036903396
9,6.341494932213156,0.2540688527674829,0.5354210036903396
10,6.341494932213156,0.2540688527674829,0.5354210036903396
