,beta,tau,length
0,9.99999999999992,0.12696775793292436,0.1212238865660654
1,9.99999999999992,0.12696775793292436,0.1212238865660654
2,9.99999999999992,0.12696775793292436,0.1212238865660654
3,9.99999999999992,0.12696775793292436,0.1212238865660654
4,9.99999999999992,0.12696775793292436,0.1212238865660654
5,9.99999999999992,0.12696775793292436,0.1212238865660654
6,9.99999999999992,0.12696775793292436,0.1212238865660654
7,9.99999999999992,0.12696775793292436,0.1212238865660654
8,9.99999999999992,0.12696775793292436,0.1212238865660654
9,9.99999999999992,0.12696775793292436,0.1212238865660654
10,9.99999999999992,0.12696775793292436,0.1212238865660654
