,beta,tau,length
0,0.6890494427532519,2.4261688680959984e-05,0.21360702547674593
1,0.6890494427532519,2.4261688680959984e-05,0.21360702547674593
2,0.6890494427532519,2.4261688680959984e-05,0.21360702547674593
3,0.6890494427532519,2.4261688680959984e-05,0.21360702547674593
4,0.6890494427532519,2.4261688680959984e-05,0.21360702547674593
5,0.6890494427532519,2.4261688680959984e-05,0.21360702547674593
