,beta,tau,length
0,0.004763145594543039,1.757356578651339,0.05511163214259994
1,0.004763145594543039,1.757356578651339,0.05511163214259994
2,0.004763145594543039,1.757356578651339,0.05511163214259994
3,0.004763145594543039,1.757356578651339,0.05511163214259994
4,0.004763145594543039,1.757356578651339,0.05511163214259994
5,0.004763145594543039,1.757356578651339,0.05511163214259994
