,beta,tau,length
0,1.7653345369377349e-15,1.6789465263311516e-09,1.6030813308472642
1,1.7653345369377349e-15,1.6789465263311516e-09,1.6030813308472642
2,1.7653345369377349e-15,1.6789465263311516e-09,1.6030813308472642
3,1.7653345369377349e-15,1.6789465263311516e-09,1.6030813308472642
4,1.7653345369377349e-15,1.6789465263311516e-09,1.6030813308472642
5,1.7653345369377349e-15,1.6789465263311516e-09,1.6030813308472642
