,tau,length
0,9.999999999967002,0.9175919713865928
1,9.999999999967002,0.9175919713865928
2,9.999999999967002,0.9175919713865928
3,9.999999999967002,0.9175919713865928
4,9.999999999967002,0.9175919713865928
5,9.999999999967002,0.9175919713865928
6,9.999999999967002,0.9175919713865928
7,9.999999999967002,0.9175919713865928
8,9.999999999967002,0.9175919713865928
9,9.999999999967002,0.9175919713865928
10,9.999999999967002,0.9175919713865928
