,beta,tau,length
0,5.459822154449049,0.7618209595180165,1.18341252931362
1,5.459822154449049,0.7618209595180165,1.18341252931362
2,5.459822154449049,0.7618209595180165,1.18341252931362
3,5.459822154449049,0.7618209595180165,1.18341252931362
4,5.459822154449049,0.7618209595180165,1.18341252931362
5,5.459822154449049,0.7618209595180165,1.18341252931362
