,tau,length
0,5.856994782015298e-05,0.2397857738257776
1,5.856994782015298e-05,0.2397857738257776
2,5.856994782015298e-05,0.2397857738257776
3,5.856994782015298e-05,0.2397857738257776
4,5.856994782015298e-05,0.2397857738257776
5,5.856994782015298e-05,0.2397857738257776
6,5.856994782015298e-05,0.2397857738257776
7,5.856994782015298e-05,0.2397857738257776
8,5.856994782015298e-05,0.2397857738257776
9,5.856994782015298e-05,0.2397857738257776
10,5.856994782015298e-05,0.2397857738257776
