,beta,tau,length
0,1.025153185363254e-10,7.560320110113217,2.71312733276727
1,1.025153185363254e-10,7.560320110113217,2.71312733276727
2,1.025153185363254e-10,7.560320110113217,2.71312733276727
3,1.025153185363254e-10,7.560320110113217,2.71312733276727
4,1.025153185363254e-10,7.560320110113217,2.71312733276727
5,1.025153185363254e-10,7.560320110113217,2.71312733276727
