,beta,tau,length
0,9.239364793924725,1.2287292302736458e-10,0.16545903208544277
1,9.239364793924725,1.2287292302736458e-10,0.16545903208544277
2,9.239364793924725,1.2287292302736458e-10,0.16545903208544277
3,9.239364793924725,1.2287292302736458e-10,0.16545903208544277
4,9.239364793924725,1.2287292302736458e-10,0.16545903208544277
5,9.239364793924725,1.2287292302736458e-10,0.16545903208544277
