,beta,tau,length
0,1.2535736553926902,0.0038966433667770753,0.030476700046561212
1,1.2535736553926902,0.0038966433667770753,0.030476700046561212
2,1.2535736553926902,0.0038966433667770753,0.030476700046561212
3,1.2535736553926902,0.0038966433667770753,0.030476700046561212
4,1.2535736553926902,0.0038966433667770753,0.030476700046561212
5,1.2535736553926902,0.0038966433667770753,0.030476700046561212
