,beta,tau,length
0,4.629052458289561,0.7211652256169822,1.6135815915778657
1,4.629052458289561,0.7211652256169822,1.6135815915778657
2,4.629052458289561,0.7211652256169822,1.6135815915778657
3,4.629052458289561,0.7211652256169822,1.6135815915778657
4,4.629052458289561,0.7211652256169822,1.6135815915778657
5,4.629052458289561,0.7211652256169822,1.6135815915778657
