,beta,tau,length
0,5.383293576179903,9.112889221807225e-10,0.16695170155572603
1,5.383293576179903,9.112889221807225e-10,0.16695170155572603
2,5.383293576179903,9.112889221807225e-10,0.16695170155572603
3,5.383293576179903,9.112889221807225e-10,0.16695170155572603
4,5.383293576179903,9.112889221807225e-10,0.16695170155572603
5,5.383293576179903,9.112889221807225e-10,0.16695170155572603
