,beta,tau,length
0,8.969465165986232,0.768071256518192,1.5485837949285424
1,8.969465165986232,0.768071256518192,1.5485837949285424
2,8.969465165986232,0.768071256518192,1.5485837949285424
3,8.969465165986232,0.768071256518192,1.5485837949285424
4,8.969465165986232,0.768071256518192,1.5485837949285424
5,8.969465165986232,0.768071256518192,1.5485837949285424
6,8.969465165986232,0.768071256518192,1.5485837949285424
7,8.969465165986232,0.768071256518192,1.5485837949285424
8,8.969465165986232,0.768071256518192,1.5485837949285424
9,8.969465165986232,0.768071256518192,1.5485837949285424
10,8.969465165986232,0.768071256518192,1.5485837949285424
