,beta,tau,length
0,0.007784692674494098,5.152713384344998,0.009883843274098403
1,0.007784692674494098,5.152713384344998,0.009883843274098403
2,0.007784692674494098,5.152713384344998,0.009883843274098403
3,0.007784692674494098,5.152713384344998,0.009883843274098403
4,0.007784692674494098,5.152713384344998,0.009883843274098403
5,0.007784692674494098,5.152713384344998,0.009883843274098403
