,tau,length
0,9.999999999140812,0.4606779137615936
1,9.999999999140812,0.4606779137615936
2,9.999999999140812,0.4606779137615936
3,9.999999999140812,0.4606779137615936
4,9.999999999140812,0.4606779137615936
5,9.999999999140812,0.4606779137615936
