,beta,tau,length
0,0.022754380808468578,1.1496279314991498,0.09409339379195257
1,0.022754380808468578,1.1496279314991498,0.09409339379195257
2,0.022754380808468578,1.1496279314991498,0.09409339379195257
3,0.022754380808468578,1.1496279314991498,0.09409339379195257
4,0.022754380808468578,1.1496279314991498,0.09409339379195257
5,0.022754380808468578,1.1496279314991498,0.09409339379195257
