,beta,tau,length
0,0.0034781930626455074,3.5613594090228755,0.00536635731528855
1,0.0034781930626455074,3.5613594090228755,0.00536635731528855
2,0.0034781930626455074,3.5613594090228755,0.00536635731528855
3,0.0034781930626455074,3.5613594090228755,0.00536635731528855
4,0.0034781930626455074,3.5613594090228755,0.00536635731528855
5,0.0034781930626455074,3.5613594090228755,0.00536635731528855
