,beta,tau,length
0,8.914046436761774,8.968193855007829e-10,0.1683383366313208
1,8.914046436761774,8.968193855007829e-10,0.1683383366313208
2,8.914046436761774,8.968193855007829e-10,0.1683383366313208
3,8.914046436761774,8.968193855007829e-10,0.1683383366313208
4,8.914046436761774,8.968193855007829e-10,0.1683383366313208
5,8.914046436761774,8.968193855007829e-10,0.1683383366313208
