,tau,length
0,9.999999999226741,0.9058194990686326
1,9.999999999226741,0.9058194990686326
2,9.999999999226741,0.9058194990686326
3,9.999999999226741,0.9058194990686326
4,9.999999999226741,0.9058194990686326
5,9.999999999226741,0.9058194990686326
6,9.999999999226741,0.9058194990686326
7,9.999999999226741,0.9058194990686326
8,9.999999999226741,0.9058194990686326
9,9.999999999226741,0.9058194990686326
10,9.999999999226741,0.9058194990686326
