,tau,length
0,0.5365672732347894,1.164968696443649
1,0.5365672732347894,1.164968696443649
2,0.5365672732347894,1.164968696443649
3,0.5365672732347894,1.164968696443649
4,0.5365672732347894,1.164968696443649
5,0.5365672732347894,1.164968696443649
6,0.5365672732347894,1.164968696443649
7,0.5365672732347894,1.164968696443649
8,0.5365672732347894,1.164968696443649
9,0.5365672732347894,1.164968696443649
10,0.5365672732347894,1.164968696443649
