,beta,tau,length
0,7.476314525912563,0.268146296641797,1.8783800698578101
1,7.476314525912563,0.268146296641797,1.8783800698578101
2,7.476314525912563,0.268146296641797,1.8783800698578101
3,7.476314525912563,0.268146296641797,1.8783800698578101
4,7.476314525912563,0.268146296641797,1.8783800698578101
5,7.476314525912563,0.268146296641797,1.8783800698578101
