,beta,tau,length
0,5.870762121610969,2.1204037121581275e-06,1.6103570584241933
1,5.870762121610969,2.1204037121581275e-06,1.6103570584241933
2,5.870762121610969,2.1204037121581275e-06,1.6103570584241933
3,5.870762121610969,2.1204037121581275e-06,1.6103570584241933
4,5.870762121610969,2.1204037121581275e-06,1.6103570584241933
5,5.870762121610969,2.1204037121581275e-06,1.6103570584241933
6,5.870762121610969,2.1204037121581275e-06,1.6103570584241933
7,5.870762121610969,2.1204037121581275e-06,1.6103570584241933
8,5.870762121610969,2.1204037121581275e-06,1.6103570584241933
9,5.870762121610969,2.1204037121581275e-06,1.6103570584241933
10,5.870762121610969,2.1204037121581275e-06,1.6103570584241933
