,beta,tau,length
0,9.999999999994348,0.07750692595295826,0.002095702718523207
1,9.999999999994348,0.07750692595295826,0.002095702718523207
2,9.999999999994348,0.07750692595295826,0.002095702718523207
3,9.999999999994348,0.07750692595295826,0.002095702718523207
4,9.999999999994348,0.07750692595295826,0.002095702718523207
5,9.999999999994348,0.07750692595295826,0.002095702718523207
