,tau,length
0,1.9365731084305614e-07,0.19621850512056238
1,1.9365731084305614e-07,0.19621850512056238
2,1.9365731084305614e-07,0.19621850512056238
3,1.9365731084305614e-07,0.19621850512056238
4,1.9365731084305614e-07,0.19621850512056238
5,1.9365731084305614e-07,0.19621850512056238
