,beta,tau,length
0,6.679901910890345,1.8211727524464286e-05,0.2062999951694684
1,6.679901910890345,1.8211727524464286e-05,0.2062999951694684
2,6.679901910890345,1.8211727524464286e-05,0.2062999951694684
3,6.679901910890345,1.8211727524464286e-05,0.2062999951694684
4,6.679901910890345,1.8211727524464286e-05,0.2062999951694684
5,6.679901910890345,1.8211727524464286e-05,0.2062999951694684
