,beta,tau,length
0,9.999999999992733,2.8762199592452116,9.99999999999975
1,9.999999999992733,2.8762199592452116,9.99999999999975
2,9.999999999992733,2.8762199592452116,9.99999999999975
3,9.999999999992733,2.8762199592452116,9.99999999999975
4,9.999999999992733,2.8762199592452116,9.99999999999975
5,9.999999999992733,2.8762199592452116,9.99999999999975
