,beta,tau,length
0,0.019849884564329224,3.5135849006349353,0.07481186459387566
1,0.019849884564329224,3.5135849006349353,0.07481186459387566
2,0.019849884564329224,3.5135849006349353,0.07481186459387566
3,0.019849884564329224,3.5135849006349353,0.07481186459387566
4,0.019849884564329224,3.5135849006349353,0.07481186459387566
5,0.019849884564329224,3.5135849006349353,0.07481186459387566
