,beta,tau,length
0,2.3586940016269367,2.4223996032102153e-09,0.17461737486442985
1,2.3586940016269367,2.4223996032102153e-09,0.17461737486442985
2,2.3586940016269367,2.4223996032102153e-09,0.17461737486442985
3,2.3586940016269367,2.4223996032102153e-09,0.17461737486442985
4,2.3586940016269367,2.4223996032102153e-09,0.17461737486442985
5,2.3586940016269367,2.4223996032102153e-09,0.17461737486442985
