,beta,tau,length
0,7.081515585165508,7.610693404480697e-06,0.20133655608780898
1,7.081515585165508,7.610693404480697e-06,0.20133655608780898
2,7.081515585165508,7.610693404480697e-06,0.20133655608780898
3,7.081515585165508,7.610693404480697e-06,0.20133655608780898
4,7.081515585165508,7.610693404480697e-06,0.20133655608780898
5,7.081515585165508,7.610693404480697e-06,0.20133655608780898
