,beta,tau,length
0,2.200977079462888,0.04854817698107093,0.41205121321627913
1,2.200977079462888,0.04854817698107093,0.41205121321627913
2,2.200977079462888,0.04854817698107093,0.41205121321627913
3,2.200977079462888,0.04854817698107093,0.41205121321627913
4,2.200977079462888,0.04854817698107093,0.41205121321627913
5,2.200977079462888,0.04854817698107093,0.41205121321627913
