,beta,tau,length
0,4.0488912744610515,0.44281343223008596,1.290068457762702
1,4.0488912744610515,0.44281343223008596,1.290068457762702
2,4.0488912744610515,0.44281343223008596,1.290068457762702
3,4.0488912744610515,0.44281343223008596,1.290068457762702
4,4.0488912744610515,0.44281343223008596,1.290068457762702
5,4.0488912744610515,0.44281343223008596,1.290068457762702
