,beta,tau,length
0,0.019896581116204504,2.6160560022012147,0.018629138515602984
1,0.019896581116204504,2.6160560022012147,0.018629138515602984
2,0.019896581116204504,2.6160560022012147,0.018629138515602984
3,0.019896581116204504,2.6160560022012147,0.018629138515602984
4,0.019896581116204504,2.6160560022012147,0.018629138515602984
5,0.019896581116204504,2.6160560022012147,0.018629138515602984
