,beta,tau,length
0,6.495804694057165e-13,9.343578003503609,7.364824303058541
1,6.495804694057165e-13,9.343578003503609,7.364824303058541
2,6.495804694057165e-13,9.343578003503609,7.364824303058541
3,6.495804694057165e-13,9.343578003503609,7.364824303058541
4,6.495804694057165e-13,9.343578003503609,7.364824303058541
5,6.495804694057165e-13,9.343578003503609,7.364824303058541
