,tau,length
0,0.40462905243885805,1.0699448253432253
1,0.40462905243885805,1.0699448253432253
2,0.40462905243885805,1.0699448253432253
3,0.40462905243885805,1.0699448253432253
4,0.40462905243885805,1.0699448253432253
5,0.40462905243885805,1.0699448253432253
6,0.40462905243885805,1.0699448253432253
7,0.40462905243885805,1.0699448253432253
8,0.40462905243885805,1.0699448253432253
9,0.40462905243885805,1.0699448253432253
10,0.40462905243885805,1.0699448253432253
