,beta,tau,length
0,3.0049229326647744,1.2059720904670101,1.5115539268154121
1,3.0049229326647744,1.2059720904670101,1.5115539268154121
2,3.0049229326647744,1.2059720904670101,1.5115539268154121
3,3.0049229326647744,1.2059720904670101,1.5115539268154121
4,3.0049229326647744,1.2059720904670101,1.5115539268154121
5,3.0049229326647744,1.2059720904670101,1.5115539268154121
