,beta,tau,length
0,9.999999999999968,0.35186082406146413,0.12110904883556771
1,9.999999999999968,0.35186082406146413,0.12110904883556771
2,9.999999999999968,0.35186082406146413,0.12110904883556771
3,9.999999999999968,0.35186082406146413,0.12110904883556771
4,9.999999999999968,0.35186082406146413,0.12110904883556771
5,9.999999999999968,0.35186082406146413,0.12110904883556771
