,beta,tau,length
0,8.986990615392527,2.268096893646993,0.09909906262257027
1,8.986990615392527,2.268096893646993,0.09909906262257027
2,8.986990615392527,2.268096893646993,0.09909906262257027
3,8.986990615392527,2.268096893646993,0.09909906262257027
4,8.986990615392527,2.268096893646993,0.09909906262257027
5,8.986990615392527,2.268096893646993,0.09909906262257027
