,beta,tau,length
0,10.0,1.268172444833204,0.12089648473432922
1,10.0,1.268172444833204,0.12089648473432922
2,10.0,1.268172444833204,0.12089648473432922
3,10.0,1.268172444833204,0.12089648473432922
4,10.0,1.268172444833204,0.12089648473432922
5,10.0,1.268172444833204,0.12089648473432922
