,tau,length
0,1.1231718819759111,1.0351021542121104
1,1.1231718819759111,1.0351021542121104
2,1.1231718819759111,1.0351021542121104
3,1.1231718819759111,1.0351021542121104
4,1.1231718819759111,1.0351021542121104
5,1.1231718819759111,1.0351021542121104
