,beta,tau,length
0,9.99999999999821,2.098696540150173,2.483231571169455
1,9.99999999999821,2.098696540150173,2.483231571169455
2,9.99999999999821,2.098696540150173,2.483231571169455
3,9.99999999999821,2.098696540150173,2.483231571169455
4,9.99999999999821,2.098696540150173,2.483231571169455
5,9.99999999999821,2.098696540150173,2.483231571169455
6,9.99999999999821,2.098696540150173,2.483231571169455
7,9.99999999999821,2.098696540150173,2.483231571169455
8,9.99999999999821,2.098696540150173,2.483231571169455
9,9.99999999999821,2.098696540150173,2.483231571169455
10,9.99999999999821,2.098696540150173,2.483231571169455
