,tau,length
0,9.999999999544015,0.8595027283877056
1,9.999999999544015,0.8595027283877056
2,9.999999999544015,0.8595027283877056
3,9.999999999544015,0.8595027283877056
4,9.999999999544015,0.8595027283877056
5,9.999999999544015,0.8595027283877056
6,9.999999999544015,0.8595027283877056
7,9.999999999544015,0.8595027283877056
8,9.999999999544015,0.8595027283877056
9,9.999999999544015,0.8595027283877056
10,9.999999999544015,0.8595027283877056
