,beta,tau,length
0,3.2521167573780962,3.2008067236535966,1.1087482811011156
1,3.2521167573780962,3.2008067236535966,1.1087482811011156
2,3.2521167573780962,3.2008067236535966,1.1087482811011156
3,3.2521167573780962,3.2008067236535966,1.1087482811011156
4,3.2521167573780962,3.2008067236535966,1.1087482811011156
5,3.2521167573780962,3.2008067236535966,1.1087482811011156
