,beta,tau,length
0,9.999999999999906,0.009544699190300977,0.4982504103813735
1,9.999999999999906,0.009544699190300977,0.4982504103813735
2,9.999999999999906,0.009544699190300977,0.4982504103813735
3,9.999999999999906,0.009544699190300977,0.4982504103813735
4,9.999999999999906,0.009544699190300977,0.4982504103813735
5,9.999999999999906,0.009544699190300977,0.4982504103813735
6,9.999999999999906,0.009544699190300977,0.4982504103813735
7,9.999999999999906,0.009544699190300977,0.4982504103813735
8,9.999999999999906,0.009544699190300977,0.4982504103813735
9,9.999999999999906,0.009544699190300977,0.4982504103813735
10,9.999999999999906,0.009544699190300977,0.4982504103813735
