,beta,tau,length
0,4.892482453772382,0.4671370390887859,1.4338683796158431
1,4.892482453772382,0.4671370390887859,1.4338683796158431
2,4.892482453772382,0.4671370390887859,1.4338683796158431
3,4.892482453772382,0.4671370390887859,1.4338683796158431
4,4.892482453772382,0.4671370390887859,1.4338683796158431
5,4.892482453772382,0.4671370390887859,1.4338683796158431
