,tau,length
0,0.2512521027645471,1.1158828570312536
1,0.2512521027645471,1.1158828570312536
2,0.2512521027645471,1.1158828570312536
3,0.2512521027645471,1.1158828570312536
4,0.2512521027645471,1.1158828570312536
5,0.2512521027645471,1.1158828570312536
