,tau,length
0,5.287432603662185e-10,0.16704721859947713
1,5.287432603662185e-10,0.16704721859947713
2,5.287432603662185e-10,0.16704721859947713
3,5.287432603662185e-10,0.16704721859947713
4,5.287432603662185e-10,0.16704721859947713
5,5.287432603662185e-10,0.16704721859947713
