,beta,tau,length
0,3.7054066990702648,0.3893588559491269,1.2642131182817522
1,3.7054066990702648,0.3893588559491269,1.2642131182817522
2,3.7054066990702648,0.3893588559491269,1.2642131182817522
3,3.7054066990702648,0.3893588559491269,1.2642131182817522
4,3.7054066990702648,0.3893588559491269,1.2642131182817522
5,3.7054066990702648,0.3893588559491269,1.2642131182817522
6,3.7054066990702648,0.3893588559491269,1.2642131182817522
7,3.7054066990702648,0.3893588559491269,1.2642131182817522
8,3.7054066990702648,0.3893588559491269,1.2642131182817522
9,3.7054066990702648,0.3893588559491269,1.2642131182817522
10,3.7054066990702648,0.3893588559491269,1.2642131182817522
