,beta,tau,length
0,0.05118965182894629,1.7210766963244173,0.11949905409040183
1,0.05118965182894629,1.7210766963244173,0.11949905409040183
2,0.05118965182894629,1.7210766963244173,0.11949905409040183
3,0.05118965182894629,1.7210766963244173,0.11949905409040183
4,0.05118965182894629,1.7210766963244173,0.11949905409040183
5,0.05118965182894629,1.7210766963244173,0.11949905409040183
