,beta,tau,length
0,4.615356214379839,0.7021184672994208,0.11832946212083316
1,4.615356214379839,0.7021184672994208,0.11832946212083316
2,4.615356214379839,0.7021184672994208,0.11832946212083316
3,4.615356214379839,0.7021184672994208,0.11832946212083316
4,4.615356214379839,0.7021184672994208,0.11832946212083316
5,4.615356214379839,0.7021184672994208,0.11832946212083316
