,beta,tau,length
0,9.999999999999929,0.5095406445104429,0.18063337285120729
1,9.999999999999929,0.5095406445104429,0.18063337285120729
2,9.999999999999929,0.5095406445104429,0.18063337285120729
3,9.999999999999929,0.5095406445104429,0.18063337285120729
4,9.999999999999929,0.5095406445104429,0.18063337285120729
5,9.999999999999929,0.5095406445104429,0.18063337285120729
