,tau,length
0,9.999999998434756,0.9772525675370959
1,9.999999998434756,0.9772525675370959
2,9.999999998434756,0.9772525675370959
3,9.999999998434756,0.9772525675370959
4,9.999999998434756,0.9772525675370959
5,9.999999998434756,0.9772525675370959
