,beta,tau,length
0,0.00033581305962103746,2.7425231931562855,4.544220444112631e-05
1,0.00033581305962103746,2.7425231931562855,4.544220444112631e-05
2,0.00033581305962103746,2.7425231931562855,4.544220444112631e-05
3,0.00033581305962103746,2.7425231931562855,4.544220444112631e-05
4,0.00033581305962103746,2.7425231931562855,4.544220444112631e-05
5,0.00033581305962103746,2.7425231931562855,4.544220444112631e-05
