,beta,tau,length
0,1.1238217914956201,0.33313046603280394,0.2949335361810458
1,1.1238217914956201,0.33313046603280394,0.2949335361810458
2,1.1238217914956201,0.33313046603280394,0.2949335361810458
3,1.1238217914956201,0.33313046603280394,0.2949335361810458
4,1.1238217914956201,0.33313046603280394,0.2949335361810458
5,1.1238217914956201,0.33313046603280394,0.2949335361810458
