,tau,length
0,9.99999999952351,0.9460461128558479
1,9.99999999952351,0.9460461128558479
2,9.99999999952351,0.9460461128558479
3,9.99999999952351,0.9460461128558479
4,9.99999999952351,0.9460461128558479
5,9.99999999952351,0.9460461128558479
6,9.99999999952351,0.9460461128558479
7,9.99999999952351,0.9460461128558479
8,9.99999999952351,0.9460461128558479
9,9.99999999952351,0.9460461128558479
10,9.99999999952351,0.9460461128558479
