,beta,tau,length
0,6.432627249687629,4.275986704836984e-05,0.20710882074946935
1,6.432627249687629,4.275986704836984e-05,0.20710882074946935
2,6.432627249687629,4.275986704836984e-05,0.20710882074946935
3,6.432627249687629,4.275986704836984e-05,0.20710882074946935
4,6.432627249687629,4.275986704836984e-05,0.20710882074946935
5,6.432627249687629,4.275986704836984e-05,0.20710882074946935
