,tau,length
0,9.999999999569617,1.8807638012958843
1,9.999999999569617,1.8807638012958843
2,9.999999999569617,1.8807638012958843
3,9.999999999569617,1.8807638012958843
4,9.999999999569617,1.8807638012958843
5,9.999999999569617,1.8807638012958843
6,9.999999999569617,1.8807638012958843
7,9.999999999569617,1.8807638012958843
8,9.999999999569617,1.8807638012958843
9,9.999999999569617,1.8807638012958843
10,9.999999999569617,1.8807638012958843
