,tau,length
0,0.5744113067819768,1.1084623458790448
1,0.5744113067819768,1.1084623458790448
2,0.5744113067819768,1.1084623458790448
3,0.5744113067819768,1.1084623458790448
4,0.5744113067819768,1.1084623458790448
5,0.5744113067819768,1.1084623458790448
6,0.5744113067819768,1.1084623458790448
7,0.5744113067819768,1.1084623458790448
8,0.5744113067819768,1.1084623458790448
9,0.5744113067819768,1.1084623458790448
10,0.5744113067819768,1.1084623458790448
