,beta,tau,length
0,0.002146757226668228,4.448002824676584,0.07552093448117923
1,0.002146757226668228,4.448002824676584,0.07552093448117923
2,0.002146757226668228,4.448002824676584,0.07552093448117923
3,0.002146757226668228,4.448002824676584,0.07552093448117923
4,0.002146757226668228,4.448002824676584,0.07552093448117923
5,0.002146757226668228,4.448002824676584,0.07552093448117923
