,tau,length
0,5.603485343197352e-10,0.1669031548581158
1,5.603485343197352e-10,0.1669031548581158
2,5.603485343197352e-10,0.1669031548581158
3,5.603485343197352e-10,0.1669031548581158
4,5.603485343197352e-10,0.1669031548581158
5,5.603485343197352e-10,0.1669031548581158
6,5.603485343197352e-10,0.1669031548581158
7,5.603485343197352e-10,0.1669031548581158
8,5.603485343197352e-10,0.1669031548581158
9,5.603485343197352e-10,0.1669031548581158
10,5.603485343197352e-10,0.1669031548581158
