,tau,length
0,9.9999999999773,0.9058195006187115
1,9.9999999999773,0.9058195006187115
2,9.9999999999773,0.9058195006187115
3,9.9999999999773,0.9058195006187115
4,9.9999999999773,0.9058195006187115
5,9.9999999999773,0.9058195006187115
6,9.9999999999773,0.9058195006187115
7,9.9999999999773,0.9058195006187115
8,9.9999999999773,0.9058195006187115
9,9.9999999999773,0.9058195006187115
10,9.9999999999773,0.9058195006187115
