,beta,tau,length
0,7.379781092012441,0.09520655568769142,1.1565833700025885
1,7.379781092012441,0.09520655568769142,1.1565833700025885
2,7.379781092012441,0.09520655568769142,1.1565833700025885
3,7.379781092012441,0.09520655568769142,1.1565833700025885
4,7.379781092012441,0.09520655568769142,1.1565833700025885
5,7.379781092012441,0.09520655568769142,1.1565833700025885
