,beta,tau,length
0,0.017743492336378498,4.844036421184806,0.07852301124076931
1,0.017743492336378498,4.844036421184806,0.07852301124076931
2,0.017743492336378498,4.844036421184806,0.07852301124076931
3,0.017743492336378498,4.844036421184806,0.07852301124076931
4,0.017743492336378498,4.844036421184806,0.07852301124076931
5,0.017743492336378498,4.844036421184806,0.07852301124076931
