,beta,tau,length
0,3.743755358147559,0.7516612291390197,1.3434607489712302
1,3.743755358147559,0.7516612291390197,1.3434607489712302
2,3.743755358147559,0.7516612291390197,1.3434607489712302
3,3.743755358147559,0.7516612291390197,1.3434607489712302
4,3.743755358147559,0.7516612291390197,1.3434607489712302
5,3.743755358147559,0.7516612291390197,1.3434607489712302
