,beta,tau,length
0,9.26858664589879,0.6775975842283578,0.0024129062216355804
1,9.26858664589879,0.6775975842283578,0.0024129062216355804
2,9.26858664589879,0.6775975842283578,0.0024129062216355804
3,9.26858664589879,0.6775975842283578,0.0024129062216355804
4,9.26858664589879,0.6775975842283578,0.0024129062216355804
5,9.26858664589879,0.6775975842283578,0.0024129062216355804
