,beta,tau,length
0,9.99999999743844,9.618917687648768,9.999999997661957
1,9.99999999743844,9.618917687648768,9.999999997661957
2,9.99999999743844,9.618917687648768,9.999999997661957
3,9.99999999743844,9.618917687648768,9.999999997661957
4,9.99999999743844,9.618917687648768,9.999999997661957
5,9.99999999743844,9.618917687648768,9.999999997661957
