,tau,length
0,5.352437917559579e-05,0.2332671670128984
1,5.352437917559579e-05,0.2332671670128984
2,5.352437917559579e-05,0.2332671670128984
3,5.352437917559579e-05,0.2332671670128984
4,5.352437917559579e-05,0.2332671670128984
5,5.352437917559579e-05,0.2332671670128984
6,5.352437917559579e-05,0.2332671670128984
7,5.352437917559579e-05,0.2332671670128984
8,5.352437917559579e-05,0.2332671670128984
9,5.352437917559579e-05,0.2332671670128984
10,5.352437917559579e-05,0.2332671670128984
