,beta,tau,length
0,4.541218402120878e-10,9.409664187972744,1.6072599507303187
1,4.541218402120878e-10,9.409664187972744,1.6072599507303187
2,4.541218402120878e-10,9.409664187972744,1.6072599507303187
3,4.541218402120878e-10,9.409664187972744,1.6072599507303187
4,4.541218402120878e-10,9.409664187972744,1.6072599507303187
5,4.541218402120878e-10,9.409664187972744,1.6072599507303187
