,tau,length
0,7.0222606307541155e-12,0.16336119678645133
1,7.0222606307541155e-12,0.16336119678645133
2,7.0222606307541155e-12,0.16336119678645133
3,7.0222606307541155e-12,0.16336119678645133
4,7.0222606307541155e-12,0.16336119678645133
5,7.0222606307541155e-12,0.16336119678645133
