,tau,length
0,9.99999999573747,0.9058194993835762
1,9.99999999573747,0.9058194993835762
2,9.99999999573747,0.9058194993835762
3,9.99999999573747,0.9058194993835762
4,9.99999999573747,0.9058194993835762
5,9.99999999573747,0.9058194993835762
6,9.99999999573747,0.9058194993835762
7,9.99999999573747,0.9058194993835762
8,9.99999999573747,0.9058194993835762
9,9.99999999573747,0.9058194993835762
10,9.99999999573747,0.9058194993835762
