,beta,tau,length
0,6.6255050849203805,7.276843424597414e-06,0.1868154185927302
1,6.6255050849203805,7.276843424597414e-06,0.1868154185927302
2,6.6255050849203805,7.276843424597414e-06,0.1868154185927302
3,6.6255050849203805,7.276843424597414e-06,0.1868154185927302
4,6.6255050849203805,7.276843424597414e-06,0.1868154185927302
5,6.6255050849203805,7.276843424597414e-06,0.1868154185927302
