,beta,tau,length
0,9.99999999999967,2.127102179448322,0.9215492720948311
1,9.99999999999967,2.127102179448322,0.9215492720948311
2,9.99999999999967,2.127102179448322,0.9215492720948311
3,9.99999999999967,2.127102179448322,0.9215492720948311
4,9.99999999999967,2.127102179448322,0.9215492720948311
5,9.99999999999967,2.127102179448322,0.9215492720948311
