,beta,tau,length
0,0.01893796718816575,1.521945753426348,0.009232204635289499
1,0.01893796718816575,1.521945753426348,0.009232204635289499
2,0.01893796718816575,1.521945753426348,0.009232204635289499
3,0.01893796718816575,1.521945753426348,0.009232204635289499
4,0.01893796718816575,1.521945753426348,0.009232204635289499
5,0.01893796718816575,1.521945753426348,0.009232204635289499
