,beta,tau,length
0,9.928090799099358,2.779654767672307,0.07720519031369953
1,9.928090799099358,2.779654767672307,0.07720519031369953
2,9.928090799099358,2.779654767672307,0.07720519031369953
3,9.928090799099358,2.779654767672307,0.07720519031369953
4,9.928090799099358,2.779654767672307,0.07720519031369953
5,9.928090799099358,2.779654767672307,0.07720519031369953
