,tau,length
0,9.999999999024121,2.116590318534156
1,9.999999999024121,2.116590318534156
2,9.999999999024121,2.116590318534156
3,9.999999999024121,2.116590318534156
4,9.999999999024121,2.116590318534156
5,9.999999999024121,2.116590318534156
6,9.999999999024121,2.116590318534156
7,9.999999999024121,2.116590318534156
8,9.999999999024121,2.116590318534156
9,9.999999999024121,2.116590318534156
10,9.999999999024121,2.116590318534156
