,beta,tau,length
0,9.999999999999996,1.5848871350669336,0.1208090556462633
1,9.999999999999996,1.5848871350669336,0.1208090556462633
2,9.999999999999996,1.5848871350669336,0.1208090556462633
3,9.999999999999996,1.5848871350669336,0.1208090556462633
4,9.999999999999996,1.5848871350669336,0.1208090556462633
5,9.999999999999996,1.5848871350669336,0.1208090556462633
