,beta,tau,length
0,2.91661564780751,1.358144972141231e-06,0.1957986094924653
1,2.91661564780751,1.358144972141231e-06,0.1957986094924653
2,2.91661564780751,1.358144972141231e-06,0.1957986094924653
3,2.91661564780751,1.358144972141231e-06,0.1957986094924653
4,2.91661564780751,1.358144972141231e-06,0.1957986094924653
5,2.91661564780751,1.358144972141231e-06,0.1957986094924653
