,beta,tau,length
0,6.993123237959261,0.42172061526292337,1.6280719780998147
1,6.993123237959261,0.42172061526292337,1.6280719780998147
2,6.993123237959261,0.42172061526292337,1.6280719780998147
3,6.993123237959261,0.42172061526292337,1.6280719780998147
4,6.993123237959261,0.42172061526292337,1.6280719780998147
5,6.993123237959261,0.42172061526292337,1.6280719780998147
6,6.993123237959261,0.42172061526292337,1.6280719780998147
7,6.993123237959261,0.42172061526292337,1.6280719780998147
8,6.993123237959261,0.42172061526292337,1.6280719780998147
9,6.993123237959261,0.42172061526292337,1.6280719780998147
10,6.993123237959261,0.42172061526292337,1.6280719780998147
