,beta,tau,length
0,1.212527366350744,1.849377082679739,1.7204274217371744
1,1.212527366350744,1.849377082679739,1.7204274217371744
2,1.212527366350744,1.849377082679739,1.7204274217371744
3,1.212527366350744,1.849377082679739,1.7204274217371744
4,1.212527366350744,1.849377082679739,1.7204274217371744
5,1.212527366350744,1.849377082679739,1.7204274217371744
