,beta,tau,length
0,9.999999999993788,1.1289972272555993,2.822556062581998
1,9.999999999993788,1.1289972272555993,2.822556062581998
2,9.999999999993788,1.1289972272555993,2.822556062581998
3,9.999999999993788,1.1289972272555993,2.822556062581998
4,9.999999999993788,1.1289972272555993,2.822556062581998
5,9.999999999993788,1.1289972272555993,2.822556062581998
