,beta,tau,length
0,9.265800238988848e-10,7.554892657774593,0.5363837976913123
1,9.265800238988848e-10,7.554892657774593,0.5363837976913123
2,9.265800238988848e-10,7.554892657774593,0.5363837976913123
3,9.265800238988848e-10,7.554892657774593,0.5363837976913123
4,9.265800238988848e-10,7.554892657774593,0.5363837976913123
5,9.265800238988848e-10,7.554892657774593,0.5363837976913123
