,beta,tau,length
0,2.1000010952659363,2.4962597267130873e-05,0.21193582081182893
1,2.1000010952659363,2.4962597267130873e-05,0.21193582081182893
2,2.1000010952659363,2.4962597267130873e-05,0.21193582081182893
3,2.1000010952659363,2.4962597267130873e-05,0.21193582081182893
4,2.1000010952659363,2.4962597267130873e-05,0.21193582081182893
5,2.1000010952659363,2.4962597267130873e-05,0.21193582081182893
