,beta,tau,length
0,9.999999999992056,1.5086607269657581,0.04846576683238911
1,9.999999999992056,1.5086607269657581,0.04846576683238911
2,9.999999999992056,1.5086607269657581,0.04846576683238911
3,9.999999999992056,1.5086607269657581,0.04846576683238911
4,9.999999999992056,1.5086607269657581,0.04846576683238911
5,9.999999999992056,1.5086607269657581,0.04846576683238911
