,beta,tau,length
0,9.999999999999806,0.2632618166641705,9.999999999996517
1,9.999999999999806,0.2632618166641705,9.999999999996517
2,9.999999999999806,0.2632618166641705,9.999999999996517
3,9.999999999999806,0.2632618166641705,9.999999999996517
4,9.999999999999806,0.2632618166641705,9.999999999996517
5,9.999999999999806,0.2632618166641705,9.999999999996517
