,tau,length
0,3.114891324328414e-05,0.22346045703502693
1,3.114891324328414e-05,0.22346045703502693
2,3.114891324328414e-05,0.22346045703502693
3,3.114891324328414e-05,0.22346045703502693
4,3.114891324328414e-05,0.22346045703502693
5,3.114891324328414e-05,0.22346045703502693
6,3.114891324328414e-05,0.22346045703502693
7,3.114891324328414e-05,0.22346045703502693
8,3.114891324328414e-05,0.22346045703502693
9,3.114891324328414e-05,0.22346045703502693
10,3.114891324328414e-05,0.22346045703502693
