,tau,length
0,0.287699843843331,0.905820134545562
1,0.287699843843331,0.905820134545562
2,0.287699843843331,0.905820134545562
3,0.287699843843331,0.905820134545562
4,0.287699843843331,0.905820134545562
5,0.287699843843331,0.905820134545562
