,beta,tau,length
0,4.181558168901636,0.7666903540024368,1.6516733556255947
1,4.181558168901636,0.7666903540024368,1.6516733556255947
2,4.181558168901636,0.7666903540024368,1.6516733556255947
3,4.181558168901636,0.7666903540024368,1.6516733556255947
4,4.181558168901636,0.7666903540024368,1.6516733556255947
5,4.181558168901636,0.7666903540024368,1.6516733556255947
6,4.181558168901636,0.7666903540024368,1.6516733556255947
7,4.181558168901636,0.7666903540024368,1.6516733556255947
8,4.181558168901636,0.7666903540024368,1.6516733556255947
9,4.181558168901636,0.7666903540024368,1.6516733556255947
10,4.181558168901636,0.7666903540024368,1.6516733556255947
