,beta,tau,length
0,4.18092270818276,1.431679473306113,0.6887765790150542
1,4.18092270818276,1.431679473306113,0.6887765790150542
2,4.18092270818276,1.431679473306113,0.6887765790150542
3,4.18092270818276,1.431679473306113,0.6887765790150542
4,4.18092270818276,1.431679473306113,0.6887765790150542
5,4.18092270818276,1.431679473306113,0.6887765790150542
