,beta,tau,length
0,9.999999999998092,9.932692296969481,1.2994416879181632
1,9.999999999998092,9.932692296969481,1.2994416879181632
2,9.999999999998092,9.932692296969481,1.2994416879181632
3,9.999999999998092,9.932692296969481,1.2994416879181632
4,9.999999999998092,9.932692296969481,1.2994416879181632
5,9.999999999998092,9.932692296969481,1.2994416879181632
6,9.999999999998092,9.932692296969481,1.2994416879181632
7,9.999999999998092,9.932692296969481,1.2994416879181632
8,9.999999999998092,9.932692296969481,1.2994416879181632
9,9.999999999998092,9.932692296969481,1.2994416879181632
10,9.999999999998092,9.932692296969481,1.2994416879181632
