,beta,tau,length
0,9.999999999975682,0.3738797103756415,9.999999999981672
1,9.999999999975682,0.3738797103756415,9.999999999981672
2,9.999999999975682,0.3738797103756415,9.999999999981672
3,9.999999999975682,0.3738797103756415,9.999999999981672
4,9.999999999975682,0.3738797103756415,9.999999999981672
5,9.999999999975682,0.3738797103756415,9.999999999981672
