,tau,length
0,3.3518409943600904,1.0625915835900412
1,3.3518409943600904,1.0625915835900412
2,3.3518409943600904,1.0625915835900412
3,3.3518409943600904,1.0625915835900412
4,3.3518409943600904,1.0625915835900412
5,3.3518409943600904,1.0625915835900412
6,3.3518409943600904,1.0625915835900412
7,3.3518409943600904,1.0625915835900412
8,3.3518409943600904,1.0625915835900412
9,3.3518409943600904,1.0625915835900412
10,3.3518409943600904,1.0625915835900412
