,beta,tau,length
0,9.33368568034114,1.6560331884374253e-09,0.16817218240923648
1,9.33368568034114,1.6560331884374253e-09,0.16817218240923648
2,9.33368568034114,1.6560331884374253e-09,0.16817218240923648
3,9.33368568034114,1.6560331884374253e-09,0.16817218240923648
4,9.33368568034114,1.6560331884374253e-09,0.16817218240923648
5,9.33368568034114,1.6560331884374253e-09,0.16817218240923648
