,beta,tau,length
0,5.111234287550685,1.4302054522918302,1.5770206267492748
1,5.111234287550685,1.4302054522918302,1.5770206267492748
2,5.111234287550685,1.4302054522918302,1.5770206267492748
3,5.111234287550685,1.4302054522918302,1.5770206267492748
4,5.111234287550685,1.4302054522918302,1.5770206267492748
5,5.111234287550685,1.4302054522918302,1.5770206267492748
