,beta,tau,length
0,2.5280860351579575,0.00043891925975990685,0.22429926883551288
1,2.5280860351579575,0.00043891925975990685,0.22429926883551288
2,2.5280860351579575,0.00043891925975990685,0.22429926883551288
3,2.5280860351579575,0.00043891925975990685,0.22429926883551288
4,2.5280860351579575,0.00043891925975990685,0.22429926883551288
5,2.5280860351579575,0.00043891925975990685,0.22429926883551288
