,tau,length
0,0.2512538152287431,1.1159214168049303
1,0.2512538152287431,1.1159214168049303
2,0.2512538152287431,1.1159214168049303
3,0.2512538152287431,1.1159214168049303
4,0.2512538152287431,1.1159214168049303
5,0.2512538152287431,1.1159214168049303
