,tau,length
0,6.39664995637784e-12,0.16059743762526013
1,6.39664995637784e-12,0.16059743762526013
2,6.39664995637784e-12,0.16059743762526013
3,6.39664995637784e-12,0.16059743762526013
4,6.39664995637784e-12,0.16059743762526013
5,6.39664995637784e-12,0.16059743762526013
