,beta,tau,length
0,6.563339432556557,2.7100478417718594e-09,0.16990676347531775
1,6.563339432556557,2.7100478417718594e-09,0.16990676347531775
2,6.563339432556557,2.7100478417718594e-09,0.16990676347531775
3,6.563339432556557,2.7100478417718594e-09,0.16990676347531775
4,6.563339432556557,2.7100478417718594e-09,0.16990676347531775
5,6.563339432556557,2.7100478417718594e-09,0.16990676347531775
