,beta,tau,length
0,9.999999999999902,2.349652602911541,0.08792907113987568
1,9.999999999999902,2.349652602911541,0.08792907113987568
2,9.999999999999902,2.349652602911541,0.08792907113987568
3,9.999999999999902,2.349652602911541,0.08792907113987568
4,9.999999999999902,2.349652602911541,0.08792907113987568
5,9.999999999999902,2.349652602911541,0.08792907113987568
