,beta,tau,length
0,0.3092187300360212,5.32915917594223,0.16522008683269318
1,0.3092187300360212,5.32915917594223,0.16522008683269318
2,0.3092187300360212,5.32915917594223,0.16522008683269318
3,0.3092187300360212,5.32915917594223,0.16522008683269318
4,0.3092187300360212,5.32915917594223,0.16522008683269318
5,0.3092187300360212,5.32915917594223,0.16522008683269318
