,beta,tau,length
0,1.9040361202501916,3.442016077336304e-05,0.20276901854858098
1,1.9040361202501916,3.442016077336304e-05,0.20276901854858098
2,1.9040361202501916,3.442016077336304e-05,0.20276901854858098
3,1.9040361202501916,3.442016077336304e-05,0.20276901854858098
4,1.9040361202501916,3.442016077336304e-05,0.20276901854858098
5,1.9040361202501916,3.442016077336304e-05,0.20276901854858098
