,beta,tau,length
0,0.7996769520998921,1.1852285899385858e-11,0.1706010919206753
1,0.7996769520998921,1.1852285899385858e-11,0.1706010919206753
2,0.7996769520998921,1.1852285899385858e-11,0.1706010919206753
3,0.7996769520998921,1.1852285899385858e-11,0.1706010919206753
4,0.7996769520998921,1.1852285899385858e-11,0.1706010919206753
5,0.7996769520998921,1.1852285899385858e-11,0.1706010919206753
