,beta,tau,length
0,3.1229923787631564,6.262657858885883e-13,0.16899738413594112
1,3.1229923787631564,6.262657858885883e-13,0.16899738413594112
2,3.1229923787631564,6.262657858885883e-13,0.16899738413594112
3,3.1229923787631564,6.262657858885883e-13,0.16899738413594112
4,3.1229923787631564,6.262657858885883e-13,0.16899738413594112
5,3.1229923787631564,6.262657858885883e-13,0.16899738413594112
