,tau,length
0,0.00017969551241902034,0.0012905427630039879
1,0.00017969551241902034,0.0012905427630039879
2,0.00017969551241902034,0.0012905427630039879
3,0.00017969551241902034,0.0012905427630039879
4,0.00017969551241902034,0.0012905427630039879
5,0.00017969551241902034,0.0012905427630039879
