,beta,tau,length
0,9.999999999999998,0.38524710806229223,0.11884978456129135
1,9.999999999999998,0.38524710806229223,0.11884978456129135
2,9.999999999999998,0.38524710806229223,0.11884978456129135
3,9.999999999999998,0.38524710806229223,0.11884978456129135
4,9.999999999999998,0.38524710806229223,0.11884978456129135
5,9.999999999999998,0.38524710806229223,0.11884978456129135
