,beta,tau,length
0,2.607970671239622,2.43859054170949,0.05554562673496087
1,2.607970671239622,2.43859054170949,0.05554562673496087
2,2.607970671239622,2.43859054170949,0.05554562673496087
3,2.607970671239622,2.43859054170949,0.05554562673496087
4,2.607970671239622,2.43859054170949,0.05554562673496087
5,2.607970671239622,2.43859054170949,0.05554562673496087
