,beta,tau,length
0,4.494206008143126e-10,5.006617862287074,5.958676895763517
1,4.494206008143126e-10,5.006617862287074,5.958676895763517
2,4.494206008143126e-10,5.006617862287074,5.958676895763517
3,4.494206008143126e-10,5.006617862287074,5.958676895763517
4,4.494206008143126e-10,5.006617862287074,5.958676895763517
5,4.494206008143126e-10,5.006617862287074,5.958676895763517
