,tau,length
0,9.999999999984734,0.9058195141159937
1,9.999999999984734,0.9058195141159937
2,9.999999999984734,0.9058195141159937
3,9.999999999984734,0.9058195141159937
4,9.999999999984734,0.9058195141159937
5,9.999999999984734,0.9058195141159937
6,9.999999999984734,0.9058195141159937
7,9.999999999984734,0.9058195141159937
8,9.999999999984734,0.9058195141159937
9,9.999999999984734,0.9058195141159937
10,9.999999999984734,0.9058195141159937
