,beta,tau,length
0,8.234671438793216,0.7311803703807547,1.3064268877332197
1,8.234671438793216,0.7311803703807547,1.3064268877332197
2,8.234671438793216,0.7311803703807547,1.3064268877332197
3,8.234671438793216,0.7311803703807547,1.3064268877332197
4,8.234671438793216,0.7311803703807547,1.3064268877332197
5,8.234671438793216,0.7311803703807547,1.3064268877332197
