,beta,tau,length
0,0.02920927491159807,5.198858824987966,0.11642574491015699
1,0.02920927491159807,5.198858824987966,0.11642574491015699
2,0.02920927491159807,5.198858824987966,0.11642574491015699
3,0.02920927491159807,5.198858824987966,0.11642574491015699
4,0.02920927491159807,5.198858824987966,0.11642574491015699
5,0.02920927491159807,5.198858824987966,0.11642574491015699
