,tau,length
0,9.999999999913333,0.5471868668712527
1,9.999999999913333,0.5471868668712527
2,9.999999999913333,0.5471868668712527
3,9.999999999913333,0.5471868668712527
4,9.999999999913333,0.5471868668712527
5,9.999999999913333,0.5471868668712527
