,beta,tau,length
0,0.1508669165481814,3.021106184251106,1.5217667238688248
1,0.1508669165481814,3.021106184251106,1.5217667238688248
2,0.1508669165481814,3.021106184251106,1.5217667238688248
3,0.1508669165481814,3.021106184251106,1.5217667238688248
4,0.1508669165481814,3.021106184251106,1.5217667238688248
5,0.1508669165481814,3.021106184251106,1.5217667238688248
