,tau,length
0,0.041400209404326524,0.49716161402132764
1,0.041400209404326524,0.49716161402132764
2,0.041400209404326524,0.49716161402132764
3,0.041400209404326524,0.49716161402132764
4,0.041400209404326524,0.49716161402132764
5,0.041400209404326524,0.49716161402132764
6,0.041400209404326524,0.49716161402132764
7,0.041400209404326524,0.49716161402132764
8,0.041400209404326524,0.49716161402132764
9,0.041400209404326524,0.49716161402132764
10,0.041400209404326524,0.49716161402132764
