,tau,length
0,9.999999997798412,1.2179458732395725
1,9.999999997798412,1.2179458732395725
2,9.999999997798412,1.2179458732395725
3,9.999999997798412,1.2179458732395725
4,9.999999997798412,1.2179458732395725
5,9.999999997798412,1.2179458732395725
6,9.999999997798412,1.2179458732395725
7,9.999999997798412,1.2179458732395725
8,9.999999997798412,1.2179458732395725
9,9.999999997798412,1.2179458732395725
10,9.999999997798412,1.2179458732395725
