,beta,tau,length
0,6.106000109289667,0.23838480590775046,1.1124772014769457
1,6.106000109289667,0.23838480590775046,1.1124772014769457
2,6.106000109289667,0.23838480590775046,1.1124772014769457
3,6.106000109289667,0.23838480590775046,1.1124772014769457
4,6.106000109289667,0.23838480590775046,1.1124772014769457
5,6.106000109289667,0.23838480590775046,1.1124772014769457
6,6.106000109289667,0.23838480590775046,1.1124772014769457
7,6.106000109289667,0.23838480590775046,1.1124772014769457
8,6.106000109289667,0.23838480590775046,1.1124772014769457
9,6.106000109289667,0.23838480590775046,1.1124772014769457
10,6.106000109289667,0.23838480590775046,1.1124772014769457
