,beta,tau,length
0,8.63822451095426,0.9665599235256046,0.8264915695753673
1,8.63822451095426,0.9665599235256046,0.8264915695753673
2,8.63822451095426,0.9665599235256046,0.8264915695753673
3,8.63822451095426,0.9665599235256046,0.8264915695753673
4,8.63822451095426,0.9665599235256046,0.8264915695753673
5,8.63822451095426,0.9665599235256046,0.8264915695753673
6,8.63822451095426,0.9665599235256046,0.8264915695753673
7,8.63822451095426,0.9665599235256046,0.8264915695753673
8,8.63822451095426,0.9665599235256046,0.8264915695753673
9,8.63822451095426,0.9665599235256046,0.8264915695753673
10,8.63822451095426,0.9665599235256046,0.8264915695753673
