,tau,length
0,3.142889234583976,0.933835299866458
1,3.142889234583976,0.933835299866458
2,3.142889234583976,0.933835299866458
3,3.142889234583976,0.933835299866458
4,3.142889234583976,0.933835299866458
5,3.142889234583976,0.933835299866458
6,3.142889234583976,0.933835299866458
7,3.142889234583976,0.933835299866458
8,3.142889234583976,0.933835299866458
9,3.142889234583976,0.933835299866458
10,3.142889234583976,0.933835299866458
