,beta,tau,length
0,7.330833190295422,0.0030272978125118646,1.7141350661472528
1,7.330833190295422,0.0030272978125118646,1.7141350661472528
2,7.330833190295422,0.0030272978125118646,1.7141350661472528
3,7.330833190295422,0.0030272978125118646,1.7141350661472528
4,7.330833190295422,0.0030272978125118646,1.7141350661472528
5,7.330833190295422,0.0030272978125118646,1.7141350661472528
6,7.330833190295422,0.0030272978125118646,1.7141350661472528
7,7.330833190295422,0.0030272978125118646,1.7141350661472528
8,7.330833190295422,0.0030272978125118646,1.7141350661472528
9,7.330833190295422,0.0030272978125118646,1.7141350661472528
10,7.330833190295422,0.0030272978125118646,1.7141350661472528
