,beta,tau,length
0,9.999999999995392,2.6169303536008908,1.6749620154993194
1,9.999999999995392,2.6169303536008908,1.6749620154993194
2,9.999999999995392,2.6169303536008908,1.6749620154993194
3,9.999999999995392,2.6169303536008908,1.6749620154993194
4,9.999999999995392,2.6169303536008908,1.6749620154993194
5,9.999999999995392,2.6169303536008908,1.6749620154993194
6,9.999999999995392,2.6169303536008908,1.6749620154993194
7,9.999999999995392,2.6169303536008908,1.6749620154993194
8,9.999999999995392,2.6169303536008908,1.6749620154993194
9,9.999999999995392,2.6169303536008908,1.6749620154993194
10,9.999999999995392,2.6169303536008908,1.6749620154993194
