,tau,length
0,9.473117735492227e-10,0.1670683314258099
1,9.473117735492227e-10,0.1670683314258099
2,9.473117735492227e-10,0.1670683314258099
3,9.473117735492227e-10,0.1670683314258099
4,9.473117735492227e-10,0.1670683314258099
5,9.473117735492227e-10,0.1670683314258099
