,beta,tau,length
0,7.930172956393279,1.1920512795092213,1.5003072812118852
1,7.930172956393279,1.1920512795092213,1.5003072812118852
2,7.930172956393279,1.1920512795092213,1.5003072812118852
3,7.930172956393279,1.1920512795092213,1.5003072812118852
4,7.930172956393279,1.1920512795092213,1.5003072812118852
5,7.930172956393279,1.1920512795092213,1.5003072812118852
