,beta,tau,length
0,6.473506083208217,1.2642023944754914,0.8940421692635054
1,6.473506083208217,1.2642023944754914,0.8940421692635054
2,6.473506083208217,1.2642023944754914,0.8940421692635054
3,6.473506083208217,1.2642023944754914,0.8940421692635054
4,6.473506083208217,1.2642023944754914,0.8940421692635054
5,6.473506083208217,1.2642023944754914,0.8940421692635054
6,6.473506083208217,1.2642023944754914,0.8940421692635054
7,6.473506083208217,1.2642023944754914,0.8940421692635054
8,6.473506083208217,1.2642023944754914,0.8940421692635054
9,6.473506083208217,1.2642023944754914,0.8940421692635054
10,6.473506083208217,1.2642023944754914,0.8940421692635054
