,beta,tau,length
0,5.421070837372053,0.0847268267421276,1.6799274047604569
1,5.421070837372053,0.0847268267421276,1.6799274047604569
2,5.421070837372053,0.0847268267421276,1.6799274047604569
3,5.421070837372053,0.0847268267421276,1.6799274047604569
4,5.421070837372053,0.0847268267421276,1.6799274047604569
5,5.421070837372053,0.0847268267421276,1.6799274047604569
