,beta,tau,length
0,1e-16,0.17534820000407303,1.5340904680386047
1,1e-16,0.17534820000407303,1.5340904680386047
2,1e-16,0.17534820000407303,1.5340904680386047
3,1e-16,0.17534820000407303,1.5340904680386047
4,1e-16,0.17534820000407303,1.5340904680386047
5,1e-16,0.17534820000407303,1.5340904680386047
