,beta,tau,length
0,5.468474785638355,1.016886944232009,0.45595271592293385
1,5.468474785638355,1.016886944232009,0.45595271592293385
2,5.468474785638355,1.016886944232009,0.45595271592293385
3,5.468474785638355,1.016886944232009,0.45595271592293385
4,5.468474785638355,1.016886944232009,0.45595271592293385
5,5.468474785638355,1.016886944232009,0.45595271592293385
6,5.468474785638355,1.016886944232009,0.45595271592293385
7,5.468474785638355,1.016886944232009,0.45595271592293385
8,5.468474785638355,1.016886944232009,0.45595271592293385
9,5.468474785638355,1.016886944232009,0.45595271592293385
10,5.468474785638355,1.016886944232009,0.45595271592293385
