,beta,tau,length
0,0.02325540355245136,1.6384407496654712,4.351689218261575e-05
1,0.02325540355245136,1.6384407496654712,4.351689218261575e-05
2,0.02325540355245136,1.6384407496654712,4.351689218261575e-05
3,0.02325540355245136,1.6384407496654712,4.351689218261575e-05
4,0.02325540355245136,1.6384407496654712,4.351689218261575e-05
5,0.02325540355245136,1.6384407496654712,4.351689218261575e-05
