,beta,tau,length
0,0.008769478388971453,4.030990936184217,0.0635620647863878
1,0.008769478388971453,4.030990936184217,0.0635620647863878
2,0.008769478388971453,4.030990936184217,0.0635620647863878
3,0.008769478388971453,4.030990936184217,0.0635620647863878
4,0.008769478388971453,4.030990936184217,0.0635620647863878
5,0.008769478388971453,4.030990936184217,0.0635620647863878
