,beta,tau,length
0,1.7134338352773093,2.124095816871609,1.730536508782115
1,1.7134338352773093,2.124095816871609,1.730536508782115
2,1.7134338352773093,2.124095816871609,1.730536508782115
3,1.7134338352773093,2.124095816871609,1.730536508782115
4,1.7134338352773093,2.124095816871609,1.730536508782115
5,1.7134338352773093,2.124095816871609,1.730536508782115
