,beta,tau,length
0,2.737702099607748,0.26467241779846506,0.005415466406620373
1,2.737702099607748,0.26467241779846506,0.005415466406620373
2,2.737702099607748,0.26467241779846506,0.005415466406620373
3,2.737702099607748,0.26467241779846506,0.005415466406620373
4,2.737702099607748,0.26467241779846506,0.005415466406620373
5,2.737702099607748,0.26467241779846506,0.005415466406620373
