,beta,tau,length
0,10.0,4.295949830632523,0.11437911900548779
1,10.0,4.295949830632523,0.11437911900548779
2,10.0,4.295949830632523,0.11437911900548779
3,10.0,4.295949830632523,0.11437911900548779
4,10.0,4.295949830632523,0.11437911900548779
5,10.0,4.295949830632523,0.11437911900548779
6,10.0,4.295949830632523,0.11437911900548779
7,10.0,4.295949830632523,0.11437911900548779
8,10.0,4.295949830632523,0.11437911900548779
9,10.0,4.295949830632523,0.11437911900548779
10,10.0,4.295949830632523,0.11437911900548779
