,tau,length
0,9.999999999991909,1.25504394696479
1,9.999999999991909,1.25504394696479
2,9.999999999991909,1.25504394696479
3,9.999999999991909,1.25504394696479
4,9.999999999991909,1.25504394696479
5,9.999999999991909,1.25504394696479
6,9.999999999991909,1.25504394696479
7,9.999999999991909,1.25504394696479
8,9.999999999991909,1.25504394696479
9,9.999999999991909,1.25504394696479
10,9.999999999991909,1.25504394696479
