,tau,length
0,0.006982508619358774,0.07382673714560094
1,0.006982508619358774,0.07382673714560094
2,0.006982508619358774,0.07382673714560094
3,0.006982508619358774,0.07382673714560094
4,0.006982508619358774,0.07382673714560094
5,0.006982508619358774,0.07382673714560094
