,tau,length
0,9.999999999980398,1.024177517054388
1,9.999999999980398,1.024177517054388
2,9.999999999980398,1.024177517054388
3,9.999999999980398,1.024177517054388
4,9.999999999980398,1.024177517054388
5,9.999999999980398,1.024177517054388
6,9.999999999980398,1.024177517054388
7,9.999999999980398,1.024177517054388
8,9.999999999980398,1.024177517054388
9,9.999999999980398,1.024177517054388
10,9.999999999980398,1.024177517054388
