,tau,length
0,0.14954641965818372,0.7975555061308938
1,0.14954641965818372,0.7975555061308938
2,0.14954641965818372,0.7975555061308938
3,0.14954641965818372,0.7975555061308938
4,0.14954641965818372,0.7975555061308938
5,0.14954641965818372,0.7975555061308938
6,0.14954641965818372,0.7975555061308938
7,0.14954641965818372,0.7975555061308938
8,0.14954641965818372,0.7975555061308938
9,0.14954641965818372,0.7975555061308938
10,0.14954641965818372,0.7975555061308938
