,beta,tau,length
0,9.999999997911162,1.01221136143754,9.999999998762346
1,9.999999997911162,1.01221136143754,9.999999998762346
2,9.999999997911162,1.01221136143754,9.999999998762346
3,9.999999997911162,1.01221136143754,9.999999998762346
4,9.999999997911162,1.01221136143754,9.999999998762346
5,9.999999997911162,1.01221136143754,9.999999998762346
