,beta,tau,length
0,2.4111089338092673,1.1296569963584668,0.11975759295146614
1,2.4111089338092673,1.1296569963584668,0.11975759295146614
2,2.4111089338092673,1.1296569963584668,0.11975759295146614
3,2.4111089338092673,1.1296569963584668,0.11975759295146614
4,2.4111089338092673,1.1296569963584668,0.11975759295146614
5,2.4111089338092673,1.1296569963584668,0.11975759295146614
6,2.4111089338092673,1.1296569963584668,0.11975759295146614
7,2.4111089338092673,1.1296569963584668,0.11975759295146614
8,2.4111089338092673,1.1296569963584668,0.11975759295146614
9,2.4111089338092673,1.1296569963584668,0.11975759295146614
10,2.4111089338092673,1.1296569963584668,0.11975759295146614
