,beta,tau,length
0,9.999999999944663,7.5350470791985344,0.0021785213956749708
1,9.999999999944663,7.5350470791985344,0.0021785213956749708
2,9.999999999944663,7.5350470791985344,0.0021785213956749708
3,9.999999999944663,7.5350470791985344,0.0021785213956749708
4,9.999999999944663,7.5350470791985344,0.0021785213956749708
5,9.999999999944663,7.5350470791985344,0.0021785213956749708
6,9.999999999944663,7.5350470791985344,0.0021785213956749708
7,9.999999999944663,7.5350470791985344,0.0021785213956749708
8,9.999999999944663,7.5350470791985344,0.0021785213956749708
9,9.999999999944663,7.5350470791985344,0.0021785213956749708
10,9.999999999944663,7.5350470791985344,0.0021785213956749708
