,tau,length
0,1.667512780886275,0.7948206101464673
1,1.667512780886275,0.7948206101464673
2,1.667512780886275,0.7948206101464673
3,1.667512780886275,0.7948206101464673
4,1.667512780886275,0.7948206101464673
5,1.667512780886275,0.7948206101464673
