,beta,tau,length
0,9.999999999994898,0.15376491307071372,0.05674720517130703
1,9.999999999994898,0.15376491307071372,0.05674720517130703
2,9.999999999994898,0.15376491307071372,0.05674720517130703
3,9.999999999994898,0.15376491307071372,0.05674720517130703
4,9.999999999994898,0.15376491307071372,0.05674720517130703
5,9.999999999994898,0.15376491307071372,0.05674720517130703
