,tau,length
0,9.999999999999838,0.026967465117089907
1,9.999999999999838,0.026967465117089907
2,9.999999999999838,0.026967465117089907
3,9.999999999999838,0.026967465117089907
4,9.999999999999838,0.026967465117089907
5,9.999999999999838,0.026967465117089907
