,tau,length
0,0.2199967757106065,0.5916546195244389
1,0.2199967757106065,0.5916546195244389
2,0.2199967757106065,0.5916546195244389
3,0.2199967757106065,0.5916546195244389
4,0.2199967757106065,0.5916546195244389
5,0.2199967757106065,0.5916546195244389
6,0.2199967757106065,0.5916546195244389
7,0.2199967757106065,0.5916546195244389
8,0.2199967757106065,0.5916546195244389
9,0.2199967757106065,0.5916546195244389
10,0.2199967757106065,0.5916546195244389
