,tau,length
0,0.8638836599076473,0.905819445002652
1,0.8638836599076473,0.905819445002652
2,0.8638836599076473,0.905819445002652
3,0.8638836599076473,0.905819445002652
4,0.8638836599076473,0.905819445002652
5,0.8638836599076473,0.905819445002652
