,beta,tau,length
0,4.821243506961142,3.0092029351807312,0.07319040302049061
1,4.821243506961142,3.0092029351807312,0.07319040302049061
2,4.821243506961142,3.0092029351807312,0.07319040302049061
3,4.821243506961142,3.0092029351807312,0.07319040302049061
4,4.821243506961142,3.0092029351807312,0.07319040302049061
5,4.821243506961142,3.0092029351807312,0.07319040302049061
