,beta,tau,length
0,4.213639348051934,1.6413743013595723,0.5728895379871208
1,4.213639348051934,1.6413743013595723,0.5728895379871208
2,4.213639348051934,1.6413743013595723,0.5728895379871208
3,4.213639348051934,1.6413743013595723,0.5728895379871208
4,4.213639348051934,1.6413743013595723,0.5728895379871208
5,4.213639348051934,1.6413743013595723,0.5728895379871208
