,tau,length
0,3.840586960224348e-06,0.20410790734192563
1,3.840586960224348e-06,0.20410790734192563
2,3.840586960224348e-06,0.20410790734192563
3,3.840586960224348e-06,0.20410790734192563
4,3.840586960224348e-06,0.20410790734192563
5,3.840586960224348e-06,0.20410790734192563
