,beta,tau,length
0,2.6807439083294597,1.0295647192261215,1.4876460857795997
1,2.6807439083294597,1.0295647192261215,1.4876460857795997
2,2.6807439083294597,1.0295647192261215,1.4876460857795997
3,2.6807439083294597,1.0295647192261215,1.4876460857795997
4,2.6807439083294597,1.0295647192261215,1.4876460857795997
5,2.6807439083294597,1.0295647192261215,1.4876460857795997
6,2.6807439083294597,1.0295647192261215,1.4876460857795997
7,2.6807439083294597,1.0295647192261215,1.4876460857795997
8,2.6807439083294597,1.0295647192261215,1.4876460857795997
9,2.6807439083294597,1.0295647192261215,1.4876460857795997
10,2.6807439083294597,1.0295647192261215,1.4876460857795997
