,beta,tau,length
0,3.449508591580601,0.60716396210806,0.10569956377674282
1,3.449508591580601,0.60716396210806,0.10569956377674282
2,3.449508591580601,0.60716396210806,0.10569956377674282
3,3.449508591580601,0.60716396210806,0.10569956377674282
4,3.449508591580601,0.60716396210806,0.10569956377674282
5,3.449508591580601,0.60716396210806,0.10569956377674282
