,beta,tau,length
0,0.009446763754786914,0.1452812193885623,0.04199871942381704
1,0.009446763754786914,0.1452812193885623,0.04199871942381704
2,0.009446763754786914,0.1452812193885623,0.04199871942381704
3,0.009446763754786914,0.1452812193885623,0.04199871942381704
4,0.009446763754786914,0.1452812193885623,0.04199871942381704
5,0.009446763754786914,0.1452812193885623,0.04199871942381704
