,beta,tau,length
0,0.013718422821502142,1.4617500514093624,0.12217582476153853
1,0.013718422821502142,1.4617500514093624,0.12217582476153853
2,0.013718422821502142,1.4617500514093624,0.12217582476153853
3,0.013718422821502142,1.4617500514093624,0.12217582476153853
4,0.013718422821502142,1.4617500514093624,0.12217582476153853
5,0.013718422821502142,1.4617500514093624,0.12217582476153853
