,tau,length
0,9.999999999093594,0.9058194994141001
1,9.999999999093594,0.9058194994141001
2,9.999999999093594,0.9058194994141001
3,9.999999999093594,0.9058194994141001
4,9.999999999093594,0.9058194994141001
5,9.999999999093594,0.9058194994141001
