,beta,tau,length
0,3.268925635126143,2.7858198025743156e-05,0.21194969889082382
1,3.268925635126143,2.7858198025743156e-05,0.21194969889082382
2,3.268925635126143,2.7858198025743156e-05,0.21194969889082382
3,3.268925635126143,2.7858198025743156e-05,0.21194969889082382
4,3.268925635126143,2.7858198025743156e-05,0.21194969889082382
5,3.268925635126143,2.7858198025743156e-05,0.21194969889082382
