,beta,tau,length
0,8.379140245054431,2.4060769777568235e-06,0.18742417843813763
1,8.379140245054431,2.4060769777568235e-06,0.18742417843813763
2,8.379140245054431,2.4060769777568235e-06,0.18742417843813763
3,8.379140245054431,2.4060769777568235e-06,0.18742417843813763
4,8.379140245054431,2.4060769777568235e-06,0.18742417843813763
5,8.379140245054431,2.4060769777568235e-06,0.18742417843813763
