,tau,length
0,0.8429434788467134,0.9298947437363643
1,0.8429434788467134,0.9298947437363643
2,0.8429434788467134,0.9298947437363643
3,0.8429434788467134,0.9298947437363643
4,0.8429434788467134,0.9298947437363643
5,0.8429434788467134,0.9298947437363643
