,beta,tau,length
0,0.005422925525205946,0.3603886828435583,0.0001898200981066301
1,0.005422925525205946,0.3603886828435583,0.0001898200981066301
2,0.005422925525205946,0.3603886828435583,0.0001898200981066301
3,0.005422925525205946,0.3603886828435583,0.0001898200981066301
4,0.005422925525205946,0.3603886828435583,0.0001898200981066301
5,0.005422925525205946,0.3603886828435583,0.0001898200981066301
