,tau,length
0,9.999999999573788,1.4190581917689271
1,9.999999999573788,1.4190581917689271
2,9.999999999573788,1.4190581917689271
3,9.999999999573788,1.4190581917689271
4,9.999999999573788,1.4190581917689271
5,9.999999999573788,1.4190581917689271
6,9.999999999573788,1.4190581917689271
7,9.999999999573788,1.4190581917689271
8,9.999999999573788,1.4190581917689271
9,9.999999999573788,1.4190581917689271
10,9.999999999573788,1.4190581917689271
