,beta,tau,length
0,5.862498397790076,1.391461837872984e-05,0.20286957081895107
1,5.862498397790076,1.391461837872984e-05,0.20286957081895107
2,5.862498397790076,1.391461837872984e-05,0.20286957081895107
3,5.862498397790076,1.391461837872984e-05,0.20286957081895107
4,5.862498397790076,1.391461837872984e-05,0.20286957081895107
5,5.862498397790076,1.391461837872984e-05,0.20286957081895107
