,beta,tau,length
0,9.99999999999966,0.1771031447785566,0.1808146190250871
1,9.99999999999966,0.1771031447785566,0.1808146190250871
2,9.99999999999966,0.1771031447785566,0.1808146190250871
3,9.99999999999966,0.1771031447785566,0.1808146190250871
4,9.99999999999966,0.1771031447785566,0.1808146190250871
5,9.99999999999966,0.1771031447785566,0.1808146190250871
