,beta,tau,length
0,7.565689175430064,0.0024432516667145412,1.6989168990496784
1,7.565689175430064,0.0024432516667145412,1.6989168990496784
2,7.565689175430064,0.0024432516667145412,1.6989168990496784
3,7.565689175430064,0.0024432516667145412,1.6989168990496784
4,7.565689175430064,0.0024432516667145412,1.6989168990496784
5,7.565689175430064,0.0024432516667145412,1.6989168990496784
6,7.565689175430064,0.0024432516667145412,1.6989168990496784
7,7.565689175430064,0.0024432516667145412,1.6989168990496784
8,7.565689175430064,0.0024432516667145412,1.6989168990496784
9,7.565689175430064,0.0024432516667145412,1.6989168990496784
10,7.565689175430064,0.0024432516667145412,1.6989168990496784
