,tau,length
0,0.36579672528368534,0.9255338368560452
1,0.36579672528368534,0.9255338368560452
2,0.36579672528368534,0.9255338368560452
3,0.36579672528368534,0.9255338368560452
4,0.36579672528368534,0.9255338368560452
5,0.36579672528368534,0.9255338368560452
