,beta,tau,length
0,1.4836943785478869e-09,5.850010705144473,1.1963428883784015
1,1.4836943785478869e-09,5.850010705144473,1.1963428883784015
2,1.4836943785478869e-09,5.850010705144473,1.1963428883784015
3,1.4836943785478869e-09,5.850010705144473,1.1963428883784015
4,1.4836943785478869e-09,5.850010705144473,1.1963428883784015
5,1.4836943785478869e-09,5.850010705144473,1.1963428883784015
