,beta,tau,length
0,9.999999999997208,2.767139362291142,9.999999999992825
1,9.999999999997208,2.767139362291142,9.999999999992825
2,9.999999999997208,2.767139362291142,9.999999999992825
3,9.999999999997208,2.767139362291142,9.999999999992825
4,9.999999999997208,2.767139362291142,9.999999999992825
5,9.999999999997208,2.767139362291142,9.999999999992825
