,tau,length
0,9.999999999029537,1.2496877918138138
1,9.999999999029537,1.2496877918138138
2,9.999999999029537,1.2496877918138138
3,9.999999999029537,1.2496877918138138
4,9.999999999029537,1.2496877918138138
5,9.999999999029537,1.2496877918138138
6,9.999999999029537,1.2496877918138138
7,9.999999999029537,1.2496877918138138
8,9.999999999029537,1.2496877918138138
9,9.999999999029537,1.2496877918138138
10,9.999999999029537,1.2496877918138138
