,beta,tau,length
0,4.532841443866103,0.3654733331175831,1.286424475132898
1,4.532841443866103,0.3654733331175831,1.286424475132898
2,4.532841443866103,0.3654733331175831,1.286424475132898
3,4.532841443866103,0.3654733331175831,1.286424475132898
4,4.532841443866103,0.3654733331175831,1.286424475132898
5,4.532841443866103,0.3654733331175831,1.286424475132898
6,4.532841443866103,0.3654733331175831,1.286424475132898
7,4.532841443866103,0.3654733331175831,1.286424475132898
8,4.532841443866103,0.3654733331175831,1.286424475132898
9,4.532841443866103,0.3654733331175831,1.286424475132898
10,4.532841443866103,0.3654733331175831,1.286424475132898
