,beta,tau,length
0,5.948735613088225,0.3566834119130725,0.11259353653596825
1,5.948735613088225,0.3566834119130725,0.11259353653596825
2,5.948735613088225,0.3566834119130725,0.11259353653596825
3,5.948735613088225,0.3566834119130725,0.11259353653596825
4,5.948735613088225,0.3566834119130725,0.11259353653596825
5,5.948735613088225,0.3566834119130725,0.11259353653596825
