,tau,length
0,9.999999999546947,0.694251411112093
1,9.999999999546947,0.694251411112093
2,9.999999999546947,0.694251411112093
3,9.999999999546947,0.694251411112093
4,9.999999999546947,0.694251411112093
5,9.999999999546947,0.694251411112093
