,beta,tau,length
0,1.904015982167059e-05,0.5802698435009908,1.4782443603554818
1,1.904015982167059e-05,0.5802698435009908,1.4782443603554818
2,1.904015982167059e-05,0.5802698435009908,1.4782443603554818
3,1.904015982167059e-05,0.5802698435009908,1.4782443603554818
4,1.904015982167059e-05,0.5802698435009908,1.4782443603554818
5,1.904015982167059e-05,0.5802698435009908,1.4782443603554818
