,beta,tau,length
0,7.3168088410812215,0.6444978873323077,1.3674511218516368
1,7.3168088410812215,0.6444978873323077,1.3674511218516368
2,7.3168088410812215,0.6444978873323077,1.3674511218516368
3,7.3168088410812215,0.6444978873323077,1.3674511218516368
4,7.3168088410812215,0.6444978873323077,1.3674511218516368
5,7.3168088410812215,0.6444978873323077,1.3674511218516368
6,7.3168088410812215,0.6444978873323077,1.3674511218516368
7,7.3168088410812215,0.6444978873323077,1.3674511218516368
8,7.3168088410812215,0.6444978873323077,1.3674511218516368
9,7.3168088410812215,0.6444978873323077,1.3674511218516368
10,7.3168088410812215,0.6444978873323077,1.3674511218516368
