,beta,tau,length
0,9.999999999993596,0.030527178837058234,0.18633703055697626
1,9.999999999993596,0.030527178837058234,0.18633703055697626
2,9.999999999993596,0.030527178837058234,0.18633703055697626
3,9.999999999993596,0.030527178837058234,0.18633703055697626
4,9.999999999993596,0.030527178837058234,0.18633703055697626
5,9.999999999993596,0.030527178837058234,0.18633703055697626
