,tau,length
0,0.49117625689167677,0.9915936745522304
1,0.49117625689167677,0.9915936745522304
2,0.49117625689167677,0.9915936745522304
3,0.49117625689167677,0.9915936745522304
4,0.49117625689167677,0.9915936745522304
5,0.49117625689167677,0.9915936745522304
6,0.49117625689167677,0.9915936745522304
7,0.49117625689167677,0.9915936745522304
8,0.49117625689167677,0.9915936745522304
9,0.49117625689167677,0.9915936745522304
10,0.49117625689167677,0.9915936745522304
