,tau,length
0,1.0139656781671309e-09,0.16929362047515728
1,1.0139656781671309e-09,0.16929362047515728
2,1.0139656781671309e-09,0.16929362047515728
3,1.0139656781671309e-09,0.16929362047515728
4,1.0139656781671309e-09,0.16929362047515728
5,1.0139656781671309e-09,0.16929362047515728
