,beta,tau,length
0,9.999999999997922,0.7132397232028405,0.029405104952960438
1,9.999999999997922,0.7132397232028405,0.029405104952960438
2,9.999999999997922,0.7132397232028405,0.029405104952960438
3,9.999999999997922,0.7132397232028405,0.029405104952960438
4,9.999999999997922,0.7132397232028405,0.029405104952960438
5,9.999999999997922,0.7132397232028405,0.029405104952960438
6,9.999999999997922,0.7132397232028405,0.029405104952960438
7,9.999999999997922,0.7132397232028405,0.029405104952960438
8,9.999999999997922,0.7132397232028405,0.029405104952960438
9,9.999999999997922,0.7132397232028405,0.029405104952960438
10,9.999999999997922,0.7132397232028405,0.029405104952960438
