,beta,tau,length
0,0.013501323964433366,2.8443215742962535,0.11117703739479799
1,0.013501323964433366,2.8443215742962535,0.11117703739479799
2,0.013501323964433366,2.8443215742962535,0.11117703739479799
3,0.013501323964433366,2.8443215742962535,0.11117703739479799
4,0.013501323964433366,2.8443215742962535,0.11117703739479799
5,0.013501323964433366,2.8443215742962535,0.11117703739479799
