,beta,tau,length
0,9.99999999999815,1.6470158818531389,7.483631366922507e-06
1,9.99999999999815,1.6470158818531389,7.483631366922507e-06
2,9.99999999999815,1.6470158818531389,7.483631366922507e-06
3,9.99999999999815,1.6470158818531389,7.483631366922507e-06
4,9.99999999999815,1.6470158818531389,7.483631366922507e-06
5,9.99999999999815,1.6470158818531389,7.483631366922507e-06
6,9.99999999999815,1.6470158818531389,7.483631366922507e-06
7,9.99999999999815,1.6470158818531389,7.483631366922507e-06
8,9.99999999999815,1.6470158818531389,7.483631366922507e-06
9,9.99999999999815,1.6470158818531389,7.483631366922507e-06
10,9.99999999999815,1.6470158818531389,7.483631366922507e-06
