,beta,tau,length
0,9.999999999996351,1.0501170089059824,0.19380429843969105
1,9.999999999996351,1.0501170089059824,0.19380429843969105
2,9.999999999996351,1.0501170089059824,0.19380429843969105
3,9.999999999996351,1.0501170089059824,0.19380429843969105
4,9.999999999996351,1.0501170089059824,0.19380429843969105
5,9.999999999996351,1.0501170089059824,0.19380429843969105
