,beta,tau,length
0,1.2722053631958042e-13,7.801056938989142,1.0251409237558384
1,1.2722053631958042e-13,7.801056938989142,1.0251409237558384
2,1.2722053631958042e-13,7.801056938989142,1.0251409237558384
3,1.2722053631958042e-13,7.801056938989142,1.0251409237558384
4,1.2722053631958042e-13,7.801056938989142,1.0251409237558384
5,1.2722053631958042e-13,7.801056938989142,1.0251409237558384
