,tau,length
0,0.03469035405306474,0.3784204658157365
1,0.03469035405306474,0.3784204658157365
2,0.03469035405306474,0.3784204658157365
3,0.03469035405306474,0.3784204658157365
4,0.03469035405306474,0.3784204658157365
5,0.03469035405306474,0.3784204658157365
6,0.03469035405306474,0.3784204658157365
7,0.03469035405306474,0.3784204658157365
8,0.03469035405306474,0.3784204658157365
9,0.03469035405306474,0.3784204658157365
10,0.03469035405306474,0.3784204658157365
