,beta,tau,length
0,9.999999999977383,0.005352428614200477,1.637133828644401
1,9.999999999977383,0.005352428614200477,1.637133828644401
2,9.999999999977383,0.005352428614200477,1.637133828644401
3,9.999999999977383,0.005352428614200477,1.637133828644401
4,9.999999999977383,0.005352428614200477,1.637133828644401
5,9.999999999977383,0.005352428614200477,1.637133828644401
