,beta,tau,length
0,5.466717493392852,4.605214107985827,1.1320837986247245
1,5.466717493392852,4.605214107985827,1.1320837986247245
2,5.466717493392852,4.605214107985827,1.1320837986247245
3,5.466717493392852,4.605214107985827,1.1320837986247245
4,5.466717493392852,4.605214107985827,1.1320837986247245
5,5.466717493392852,4.605214107985827,1.1320837986247245
