,beta,tau,length
0,4.106924913158913,0.13087467712001155,1.501550647900738
1,4.106924913158913,0.13087467712001155,1.501550647900738
2,4.106924913158913,0.13087467712001155,1.501550647900738
3,4.106924913158913,0.13087467712001155,1.501550647900738
4,4.106924913158913,0.13087467712001155,1.501550647900738
5,4.106924913158913,0.13087467712001155,1.501550647900738
6,4.106924913158913,0.13087467712001155,1.501550647900738
7,4.106924913158913,0.13087467712001155,1.501550647900738
8,4.106924913158913,0.13087467712001155,1.501550647900738
9,4.106924913158913,0.13087467712001155,1.501550647900738
10,4.106924913158913,0.13087467712001155,1.501550647900738
