,beta,tau,length
0,6.551115123125783e-16,10.0,0.12429989241155746
1,6.551115123125783e-16,10.0,0.12429989241155746
2,6.551115123125783e-16,10.0,0.12429989241155746
3,6.551115123125783e-16,10.0,0.12429989241155746
4,6.551115123125783e-16,10.0,0.12429989241155746
5,6.551115123125783e-16,10.0,0.12429989241155746
