,beta,tau,length
0,8.500150560625992,0.5086918323505031,1.5907298831075982
1,8.500150560625992,0.5086918323505031,1.5907298831075982
2,8.500150560625992,0.5086918323505031,1.5907298831075982
3,8.500150560625992,0.5086918323505031,1.5907298831075982
4,8.500150560625992,0.5086918323505031,1.5907298831075982
5,8.500150560625992,0.5086918323505031,1.5907298831075982
