,beta,tau,length
0,9.999999999993264,0.001686457470084879,0.1928141372769372
1,9.999999999993264,0.001686457470084879,0.1928141372769372
2,9.999999999993264,0.001686457470084879,0.1928141372769372
3,9.999999999993264,0.001686457470084879,0.1928141372769372
4,9.999999999993264,0.001686457470084879,0.1928141372769372
5,9.999999999993264,0.001686457470084879,0.1928141372769372
