,beta,tau,length
0,1.0004904516651825,2.9368829670409266e-11,0.1758578665683609
1,1.0004904516651825,2.9368829670409266e-11,0.1758578665683609
2,1.0004904516651825,2.9368829670409266e-11,0.1758578665683609
3,1.0004904516651825,2.9368829670409266e-11,0.1758578665683609
4,1.0004904516651825,2.9368829670409266e-11,0.1758578665683609
5,1.0004904516651825,2.9368829670409266e-11,0.1758578665683609
