,beta,tau,length
0,1.7863568394002505e-14,7.830505561237193,0.017637940633822947
1,1.7863568394002505e-14,7.830505561237193,0.017637940633822947
2,1.7863568394002505e-14,7.830505561237193,0.017637940633822947
3,1.7863568394002505e-14,7.830505561237193,0.017637940633822947
4,1.7863568394002505e-14,7.830505561237193,0.017637940633822947
5,1.7863568394002505e-14,7.830505561237193,0.017637940633822947
