,beta,tau,length
0,8.244106571551432,0.0015417147856573333,1.2166439699702463
1,8.244106571551432,0.0015417147856573333,1.2166439699702463
2,8.244106571551432,0.0015417147856573333,1.2166439699702463
3,8.244106571551432,0.0015417147856573333,1.2166439699702463
4,8.244106571551432,0.0015417147856573333,1.2166439699702463
5,8.244106571551432,0.0015417147856573333,1.2166439699702463
