,beta,tau,length
0,6.904370125949511,0.2673686846186808,1.7079823967459884
1,6.904370125949511,0.2673686846186808,1.7079823967459884
2,6.904370125949511,0.2673686846186808,1.7079823967459884
3,6.904370125949511,0.2673686846186808,1.7079823967459884
4,6.904370125949511,0.2673686846186808,1.7079823967459884
5,6.904370125949511,0.2673686846186808,1.7079823967459884
6,6.904370125949511,0.2673686846186808,1.7079823967459884
7,6.904370125949511,0.2673686846186808,1.7079823967459884
8,6.904370125949511,0.2673686846186808,1.7079823967459884
9,6.904370125949511,0.2673686846186808,1.7079823967459884
10,6.904370125949511,0.2673686846186808,1.7079823967459884
