,beta,tau,length
0,9.999999999998547,0.1443308924459048,1.7270889011149921
1,9.999999999998547,0.1443308924459048,1.7270889011149921
2,9.999999999998547,0.1443308924459048,1.7270889011149921
3,9.999999999998547,0.1443308924459048,1.7270889011149921
4,9.999999999998547,0.1443308924459048,1.7270889011149921
5,9.999999999998547,0.1443308924459048,1.7270889011149921
