,beta,tau,length
0,9.99999999999799,0.7742817266758402,1.130103820088233
1,9.99999999999799,0.7742817266758402,1.130103820088233
2,9.99999999999799,0.7742817266758402,1.130103820088233
3,9.99999999999799,0.7742817266758402,1.130103820088233
4,9.99999999999799,0.7742817266758402,1.130103820088233
5,9.99999999999799,0.7742817266758402,1.130103820088233
6,9.99999999999799,0.7742817266758402,1.130103820088233
7,9.99999999999799,0.7742817266758402,1.130103820088233
8,9.99999999999799,0.7742817266758402,1.130103820088233
9,9.99999999999799,0.7742817266758402,1.130103820088233
10,9.99999999999799,0.7742817266758402,1.130103820088233
