,tau,length
0,1.5678244016481627e-05,0.2136794524685316
1,1.5678244016481627e-05,0.2136794524685316
2,1.5678244016481627e-05,0.2136794524685316
3,1.5678244016481627e-05,0.2136794524685316
4,1.5678244016481627e-05,0.2136794524685316
5,1.5678244016481627e-05,0.2136794524685316
6,1.5678244016481627e-05,0.2136794524685316
7,1.5678244016481627e-05,0.2136794524685316
8,1.5678244016481627e-05,0.2136794524685316
9,1.5678244016481627e-05,0.2136794524685316
10,1.5678244016481627e-05,0.2136794524685316
