,tau,length
0,1.1007064444235849e-06,0.20432549742190453
1,1.1007064444235849e-06,0.20432549742190453
2,1.1007064444235849e-06,0.20432549742190453
3,1.1007064444235849e-06,0.20432549742190453
4,1.1007064444235849e-06,0.20432549742190453
5,1.1007064444235849e-06,0.20432549742190453
