,tau,length
0,2.963028719270849e-11,0.16692961810657114
1,2.963028719270849e-11,0.16692961810657114
2,2.963028719270849e-11,0.16692961810657114
3,2.963028719270849e-11,0.16692961810657114
4,2.963028719270849e-11,0.16692961810657114
5,2.963028719270849e-11,0.16692961810657114
