,tau,length
0,9.999999997947732,1.0454820987807985
1,9.999999997947732,1.0454820987807985
2,9.999999997947732,1.0454820987807985
3,9.999999997947732,1.0454820987807985
4,9.999999997947732,1.0454820987807985
5,9.999999997947732,1.0454820987807985
6,9.999999997947732,1.0454820987807985
7,9.999999997947732,1.0454820987807985
8,9.999999997947732,1.0454820987807985
9,9.999999997947732,1.0454820987807985
10,9.999999997947732,1.0454820987807985
