,tau,length
0,5.179735419158422e-10,0.16708165499151728
1,5.179735419158422e-10,0.16708165499151728
2,5.179735419158422e-10,0.16708165499151728
3,5.179735419158422e-10,0.16708165499151728
4,5.179735419158422e-10,0.16708165499151728
5,5.179735419158422e-10,0.16708165499151728
6,5.179735419158422e-10,0.16708165499151728
7,5.179735419158422e-10,0.16708165499151728
8,5.179735419158422e-10,0.16708165499151728
9,5.179735419158422e-10,0.16708165499151728
10,5.179735419158422e-10,0.16708165499151728
