,tau,length
0,9.999999999087063,1.1943952716169943
1,9.999999999087063,1.1943952716169943
2,9.999999999087063,1.1943952716169943
3,9.999999999087063,1.1943952716169943
4,9.999999999087063,1.1943952716169943
5,9.999999999087063,1.1943952716169943
6,9.999999999087063,1.1943952716169943
7,9.999999999087063,1.1943952716169943
8,9.999999999087063,1.1943952716169943
9,9.999999999087063,1.1943952716169943
10,9.999999999087063,1.1943952716169943
