,beta,tau,length
0,7.112448176684558,0.8055443306639999,1.2753068048895033
1,7.112448176684558,0.8055443306639999,1.2753068048895033
2,7.112448176684558,0.8055443306639999,1.2753068048895033
3,7.112448176684558,0.8055443306639999,1.2753068048895033
4,7.112448176684558,0.8055443306639999,1.2753068048895033
5,7.112448176684558,0.8055443306639999,1.2753068048895033
6,7.112448176684558,0.8055443306639999,1.2753068048895033
7,7.112448176684558,0.8055443306639999,1.2753068048895033
8,7.112448176684558,0.8055443306639999,1.2753068048895033
9,7.112448176684558,0.8055443306639999,1.2753068048895033
10,7.112448176684558,0.8055443306639999,1.2753068048895033
