,beta,tau,length
0,6.479149606061682,2.48655444130712,0.1204366673823488
1,6.479149606061682,2.48655444130712,0.1204366673823488
2,6.479149606061682,2.48655444130712,0.1204366673823488
3,6.479149606061682,2.48655444130712,0.1204366673823488
4,6.479149606061682,2.48655444130712,0.1204366673823488
5,6.479149606061682,2.48655444130712,0.1204366673823488
6,6.479149606061682,2.48655444130712,0.1204366673823488
7,6.479149606061682,2.48655444130712,0.1204366673823488
8,6.479149606061682,2.48655444130712,0.1204366673823488
9,6.479149606061682,2.48655444130712,0.1204366673823488
10,6.479149606061682,2.48655444130712,0.1204366673823488
