,beta,tau,length
0,9.999999999998945,0.024986333933956318,0.4760464738857807
1,9.999999999998945,0.024986333933956318,0.4760464738857807
2,9.999999999998945,0.024986333933956318,0.4760464738857807
3,9.999999999998945,0.024986333933956318,0.4760464738857807
4,9.999999999998945,0.024986333933956318,0.4760464738857807
5,9.999999999998945,0.024986333933956318,0.4760464738857807
6,9.999999999998945,0.024986333933956318,0.4760464738857807
7,9.999999999998945,0.024986333933956318,0.4760464738857807
8,9.999999999998945,0.024986333933956318,0.4760464738857807
9,9.999999999998945,0.024986333933956318,0.4760464738857807
10,9.999999999998945,0.024986333933956318,0.4760464738857807
