,beta,tau,length
0,0.2099008097317724,2.6436038884001523,1.858293691239163
1,0.2099008097317724,2.6436038884001523,1.858293691239163
2,0.2099008097317724,2.6436038884001523,1.858293691239163
3,0.2099008097317724,2.6436038884001523,1.858293691239163
4,0.2099008097317724,2.6436038884001523,1.858293691239163
5,0.2099008097317724,2.6436038884001523,1.858293691239163
