,tau,length
0,5.390735052078773e-05,0.22453751549694545
1,5.390735052078773e-05,0.22453751549694545
2,5.390735052078773e-05,0.22453751549694545
3,5.390735052078773e-05,0.22453751549694545
4,5.390735052078773e-05,0.22453751549694545
5,5.390735052078773e-05,0.22453751549694545
6,5.390735052078773e-05,0.22453751549694545
7,5.390735052078773e-05,0.22453751549694545
8,5.390735052078773e-05,0.22453751549694545
9,5.390735052078773e-05,0.22453751549694545
10,5.390735052078773e-05,0.22453751549694545
