,beta,tau,length
0,9.99999999999959,1.1469118313563058,9.999999999960464
1,9.99999999999959,1.1469118313563058,9.999999999960464
2,9.99999999999959,1.1469118313563058,9.999999999960464
3,9.99999999999959,1.1469118313563058,9.999999999960464
4,9.99999999999959,1.1469118313563058,9.999999999960464
5,9.99999999999959,1.1469118313563058,9.999999999960464
