,tau,length
0,0.6084175457523445,0.9562979988398763
1,0.6084175457523445,0.9562979988398763
2,0.6084175457523445,0.9562979988398763
3,0.6084175457523445,0.9562979988398763
4,0.6084175457523445,0.9562979988398763
5,0.6084175457523445,0.9562979988398763
6,0.6084175457523445,0.9562979988398763
7,0.6084175457523445,0.9562979988398763
8,0.6084175457523445,0.9562979988398763
9,0.6084175457523445,0.9562979988398763
10,0.6084175457523445,0.9562979988398763
