,beta,tau,length
0,4.589795932549466,0.2809455571280379,1.1626867816651116
1,4.589795932549466,0.2809455571280379,1.1626867816651116
2,4.589795932549466,0.2809455571280379,1.1626867816651116
3,4.589795932549466,0.2809455571280379,1.1626867816651116
4,4.589795932549466,0.2809455571280379,1.1626867816651116
5,4.589795932549466,0.2809455571280379,1.1626867816651116
