,beta,tau,length
0,0.013596078978552296,1.3493819695688098,0.0342945856505945
1,0.013596078978552296,1.3493819695688098,0.0342945856505945
2,0.013596078978552296,1.3493819695688098,0.0342945856505945
3,0.013596078978552296,1.3493819695688098,0.0342945856505945
4,0.013596078978552296,1.3493819695688098,0.0342945856505945
5,0.013596078978552296,1.3493819695688098,0.0342945856505945
