,beta,tau,length
0,7.613226908295463,5.453668471922048e-06,0.1997245426035983
1,7.613226908295463,5.453668471922048e-06,0.1997245426035983
2,7.613226908295463,5.453668471922048e-06,0.1997245426035983
3,7.613226908295463,5.453668471922048e-06,0.1997245426035983
4,7.613226908295463,5.453668471922048e-06,0.1997245426035983
5,7.613226908295463,5.453668471922048e-06,0.1997245426035983
