,beta,tau,length
0,5.006776080664123,1.3203093241740933,5.958709600403175
1,5.006776080664123,1.3203093241740933,5.958709600403175
2,5.006776080664123,1.3203093241740933,5.958709600403175
3,5.006776080664123,1.3203093241740933,5.958709600403175
4,5.006776080664123,1.3203093241740933,5.958709600403175
5,5.006776080664123,1.3203093241740933,5.958709600403175
