,beta,tau,length
0,5.468536440866929,1.4404694308075838,0.04977444885210301
1,5.468536440866929,1.4404694308075838,0.04977444885210301
2,5.468536440866929,1.4404694308075838,0.04977444885210301
3,5.468536440866929,1.4404694308075838,0.04977444885210301
4,5.468536440866929,1.4404694308075838,0.04977444885210301
5,5.468536440866929,1.4404694308075838,0.04977444885210301
