,beta,tau,length
0,9.452458716411428,4.860387422380854,0.9613359329369193
1,9.452458716411428,4.860387422380854,0.9613359329369193
2,9.452458716411428,4.860387422380854,0.9613359329369193
3,9.452458716411428,4.860387422380854,0.9613359329369193
4,9.452458716411428,4.860387422380854,0.9613359329369193
5,9.452458716411428,4.860387422380854,0.9613359329369193
6,9.452458716411428,4.860387422380854,0.9613359329369193
7,9.452458716411428,4.860387422380854,0.9613359329369193
8,9.452458716411428,4.860387422380854,0.9613359329369193
9,9.452458716411428,4.860387422380854,0.9613359329369193
10,9.452458716411428,4.860387422380854,0.9613359329369193
