,tau,length
0,1.0711055265755138e-09,0.16935205836315315
1,1.0711055265755138e-09,0.16935205836315315
2,1.0711055265755138e-09,0.16935205836315315
3,1.0711055265755138e-09,0.16935205836315315
4,1.0711055265755138e-09,0.16935205836315315
5,1.0711055265755138e-09,0.16935205836315315
