,beta,tau,length
0,4.4002204610047855,1.6014562898813895e-09,0.16813991141004747
1,4.4002204610047855,1.6014562898813895e-09,0.16813991141004747
2,4.4002204610047855,1.6014562898813895e-09,0.16813991141004747
3,4.4002204610047855,1.6014562898813895e-09,0.16813991141004747
4,4.4002204610047855,1.6014562898813895e-09,0.16813991141004747
5,4.4002204610047855,1.6014562898813895e-09,0.16813991141004747
