,beta,tau,length
0,4.085228286648695,1.4321643776354942,1.0593305106353745
1,4.085228286648695,1.4321643776354942,1.0593305106353745
2,4.085228286648695,1.4321643776354942,1.0593305106353745
3,4.085228286648695,1.4321643776354942,1.0593305106353745
4,4.085228286648695,1.4321643776354942,1.0593305106353745
5,4.085228286648695,1.4321643776354942,1.0593305106353745
6,4.085228286648695,1.4321643776354942,1.0593305106353745
7,4.085228286648695,1.4321643776354942,1.0593305106353745
8,4.085228286648695,1.4321643776354942,1.0593305106353745
9,4.085228286648695,1.4321643776354942,1.0593305106353745
10,4.085228286648695,1.4321643776354942,1.0593305106353745
