,beta,tau,length
0,9.99999999999739,0.48665788232421414,0.19161514813059954
1,9.99999999999739,0.48665788232421414,0.19161514813059954
2,9.99999999999739,0.48665788232421414,0.19161514813059954
3,9.99999999999739,0.48665788232421414,0.19161514813059954
4,9.99999999999739,0.48665788232421414,0.19161514813059954
5,9.99999999999739,0.48665788232421414,0.19161514813059954
