,beta,tau,length
0,7.73880868751254,7.063984388603317,1.0816731293256514
1,7.73880868751254,7.063984388603317,1.0816731293256514
2,7.73880868751254,7.063984388603317,1.0816731293256514
3,7.73880868751254,7.063984388603317,1.0816731293256514
4,7.73880868751254,7.063984388603317,1.0816731293256514
5,7.73880868751254,7.063984388603317,1.0816731293256514
6,7.73880868751254,7.063984388603317,1.0816731293256514
7,7.73880868751254,7.063984388603317,1.0816731293256514
8,7.73880868751254,7.063984388603317,1.0816731293256514
9,7.73880868751254,7.063984388603317,1.0816731293256514
10,7.73880868751254,7.063984388603317,1.0816731293256514
