,tau,length
0,9.999999996659303,0.7182638026808215
1,9.999999996659303,0.7182638026808215
2,9.999999996659303,0.7182638026808215
3,9.999999996659303,0.7182638026808215
4,9.999999996659303,0.7182638026808215
5,9.999999996659303,0.7182638026808215
