,beta,tau,length
0,0.37793339342086074,4.496020794918105,1.31286262126329
1,0.37793339342086074,4.496020794918105,1.31286262126329
2,0.37793339342086074,4.496020794918105,1.31286262126329
3,0.37793339342086074,4.496020794918105,1.31286262126329
4,0.37793339342086074,4.496020794918105,1.31286262126329
5,0.37793339342086074,4.496020794918105,1.31286262126329
