,beta,tau,length
0,9.999999999999998,5.8324036333498,0.12020011928904294
1,9.999999999999998,5.8324036333498,0.12020011928904294
2,9.999999999999998,5.8324036333498,0.12020011928904294
3,9.999999999999998,5.8324036333498,0.12020011928904294
4,9.999999999999998,5.8324036333498,0.12020011928904294
5,9.999999999999998,5.8324036333498,0.12020011928904294
6,9.999999999999998,5.8324036333498,0.12020011928904294
7,9.999999999999998,5.8324036333498,0.12020011928904294
8,9.999999999999998,5.8324036333498,0.12020011928904294
9,9.999999999999998,5.8324036333498,0.12020011928904294
10,9.999999999999998,5.8324036333498,0.12020011928904294
