,tau,length
0,9.999999999728306,0.9058194991802849
1,9.999999999728306,0.9058194991802849
2,9.999999999728306,0.9058194991802849
3,9.999999999728306,0.9058194991802849
4,9.999999999728306,0.9058194991802849
5,9.999999999728306,0.9058194991802849
6,9.999999999728306,0.9058194991802849
7,9.999999999728306,0.9058194991802849
8,9.999999999728306,0.9058194991802849
9,9.999999999728306,0.9058194991802849
10,9.999999999728306,0.9058194991802849
