,tau,length
0,6.0060554730624015e-06,0.2165721917615211
1,6.0060554730624015e-06,0.2165721917615211
2,6.0060554730624015e-06,0.2165721917615211
3,6.0060554730624015e-06,0.2165721917615211
4,6.0060554730624015e-06,0.2165721917615211
5,6.0060554730624015e-06,0.2165721917615211
