,tau,length
0,2.5355449969843017e-10,0.16701766362573878
1,2.5355449969843017e-10,0.16701766362573878
2,2.5355449969843017e-10,0.16701766362573878
3,2.5355449969843017e-10,0.16701766362573878
4,2.5355449969843017e-10,0.16701766362573878
5,2.5355449969843017e-10,0.16701766362573878
