,beta,tau,length
0,8.830277901858281,0.28877756512117503,0.12582444999714293
1,8.830277901858281,0.28877756512117503,0.12582444999714293
2,8.830277901858281,0.28877756512117503,0.12582444999714293
3,8.830277901858281,0.28877756512117503,0.12582444999714293
4,8.830277901858281,0.28877756512117503,0.12582444999714293
5,8.830277901858281,0.28877756512117503,0.12582444999714293
6,8.830277901858281,0.28877756512117503,0.12582444999714293
7,8.830277901858281,0.28877756512117503,0.12582444999714293
8,8.830277901858281,0.28877756512117503,0.12582444999714293
9,8.830277901858281,0.28877756512117503,0.12582444999714293
10,8.830277901858281,0.28877756512117503,0.12582444999714293
