,beta,tau,length
0,5.013540700197177,1.8568741934721436e-05,0.20755583194051364
1,5.013540700197177,1.8568741934721436e-05,0.20755583194051364
2,5.013540700197177,1.8568741934721436e-05,0.20755583194051364
3,5.013540700197177,1.8568741934721436e-05,0.20755583194051364
4,5.013540700197177,1.8568741934721436e-05,0.20755583194051364
5,5.013540700197177,1.8568741934721436e-05,0.20755583194051364
