,beta,tau,length
0,0.006305680700438676,2.658482697342194,1.8506816978668361
1,0.006305680700438676,2.658482697342194,1.8506816978668361
2,0.006305680700438676,2.658482697342194,1.8506816978668361
3,0.006305680700438676,2.658482697342194,1.8506816978668361
4,0.006305680700438676,2.658482697342194,1.8506816978668361
5,0.006305680700438676,2.658482697342194,1.8506816978668361
