,tau,length
0,0.9580196929072095,1.008510280938229
1,0.9580196929072095,1.008510280938229
2,0.9580196929072095,1.008510280938229
3,0.9580196929072095,1.008510280938229
4,0.9580196929072095,1.008510280938229
5,0.9580196929072095,1.008510280938229
