,beta,tau,length
0,5.511468173351965,2.499229605000827e-05,0.20353075578146373
1,5.511468173351965,2.499229605000827e-05,0.20353075578146373
2,5.511468173351965,2.499229605000827e-05,0.20353075578146373
3,5.511468173351965,2.499229605000827e-05,0.20353075578146373
4,5.511468173351965,2.499229605000827e-05,0.20353075578146373
5,5.511468173351965,2.499229605000827e-05,0.20353075578146373
