,beta,tau,length
0,9.999999999980103,0.12779883499904676,0.03931710069134796
1,9.999999999980103,0.12779883499904676,0.03931710069134796
2,9.999999999980103,0.12779883499904676,0.03931710069134796
3,9.999999999980103,0.12779883499904676,0.03931710069134796
4,9.999999999980103,0.12779883499904676,0.03931710069134796
5,9.999999999980103,0.12779883499904676,0.03931710069134796
