,beta,tau,length
0,8.074468854975104,0.03211805689243684,0.033566321498320714
1,8.074468854975104,0.03211805689243684,0.033566321498320714
2,8.074468854975104,0.03211805689243684,0.033566321498320714
3,8.074468854975104,0.03211805689243684,0.033566321498320714
4,8.074468854975104,0.03211805689243684,0.033566321498320714
5,8.074468854975104,0.03211805689243684,0.033566321498320714
6,8.074468854975104,0.03211805689243684,0.033566321498320714
7,8.074468854975104,0.03211805689243684,0.033566321498320714
8,8.074468854975104,0.03211805689243684,0.033566321498320714
9,8.074468854975104,0.03211805689243684,0.033566321498320714
10,8.074468854975104,0.03211805689243684,0.033566321498320714
