,beta,tau,length
0,4.576392887694871,0.01412232061068507,0.46123978654164854
1,4.576392887694871,0.01412232061068507,0.46123978654164854
2,4.576392887694871,0.01412232061068507,0.46123978654164854
3,4.576392887694871,0.01412232061068507,0.46123978654164854
4,4.576392887694871,0.01412232061068507,0.46123978654164854
5,4.576392887694871,0.01412232061068507,0.46123978654164854
6,4.576392887694871,0.01412232061068507,0.46123978654164854
7,4.576392887694871,0.01412232061068507,0.46123978654164854
8,4.576392887694871,0.01412232061068507,0.46123978654164854
9,4.576392887694871,0.01412232061068507,0.46123978654164854
10,4.576392887694871,0.01412232061068507,0.46123978654164854
