,beta,tau,length
0,9.999999999943071,0.3879181010357581,9.999999999932339
1,9.999999999943071,0.3879181010357581,9.999999999932339
2,9.999999999943071,0.3879181010357581,9.999999999932339
3,9.999999999943071,0.3879181010357581,9.999999999932339
4,9.999999999943071,0.3879181010357581,9.999999999932339
5,9.999999999943071,0.3879181010357581,9.999999999932339
