,beta,tau,length
0,9.999999999998444,4.4237004895988035,1.0052664406785716
1,9.999999999998444,4.4237004895988035,1.0052664406785716
2,9.999999999998444,4.4237004895988035,1.0052664406785716
3,9.999999999998444,4.4237004895988035,1.0052664406785716
4,9.999999999998444,4.4237004895988035,1.0052664406785716
5,9.999999999998444,4.4237004895988035,1.0052664406785716
6,9.999999999998444,4.4237004895988035,1.0052664406785716
7,9.999999999998444,4.4237004895988035,1.0052664406785716
8,9.999999999998444,4.4237004895988035,1.0052664406785716
9,9.999999999998444,4.4237004895988035,1.0052664406785716
10,9.999999999998444,4.4237004895988035,1.0052664406785716
