,beta,tau,length
0,9.820510808414989,9.036170854483743,1.5236366361221303
1,9.820510808414989,9.036170854483743,1.5236366361221303
2,9.820510808414989,9.036170854483743,1.5236366361221303
3,9.820510808414989,9.036170854483743,1.5236366361221303
4,9.820510808414989,9.036170854483743,1.5236366361221303
5,9.820510808414989,9.036170854483743,1.5236366361221303
6,9.820510808414989,9.036170854483743,1.5236366361221303
7,9.820510808414989,9.036170854483743,1.5236366361221303
8,9.820510808414989,9.036170854483743,1.5236366361221303
9,9.820510808414989,9.036170854483743,1.5236366361221303
10,9.820510808414989,9.036170854483743,1.5236366361221303
