,tau,length
0,1.671890246893205,0.905819606023442
1,1.671890246893205,0.905819606023442
2,1.671890246893205,0.905819606023442
3,1.671890246893205,0.905819606023442
4,1.671890246893205,0.905819606023442
5,1.671890246893205,0.905819606023442
