,tau,length
0,1.3891801180250773,0.919935934320162
1,1.3891801180250773,0.919935934320162
2,1.3891801180250773,0.919935934320162
3,1.3891801180250773,0.919935934320162
4,1.3891801180250773,0.919935934320162
5,1.3891801180250773,0.919935934320162
