,tau,length
0,9.999999997128997,0.905819499441401
1,9.999999997128997,0.905819499441401
2,9.999999997128997,0.905819499441401
3,9.999999997128997,0.905819499441401
4,9.999999997128997,0.905819499441401
5,9.999999997128997,0.905819499441401
