,beta,tau,length
0,9.999999999997547,3.2054448081195535,9.999999999999176
1,9.999999999997547,3.2054448081195535,9.999999999999176
2,9.999999999997547,3.2054448081195535,9.999999999999176
3,9.999999999997547,3.2054448081195535,9.999999999999176
4,9.999999999997547,3.2054448081195535,9.999999999999176
5,9.999999999997547,3.2054448081195535,9.999999999999176
