,tau,length
0,0.19920813401789983,0.6988437165060852
1,0.19920813401789983,0.6988437165060852
2,0.19920813401789983,0.6988437165060852
3,0.19920813401789983,0.6988437165060852
4,0.19920813401789983,0.6988437165060852
5,0.19920813401789983,0.6988437165060852
