,tau,length
0,1.9622779908512307,0.0024069215248751943
1,1.9622779908512307,0.0024069215248751943
2,1.9622779908512307,0.0024069215248751943
3,1.9622779908512307,0.0024069215248751943
4,1.9622779908512307,0.0024069215248751943
5,1.9622779908512307,0.0024069215248751943
6,1.9622779908512307,0.0024069215248751943
7,1.9622779908512307,0.0024069215248751943
8,1.9622779908512307,0.0024069215248751943
9,1.9622779908512307,0.0024069215248751943
10,1.9622779908512307,0.0024069215248751943
