,tau,length
0,9.999999999342947,0.9058194993631409
1,9.999999999342947,0.9058194993631409
2,9.999999999342947,0.9058194993631409
3,9.999999999342947,0.9058194993631409
4,9.999999999342947,0.9058194993631409
5,9.999999999342947,0.9058194993631409
6,9.999999999342947,0.9058194993631409
7,9.999999999342947,0.9058194993631409
8,9.999999999342947,0.9058194993631409
9,9.999999999342947,0.9058194993631409
10,9.999999999342947,0.9058194993631409
