,tau,length
0,9.999999991913606,0.9058194992065184
1,9.999999991913606,0.9058194992065184
2,9.999999991913606,0.9058194992065184
3,9.999999991913606,0.9058194992065184
4,9.999999991913606,0.9058194992065184
5,9.999999991913606,0.9058194992065184
6,9.999999991913606,0.9058194992065184
7,9.999999991913606,0.9058194992065184
8,9.999999991913606,0.9058194992065184
9,9.999999991913606,0.9058194992065184
10,9.999999991913606,0.9058194992065184
