,beta,tau,length
0,9.999999999999996,0.2390071475119422,0.11852621351644675
1,9.999999999999996,0.2390071475119422,0.11852621351644675
2,9.999999999999996,0.2390071475119422,0.11852621351644675
3,9.999999999999996,0.2390071475119422,0.11852621351644675
4,9.999999999999996,0.2390071475119422,0.11852621351644675
5,9.999999999999996,0.2390071475119422,0.11852621351644675
