,tau,length
0,9.999999999624205,0.9368928326732358
1,9.999999999624205,0.9368928326732358
2,9.999999999624205,0.9368928326732358
3,9.999999999624205,0.9368928326732358
4,9.999999999624205,0.9368928326732358
5,9.999999999624205,0.9368928326732358
6,9.999999999624205,0.9368928326732358
7,9.999999999624205,0.9368928326732358
8,9.999999999624205,0.9368928326732358
9,9.999999999624205,0.9368928326732358
10,9.999999999624205,0.9368928326732358
