,beta,tau,length
0,9.999999999999872,9.999943148668882,1.398717831138656
1,9.999999999999872,9.999943148668882,1.398717831138656
2,9.999999999999872,9.999943148668882,1.398717831138656
3,9.999999999999872,9.999943148668882,1.398717831138656
4,9.999999999999872,9.999943148668882,1.398717831138656
5,9.999999999999872,9.999943148668882,1.398717831138656
6,9.999999999999872,9.999943148668882,1.398717831138656
7,9.999999999999872,9.999943148668882,1.398717831138656
8,9.999999999999872,9.999943148668882,1.398717831138656
9,9.999999999999872,9.999943148668882,1.398717831138656
10,9.999999999999872,9.999943148668882,1.398717831138656
