,tau,length
0,1.0420800081045722,0.9058194995517761
1,1.0420800081045722,0.9058194995517761
2,1.0420800081045722,0.9058194995517761
3,1.0420800081045722,0.9058194995517761
4,1.0420800081045722,0.9058194995517761
5,1.0420800081045722,0.9058194995517761
6,1.0420800081045722,0.9058194995517761
7,1.0420800081045722,0.9058194995517761
8,1.0420800081045722,0.9058194995517761
9,1.0420800081045722,0.9058194995517761
10,1.0420800081045722,0.9058194995517761
