,beta,tau,length
0,5.0960036108132045e-15,9.268582362500739,0.11974714216506598
1,5.0960036108132045e-15,9.268582362500739,0.11974714216506598
2,5.0960036108132045e-15,9.268582362500739,0.11974714216506598
3,5.0960036108132045e-15,9.268582362500739,0.11974714216506598
4,5.0960036108132045e-15,9.268582362500739,0.11974714216506598
5,5.0960036108132045e-15,9.268582362500739,0.11974714216506598
