,beta,tau,length
0,0.28851319666532105,9.99999999340002,0.8896518934724486
1,0.28851319666532105,9.99999999340002,0.8896518934724486
2,0.28851319666532105,9.99999999340002,0.8896518934724486
3,0.28851319666532105,9.99999999340002,0.8896518934724486
4,0.28851319666532105,9.99999999340002,0.8896518934724486
5,0.28851319666532105,9.99999999340002,0.8896518934724486
