,beta,tau,length
0,0.020941072977315834,0.3755890916054573,0.005205376559672781
1,0.020941072977315834,0.3755890916054573,0.005205376559672781
2,0.020941072977315834,0.3755890916054573,0.005205376559672781
3,0.020941072977315834,0.3755890916054573,0.005205376559672781
4,0.020941072977315834,0.3755890916054573,0.005205376559672781
5,0.020941072977315834,0.3755890916054573,0.005205376559672781
