,beta,tau,length
0,9.999999999932639,4.137155887031371,0.007087308233986833
1,9.999999999932639,4.137155887031371,0.007087308233986833
2,9.999999999932639,4.137155887031371,0.007087308233986833
3,9.999999999932639,4.137155887031371,0.007087308233986833
4,9.999999999932639,4.137155887031371,0.007087308233986833
5,9.999999999932639,4.137155887031371,0.007087308233986833
6,9.999999999932639,4.137155887031371,0.007087308233986833
7,9.999999999932639,4.137155887031371,0.007087308233986833
8,9.999999999932639,4.137155887031371,0.007087308233986833
9,9.999999999932639,4.137155887031371,0.007087308233986833
10,9.999999999932639,4.137155887031371,0.007087308233986833
