,beta,tau,length
0,2.0775094432363335,1.311041165319355e-10,0.17028873639770248
1,2.0775094432363335,1.311041165319355e-10,0.17028873639770248
2,2.0775094432363335,1.311041165319355e-10,0.17028873639770248
3,2.0775094432363335,1.311041165319355e-10,0.17028873639770248
4,2.0775094432363335,1.311041165319355e-10,0.17028873639770248
5,2.0775094432363335,1.311041165319355e-10,0.17028873639770248
