,beta,tau,length
0,6.2518379734123215,0.1578714855108072,1.197405416439361
1,6.2518379734123215,0.1578714855108072,1.197405416439361
2,6.2518379734123215,0.1578714855108072,1.197405416439361
3,6.2518379734123215,0.1578714855108072,1.197405416439361
4,6.2518379734123215,0.1578714855108072,1.197405416439361
5,6.2518379734123215,0.1578714855108072,1.197405416439361
