,beta,tau,length
0,0.21638594005145573,1.8556025305832347,0.8490017589678374
1,0.21638594005145573,1.8556025305832347,0.8490017589678374
2,0.21638594005145573,1.8556025305832347,0.8490017589678374
3,0.21638594005145573,1.8556025305832347,0.8490017589678374
4,0.21638594005145573,1.8556025305832347,0.8490017589678374
5,0.21638594005145573,1.8556025305832347,0.8490017589678374
