,beta,tau,length
0,10.0,3.1034892365709754,0.11835564653214235
1,10.0,3.1034892365709754,0.11835564653214235
2,10.0,3.1034892365709754,0.11835564653214235
3,10.0,3.1034892365709754,0.11835564653214235
4,10.0,3.1034892365709754,0.11835564653214235
5,10.0,3.1034892365709754,0.11835564653214235
6,10.0,3.1034892365709754,0.11835564653214235
7,10.0,3.1034892365709754,0.11835564653214235
8,10.0,3.1034892365709754,0.11835564653214235
9,10.0,3.1034892365709754,0.11835564653214235
10,10.0,3.1034892365709754,0.11835564653214235
