,beta,tau,length
0,1.5211340782855687,1.489340661248328,1.4088692891200394
1,1.5211340782855687,1.489340661248328,1.4088692891200394
2,1.5211340782855687,1.489340661248328,1.4088692891200394
3,1.5211340782855687,1.489340661248328,1.4088692891200394
4,1.5211340782855687,1.489340661248328,1.4088692891200394
5,1.5211340782855687,1.489340661248328,1.4088692891200394
6,1.5211340782855687,1.489340661248328,1.4088692891200394
7,1.5211340782855687,1.489340661248328,1.4088692891200394
8,1.5211340782855687,1.489340661248328,1.4088692891200394
9,1.5211340782855687,1.489340661248328,1.4088692891200394
10,1.5211340782855687,1.489340661248328,1.4088692891200394
