,tau,length
0,9.999999986248048,0.8559065500562103
1,9.999999986248048,0.8559065500562103
2,9.999999986248048,0.8559065500562103
3,9.999999986248048,0.8559065500562103
4,9.999999986248048,0.8559065500562103
5,9.999999986248048,0.8559065500562103
6,9.999999986248048,0.8559065500562103
7,9.999999986248048,0.8559065500562103
8,9.999999986248048,0.8559065500562103
9,9.999999986248048,0.8559065500562103
10,9.999999986248048,0.8559065500562103
