,beta,tau,length
0,0.0006472089122895209,1.1298208832859107,0.011403711260949512
1,0.0006472089122895209,1.1298208832859107,0.011403711260949512
2,0.0006472089122895209,1.1298208832859107,0.011403711260949512
3,0.0006472089122895209,1.1298208832859107,0.011403711260949512
4,0.0006472089122895209,1.1298208832859107,0.011403711260949512
5,0.0006472089122895209,1.1298208832859107,0.011403711260949512
