,beta,tau,length
0,7.171142212150933,1.1208000537673789e-07,1.444462862944037
1,7.171142212150933,1.1208000537673789e-07,1.444462862944037
2,7.171142212150933,1.1208000537673789e-07,1.444462862944037
3,7.171142212150933,1.1208000537673789e-07,1.444462862944037
4,7.171142212150933,1.1208000537673789e-07,1.444462862944037
5,7.171142212150933,1.1208000537673789e-07,1.444462862944037
6,7.171142212150933,1.1208000537673789e-07,1.444462862944037
7,7.171142212150933,1.1208000537673789e-07,1.444462862944037
8,7.171142212150933,1.1208000537673789e-07,1.444462862944037
9,7.171142212150933,1.1208000537673789e-07,1.444462862944037
10,7.171142212150933,1.1208000537673789e-07,1.444462862944037
