,beta,tau,length
0,1.9065193974593508,2.5772297973059102e-05,0.2138519634192988
1,1.9065193974593508,2.5772297973059102e-05,0.2138519634192988
2,1.9065193974593508,2.5772297973059102e-05,0.2138519634192988
3,1.9065193974593508,2.5772297973059102e-05,0.2138519634192988
4,1.9065193974593508,2.5772297973059102e-05,0.2138519634192988
5,1.9065193974593508,2.5772297973059102e-05,0.2138519634192988
