,tau,length
0,0.09688378060987389,0.7287940960635365
1,0.09688378060987389,0.7287940960635365
2,0.09688378060987389,0.7287940960635365
3,0.09688378060987389,0.7287940960635365
4,0.09688378060987389,0.7287940960635365
5,0.09688378060987389,0.7287940960635365
