,tau,length
0,3.186094405716005,1.1310308155462518
1,3.186094405716005,1.1310308155462518
2,3.186094405716005,1.1310308155462518
3,3.186094405716005,1.1310308155462518
4,3.186094405716005,1.1310308155462518
5,3.186094405716005,1.1310308155462518
6,3.186094405716005,1.1310308155462518
7,3.186094405716005,1.1310308155462518
8,3.186094405716005,1.1310308155462518
9,3.186094405716005,1.1310308155462518
10,3.186094405716005,1.1310308155462518
