,tau,length
0,0.895051906298638,1.1048215739815348
1,0.895051906298638,1.1048215739815348
2,0.895051906298638,1.1048215739815348
3,0.895051906298638,1.1048215739815348
4,0.895051906298638,1.1048215739815348
5,0.895051906298638,1.1048215739815348
6,0.895051906298638,1.1048215739815348
7,0.895051906298638,1.1048215739815348
8,0.895051906298638,1.1048215739815348
9,0.895051906298638,1.1048215739815348
10,0.895051906298638,1.1048215739815348
