,beta,tau,length
0,6.924048517069793,0.7377356269055386,1.5009928509224824
1,6.924048517069793,0.7377356269055386,1.5009928509224824
2,6.924048517069793,0.7377356269055386,1.5009928509224824
3,6.924048517069793,0.7377356269055386,1.5009928509224824
4,6.924048517069793,0.7377356269055386,1.5009928509224824
5,6.924048517069793,0.7377356269055386,1.5009928509224824
