,tau,length
0,9.999999998431626,0.6016894286702252
1,9.999999998431626,0.6016894286702252
2,9.999999998431626,0.6016894286702252
3,9.999999998431626,0.6016894286702252
4,9.999999998431626,0.6016894286702252
5,9.999999998431626,0.6016894286702252
