,tau,length
0,9.999999995373344,0.9925117714714339
1,9.999999995373344,0.9925117714714339
2,9.999999995373344,0.9925117714714339
3,9.999999995373344,0.9925117714714339
4,9.999999995373344,0.9925117714714339
5,9.999999995373344,0.9925117714714339
