,tau,length
0,0.506500233372429,0.9629258143023413
1,0.506500233372429,0.9629258143023413
2,0.506500233372429,0.9629258143023413
3,0.506500233372429,0.9629258143023413
4,0.506500233372429,0.9629258143023413
5,0.506500233372429,0.9629258143023413
6,0.506500233372429,0.9629258143023413
7,0.506500233372429,0.9629258143023413
8,0.506500233372429,0.9629258143023413
9,0.506500233372429,0.9629258143023413
10,0.506500233372429,0.9629258143023413
