,beta,tau,length
0,2.320446049250313e-15,10.0,0.11979695114304588
1,2.320446049250313e-15,10.0,0.11979695114304588
2,2.320446049250313e-15,10.0,0.11979695114304588
3,2.320446049250313e-15,10.0,0.11979695114304588
4,2.320446049250313e-15,10.0,0.11979695114304588
5,2.320446049250313e-15,10.0,0.11979695114304588
