,beta,tau,length
0,9.9999999999939,5.319323116253968,0.0069313863815657515
1,9.9999999999939,5.319323116253968,0.0069313863815657515
2,9.9999999999939,5.319323116253968,0.0069313863815657515
3,9.9999999999939,5.319323116253968,0.0069313863815657515
4,9.9999999999939,5.319323116253968,0.0069313863815657515
5,9.9999999999939,5.319323116253968,0.0069313863815657515
