,beta,tau,length
0,0.028693217657851478,4.6098270464940985,0.0733067559857876
1,0.028693217657851478,4.6098270464940985,0.0733067559857876
2,0.028693217657851478,4.6098270464940985,0.0733067559857876
3,0.028693217657851478,4.6098270464940985,0.0733067559857876
4,0.028693217657851478,4.6098270464940985,0.0733067559857876
5,0.028693217657851478,4.6098270464940985,0.0733067559857876
