,beta,tau,length
0,4.548870423046481,1.6345138385450309,1.0657009966214477
1,4.548870423046481,1.6345138385450309,1.0657009966214477
2,4.548870423046481,1.6345138385450309,1.0657009966214477
3,4.548870423046481,1.6345138385450309,1.0657009966214477
4,4.548870423046481,1.6345138385450309,1.0657009966214477
5,4.548870423046481,1.6345138385450309,1.0657009966214477
