,beta,tau,length
0,5.249342187328351,1.2041306619423098,0.07062984251592196
1,5.249342187328351,1.2041306619423098,0.07062984251592196
2,5.249342187328351,1.2041306619423098,0.07062984251592196
3,5.249342187328351,1.2041306619423098,0.07062984251592196
4,5.249342187328351,1.2041306619423098,0.07062984251592196
5,5.249342187328351,1.2041306619423098,0.07062984251592196
