,beta,tau,length
0,9.999999999999616,2.863456790655526,0.9997280973826995
1,9.999999999999616,2.863456790655526,0.9997280973826995
2,9.999999999999616,2.863456790655526,0.9997280973826995
3,9.999999999999616,2.863456790655526,0.9997280973826995
4,9.999999999999616,2.863456790655526,0.9997280973826995
5,9.999999999999616,2.863456790655526,0.9997280973826995
6,9.999999999999616,2.863456790655526,0.9997280973826995
7,9.999999999999616,2.863456790655526,0.9997280973826995
8,9.999999999999616,2.863456790655526,0.9997280973826995
9,9.999999999999616,2.863456790655526,0.9997280973826995
10,9.999999999999616,2.863456790655526,0.9997280973826995
