,beta,tau,length
0,9.999999999999819,0.11349886367963367,1.0398708052264078
1,9.999999999999819,0.11349886367963367,1.0398708052264078
2,9.999999999999819,0.11349886367963367,1.0398708052264078
3,9.999999999999819,0.11349886367963367,1.0398708052264078
4,9.999999999999819,0.11349886367963367,1.0398708052264078
5,9.999999999999819,0.11349886367963367,1.0398708052264078
6,9.999999999999819,0.11349886367963367,1.0398708052264078
7,9.999999999999819,0.11349886367963367,1.0398708052264078
8,9.999999999999819,0.11349886367963367,1.0398708052264078
9,9.999999999999819,0.11349886367963367,1.0398708052264078
10,9.999999999999819,0.11349886367963367,1.0398708052264078
