,beta,tau,length
0,9.999999999999831,0.17656311013314563,0.08464749897671552
1,9.999999999999831,0.17656311013314563,0.08464749897671552
2,9.999999999999831,0.17656311013314563,0.08464749897671552
3,9.999999999999831,0.17656311013314563,0.08464749897671552
4,9.999999999999831,0.17656311013314563,0.08464749897671552
5,9.999999999999831,0.17656311013314563,0.08464749897671552
