,beta,tau,length
0,9.35961247348708,0.661856007913152,0.09691019220523243
1,9.35961247348708,0.661856007913152,0.09691019220523243
2,9.35961247348708,0.661856007913152,0.09691019220523243
3,9.35961247348708,0.661856007913152,0.09691019220523243
4,9.35961247348708,0.661856007913152,0.09691019220523243
5,9.35961247348708,0.661856007913152,0.09691019220523243
