,beta,tau,length
0,7.120710577534967e-10,5.4598103186929485,1.183422685543603
1,7.120710577534967e-10,5.4598103186929485,1.183422685543603
2,7.120710577534967e-10,5.4598103186929485,1.183422685543603
3,7.120710577534967e-10,5.4598103186929485,1.183422685543603
4,7.120710577534967e-10,5.4598103186929485,1.183422685543603
5,7.120710577534967e-10,5.4598103186929485,1.183422685543603
