,beta,tau,length
0,5.574728211470874,7.234479478100972e-05,0.21373819410192185
1,5.574728211470874,7.234479478100972e-05,0.21373819410192185
2,5.574728211470874,7.234479478100972e-05,0.21373819410192185
3,5.574728211470874,7.234479478100972e-05,0.21373819410192185
4,5.574728211470874,7.234479478100972e-05,0.21373819410192185
5,5.574728211470874,7.234479478100972e-05,0.21373819410192185
