,beta,tau,length
0,9.999999999999996,2.6048764764242254,0.7828205857155269
1,9.999999999999996,2.6048764764242254,0.7828205857155269
2,9.999999999999996,2.6048764764242254,0.7828205857155269
3,9.999999999999996,2.6048764764242254,0.7828205857155269
4,9.999999999999996,2.6048764764242254,0.7828205857155269
5,9.999999999999996,2.6048764764242254,0.7828205857155269
6,9.999999999999996,2.6048764764242254,0.7828205857155269
7,9.999999999999996,2.6048764764242254,0.7828205857155269
8,9.999999999999996,2.6048764764242254,0.7828205857155269
9,9.999999999999996,2.6048764764242254,0.7828205857155269
10,9.999999999999996,2.6048764764242254,0.7828205857155269
