,beta,tau,length
0,9.99999999995637,1.2695016681450766,0.12675442670310633
1,9.99999999995637,1.2695016681450766,0.12675442670310633
2,9.99999999995637,1.2695016681450766,0.12675442670310633
3,9.99999999995637,1.2695016681450766,0.12675442670310633
4,9.99999999995637,1.2695016681450766,0.12675442670310633
5,9.99999999995637,1.2695016681450766,0.12675442670310633
6,9.99999999995637,1.2695016681450766,0.12675442670310633
7,9.99999999995637,1.2695016681450766,0.12675442670310633
8,9.99999999995637,1.2695016681450766,0.12675442670310633
9,9.99999999995637,1.2695016681450766,0.12675442670310633
10,9.99999999995637,1.2695016681450766,0.12675442670310633
