,beta,tau,length
0,0.19102742157895936,9.999999999999972,0.12037950118217298
1,0.19102742157895936,9.999999999999972,0.12037950118217298
2,0.19102742157895936,9.999999999999972,0.12037950118217298
3,0.19102742157895936,9.999999999999972,0.12037950118217298
4,0.19102742157895936,9.999999999999972,0.12037950118217298
5,0.19102742157895936,9.999999999999972,0.12037950118217298
