,tau,length
0,9.999999997277211,0.9058195174806795
1,9.999999997277211,0.9058195174806795
2,9.999999997277211,0.9058195174806795
3,9.999999997277211,0.9058195174806795
4,9.999999997277211,0.9058195174806795
5,9.999999997277211,0.9058195174806795
