,beta,tau,length
0,6.753835640864621,0.00011355731320449322,0.21283499106943893
1,6.753835640864621,0.00011355731320449322,0.21283499106943893
2,6.753835640864621,0.00011355731320449322,0.21283499106943893
3,6.753835640864621,0.00011355731320449322,0.21283499106943893
4,6.753835640864621,0.00011355731320449322,0.21283499106943893
5,6.753835640864621,0.00011355731320449322,0.21283499106943893
