,beta,tau,length
0,0.0003136566355400495,3.1541327763840847,0.1386825892129918
1,0.0003136566355400495,3.1541327763840847,0.1386825892129918
2,0.0003136566355400495,3.1541327763840847,0.1386825892129918
3,0.0003136566355400495,3.1541327763840847,0.1386825892129918
4,0.0003136566355400495,3.1541327763840847,0.1386825892129918
5,0.0003136566355400495,3.1541327763840847,0.1386825892129918
