,beta,tau,length
0,0.0005029815488262091,3.002251393184822,0.1162946851212394
1,0.0005029815488262091,3.002251393184822,0.1162946851212394
2,0.0005029815488262091,3.002251393184822,0.1162946851212394
3,0.0005029815488262091,3.002251393184822,0.1162946851212394
4,0.0005029815488262091,3.002251393184822,0.1162946851212394
5,0.0005029815488262091,3.002251393184822,0.1162946851212394
