,beta,tau,length
0,9.999999999999655,1.0795435699203844,1.3200072990356553
1,9.999999999999655,1.0795435699203844,1.3200072990356553
2,9.999999999999655,1.0795435699203844,1.3200072990356553
3,9.999999999999655,1.0795435699203844,1.3200072990356553
4,9.999999999999655,1.0795435699203844,1.3200072990356553
5,9.999999999999655,1.0795435699203844,1.3200072990356553
6,9.999999999999655,1.0795435699203844,1.3200072990356553
7,9.999999999999655,1.0795435699203844,1.3200072990356553
8,9.999999999999655,1.0795435699203844,1.3200072990356553
9,9.999999999999655,1.0795435699203844,1.3200072990356553
10,9.999999999999655,1.0795435699203844,1.3200072990356553
