,beta,tau,length
0,9.999999999996623,0.71312747780943,0.7092809319147565
1,9.999999999996623,0.71312747780943,0.7092809319147565
2,9.999999999996623,0.71312747780943,0.7092809319147565
3,9.999999999996623,0.71312747780943,0.7092809319147565
4,9.999999999996623,0.71312747780943,0.7092809319147565
5,9.999999999996623,0.71312747780943,0.7092809319147565
6,9.999999999996623,0.71312747780943,0.7092809319147565
7,9.999999999996623,0.71312747780943,0.7092809319147565
8,9.999999999996623,0.71312747780943,0.7092809319147565
9,9.999999999996623,0.71312747780943,0.7092809319147565
10,9.999999999996623,0.71312747780943,0.7092809319147565
