,beta,tau,length
0,9.999999999974861,0.00863129649654525,9.999999999999893
1,9.999999999974861,0.00863129649654525,9.999999999999893
2,9.999999999974861,0.00863129649654525,9.999999999999893
3,9.999999999974861,0.00863129649654525,9.999999999999893
4,9.999999999974861,0.00863129649654525,9.999999999999893
5,9.999999999974861,0.00863129649654525,9.999999999999893
