,beta,tau,length
0,2.2595832825836553,0.0003317852198743033,0.22864330434572988
1,2.2595832825836553,0.0003317852198743033,0.22864330434572988
2,2.2595832825836553,0.0003317852198743033,0.22864330434572988
3,2.2595832825836553,0.0003317852198743033,0.22864330434572988
4,2.2595832825836553,0.0003317852198743033,0.22864330434572988
5,2.2595832825836553,0.0003317852198743033,0.22864330434572988
