,tau,length
0,9.999999999384567,0.9757714548662934
1,9.999999999384567,0.9757714548662934
2,9.999999999384567,0.9757714548662934
3,9.999999999384567,0.9757714548662934
4,9.999999999384567,0.9757714548662934
5,9.999999999384567,0.9757714548662934
