,tau,length
0,6.036666878694943e-06,0.21699938686525877
1,6.036666878694943e-06,0.21699938686525877
2,6.036666878694943e-06,0.21699938686525877
3,6.036666878694943e-06,0.21699938686525877
4,6.036666878694943e-06,0.21699938686525877
5,6.036666878694943e-06,0.21699938686525877
6,6.036666878694943e-06,0.21699938686525877
7,6.036666878694943e-06,0.21699938686525877
8,6.036666878694943e-06,0.21699938686525877
9,6.036666878694943e-06,0.21699938686525877
10,6.036666878694943e-06,0.21699938686525877
