,tau,length
0,1.4020936144801648,0.9058194908209917
1,1.4020936144801648,0.9058194908209917
2,1.4020936144801648,0.9058194908209917
3,1.4020936144801648,0.9058194908209917
4,1.4020936144801648,0.9058194908209917
5,1.4020936144801648,0.9058194908209917
6,1.4020936144801648,0.9058194908209917
7,1.4020936144801648,0.9058194908209917
8,1.4020936144801648,0.9058194908209917
9,1.4020936144801648,0.9058194908209917
10,1.4020936144801648,0.9058194908209917
