,beta,tau,length
0,0.01110713045708488,7.235872544013766,0.03724060758134594
1,0.01110713045708488,7.235872544013766,0.03724060758134594
2,0.01110713045708488,7.235872544013766,0.03724060758134594
3,0.01110713045708488,7.235872544013766,0.03724060758134594
4,0.01110713045708488,7.235872544013766,0.03724060758134594
5,0.01110713045708488,7.235872544013766,0.03724060758134594
