,beta,tau,length
0,7.744977882051447e-10,5.330663134836331,0.6451002777655069
1,7.744977882051447e-10,5.330663134836331,0.6451002777655069
2,7.744977882051447e-10,5.330663134836331,0.6451002777655069
3,7.744977882051447e-10,5.330663134836331,0.6451002777655069
4,7.744977882051447e-10,5.330663134836331,0.6451002777655069
5,7.744977882051447e-10,5.330663134836331,0.6451002777655069
