,beta,tau,length
0,4.406992283397579,1.2405189753286186e-08,0.17441004324009202
1,4.406992283397579,1.2405189753286186e-08,0.17441004324009202
2,4.406992283397579,1.2405189753286186e-08,0.17441004324009202
3,4.406992283397579,1.2405189753286186e-08,0.17441004324009202
4,4.406992283397579,1.2405189753286186e-08,0.17441004324009202
5,4.406992283397579,1.2405189753286186e-08,0.17441004324009202
