,beta,tau,length
0,0.004839405542097597,4.972974616394376,0.12343462161610262
1,0.004839405542097597,4.972974616394376,0.12343462161610262
2,0.004839405542097597,4.972974616394376,0.12343462161610262
3,0.004839405542097597,4.972974616394376,0.12343462161610262
4,0.004839405542097597,4.972974616394376,0.12343462161610262
5,0.004839405542097597,4.972974616394376,0.12343462161610262
