,tau,length
0,0.7129651687974182,0.9058195098716461
1,0.7129651687974182,0.9058195098716461
2,0.7129651687974182,0.9058195098716461
3,0.7129651687974182,0.9058195098716461
4,0.7129651687974182,0.9058195098716461
5,0.7129651687974182,0.9058195098716461
