,beta,tau,length
0,9.999999999988566,0.04556014447017652,0.18972752167820528
1,9.999999999988566,0.04556014447017652,0.18972752167820528
2,9.999999999988566,0.04556014447017652,0.18972752167820528
3,9.999999999988566,0.04556014447017652,0.18972752167820528
4,9.999999999988566,0.04556014447017652,0.18972752167820528
5,9.999999999988566,0.04556014447017652,0.18972752167820528
