,beta,tau,length
0,0.008329088340874969,4.435624986366756,0.006179958219682635
1,0.008329088340874969,4.435624986366756,0.006179958219682635
2,0.008329088340874969,4.435624986366756,0.006179958219682635
3,0.008329088340874969,4.435624986366756,0.006179958219682635
4,0.008329088340874969,4.435624986366756,0.006179958219682635
5,0.008329088340874969,4.435624986366756,0.006179958219682635
