,beta,tau,length
0,2.1012581170631313,4.221466951782706,0.7881294311826976
1,2.1012581170631313,4.221466951782706,0.7881294311826976
2,2.1012581170631313,4.221466951782706,0.7881294311826976
3,2.1012581170631313,4.221466951782706,0.7881294311826976
4,2.1012581170631313,4.221466951782706,0.7881294311826976
5,2.1012581170631313,4.221466951782706,0.7881294311826976
