,beta,tau,length
0,9.999999999990337,0.942780576796934,6.336792298798582
1,9.999999999990337,0.942780576796934,6.336792298798582
2,9.999999999990337,0.942780576796934,6.336792298798582
3,9.999999999990337,0.942780576796934,6.336792298798582
4,9.999999999990337,0.942780576796934,6.336792298798582
5,9.999999999990337,0.942780576796934,6.336792298798582
6,9.999999999990337,0.942780576796934,6.336792298798582
7,9.999999999990337,0.942780576796934,6.336792298798582
8,9.999999999990337,0.942780576796934,6.336792298798582
9,9.999999999990337,0.942780576796934,6.336792298798582
10,9.999999999990337,0.942780576796934,6.336792298798582
