,beta,tau,length
0,9.99999999999978,1.6311418624617957,0.176227349057403
1,9.99999999999978,1.6311418624617957,0.176227349057403
2,9.99999999999978,1.6311418624617957,0.176227349057403
3,9.99999999999978,1.6311418624617957,0.176227349057403
4,9.99999999999978,1.6311418624617957,0.176227349057403
5,9.99999999999978,1.6311418624617957,0.176227349057403
