,tau,length
0,0.30152594794017784,1.1938909231821704
1,0.30152594794017784,1.1938909231821704
2,0.30152594794017784,1.1938909231821704
3,0.30152594794017784,1.1938909231821704
4,0.30152594794017784,1.1938909231821704
5,0.30152594794017784,1.1938909231821704
