,beta,tau,length
0,9.999999999999314,3.4514948875814304,9.99999999999912
1,9.999999999999314,3.4514948875814304,9.99999999999912
2,9.999999999999314,3.4514948875814304,9.99999999999912
3,9.999999999999314,3.4514948875814304,9.99999999999912
4,9.999999999999314,3.4514948875814304,9.99999999999912
5,9.999999999999314,3.4514948875814304,9.99999999999912
