,tau,length
0,9.999999999909624,0.8649241732015768
1,9.999999999909624,0.8649241732015768
2,9.999999999909624,0.8649241732015768
3,9.999999999909624,0.8649241732015768
4,9.999999999909624,0.8649241732015768
5,9.999999999909624,0.8649241732015768
6,9.999999999909624,0.8649241732015768
7,9.999999999909624,0.8649241732015768
8,9.999999999909624,0.8649241732015768
9,9.999999999909624,0.8649241732015768
10,9.999999999909624,0.8649241732015768
