,beta,tau,length
0,1.4406272800102704,0.3943766546527695,0.929485856577243
1,1.4406272800102704,0.3943766546527695,0.929485856577243
2,1.4406272800102704,0.3943766546527695,0.929485856577243
3,1.4406272800102704,0.3943766546527695,0.929485856577243
4,1.4406272800102704,0.3943766546527695,0.929485856577243
5,1.4406272800102704,0.3943766546527695,0.929485856577243
6,1.4406272800102704,0.3943766546527695,0.929485856577243
7,1.4406272800102704,0.3943766546527695,0.929485856577243
8,1.4406272800102704,0.3943766546527695,0.929485856577243
9,1.4406272800102704,0.3943766546527695,0.929485856577243
10,1.4406272800102704,0.3943766546527695,0.929485856577243
