,beta,tau,length
0,9.999999999994394,0.5259926726156584,0.5586316570389311
1,9.999999999994394,0.5259926726156584,0.5586316570389311
2,9.999999999994394,0.5259926726156584,0.5586316570389311
3,9.999999999994394,0.5259926726156584,0.5586316570389311
4,9.999999999994394,0.5259926726156584,0.5586316570389311
5,9.999999999994394,0.5259926726156584,0.5586316570389311
6,9.999999999994394,0.5259926726156584,0.5586316570389311
7,9.999999999994394,0.5259926726156584,0.5586316570389311
8,9.999999999994394,0.5259926726156584,0.5586316570389311
9,9.999999999994394,0.5259926726156584,0.5586316570389311
10,9.999999999994394,0.5259926726156584,0.5586316570389311
