,tau,length
0,1.0693750404163371,0.9058194972450008
1,1.0693750404163371,0.9058194972450008
2,1.0693750404163371,0.9058194972450008
3,1.0693750404163371,0.9058194972450008
4,1.0693750404163371,0.9058194972450008
5,1.0693750404163371,0.9058194972450008
