,tau,length
0,9.999999995815847,0.8727502456407777
1,9.999999995815847,0.8727502456407777
2,9.999999995815847,0.8727502456407777
3,9.999999995815847,0.8727502456407777
4,9.999999995815847,0.8727502456407777
5,9.999999995815847,0.8727502456407777
6,9.999999995815847,0.8727502456407777
7,9.999999995815847,0.8727502456407777
8,9.999999995815847,0.8727502456407777
9,9.999999995815847,0.8727502456407777
10,9.999999995815847,0.8727502456407777
