,beta,tau,length
0,7.363310776056531,0.6108394417103903,1.1577267394402186
1,7.363310776056531,0.6108394417103903,1.1577267394402186
2,7.363310776056531,0.6108394417103903,1.1577267394402186
3,7.363310776056531,0.6108394417103903,1.1577267394402186
4,7.363310776056531,0.6108394417103903,1.1577267394402186
5,7.363310776056531,0.6108394417103903,1.1577267394402186
