,beta,tau,length
0,1.7720198030073475,0.5804964323996787,0.4974675661256207
1,1.7720198030073475,0.5804964323996787,0.4974675661256207
2,1.7720198030073475,0.5804964323996787,0.4974675661256207
3,1.7720198030073475,0.5804964323996787,0.4974675661256207
4,1.7720198030073475,0.5804964323996787,0.4974675661256207
5,1.7720198030073475,0.5804964323996787,0.4974675661256207
