,beta,tau,length
0,10.0,0.3181878027886743,0.11613018653841577
1,10.0,0.3181878027886743,0.11613018653841577
2,10.0,0.3181878027886743,0.11613018653841577
3,10.0,0.3181878027886743,0.11613018653841577
4,10.0,0.3181878027886743,0.11613018653841577
5,10.0,0.3181878027886743,0.11613018653841577
6,10.0,0.3181878027886743,0.11613018653841577
7,10.0,0.3181878027886743,0.11613018653841577
8,10.0,0.3181878027886743,0.11613018653841577
9,10.0,0.3181878027886743,0.11613018653841577
10,10.0,0.3181878027886743,0.11613018653841577
