,beta,tau,length
0,9.999999999999996,5.1685415150838026,0.12281606733997873
1,9.999999999999996,5.1685415150838026,0.12281606733997873
2,9.999999999999996,5.1685415150838026,0.12281606733997873
3,9.999999999999996,5.1685415150838026,0.12281606733997873
4,9.999999999999996,5.1685415150838026,0.12281606733997873
5,9.999999999999996,5.1685415150838026,0.12281606733997873
6,9.999999999999996,5.1685415150838026,0.12281606733997873
7,9.999999999999996,5.1685415150838026,0.12281606733997873
8,9.999999999999996,5.1685415150838026,0.12281606733997873
9,9.999999999999996,5.1685415150838026,0.12281606733997873
10,9.999999999999996,5.1685415150838026,0.12281606733997873
