,beta,tau,length
0,4.21718874773652,0.1068595134824447,0.957303550860742
1,4.21718874773652,0.1068595134824447,0.957303550860742
2,4.21718874773652,0.1068595134824447,0.957303550860742
3,4.21718874773652,0.1068595134824447,0.957303550860742
4,4.21718874773652,0.1068595134824447,0.957303550860742
5,4.21718874773652,0.1068595134824447,0.957303550860742
6,4.21718874773652,0.1068595134824447,0.957303550860742
7,4.21718874773652,0.1068595134824447,0.957303550860742
8,4.21718874773652,0.1068595134824447,0.957303550860742
9,4.21718874773652,0.1068595134824447,0.957303550860742
10,4.21718874773652,0.1068595134824447,0.957303550860742
