,beta,tau,length
0,9.999999999981327,0.5743360563843781,0.857379865163267
1,9.999999999981327,0.5743360563843781,0.857379865163267
2,9.999999999981327,0.5743360563843781,0.857379865163267
3,9.999999999981327,0.5743360563843781,0.857379865163267
4,9.999999999981327,0.5743360563843781,0.857379865163267
5,9.999999999981327,0.5743360563843781,0.857379865163267
6,9.999999999981327,0.5743360563843781,0.857379865163267
7,9.999999999981327,0.5743360563843781,0.857379865163267
8,9.999999999981327,0.5743360563843781,0.857379865163267
9,9.999999999981327,0.5743360563843781,0.857379865163267
10,9.999999999981327,0.5743360563843781,0.857379865163267
