,tau,length
0,0.1300702759971607,0.7986434419041972
1,0.1300702759971607,0.7986434419041972
2,0.1300702759971607,0.7986434419041972
3,0.1300702759971607,0.7986434419041972
4,0.1300702759971607,0.7986434419041972
5,0.1300702759971607,0.7986434419041972
