,beta,tau,length
0,9.999999999999979,1.9234535028052568,9.999999999994271
1,9.999999999999979,1.9234535028052568,9.999999999994271
2,9.999999999999979,1.9234535028052568,9.999999999994271
3,9.999999999999979,1.9234535028052568,9.999999999994271
4,9.999999999999979,1.9234535028052568,9.999999999994271
5,9.999999999999979,1.9234535028052568,9.999999999994271
