,beta,tau,length
0,5.582819642276929,7.178620470485221,0.9175407067285908
1,5.582819642276929,7.178620470485221,0.9175407067285908
2,5.582819642276929,7.178620470485221,0.9175407067285908
3,5.582819642276929,7.178620470485221,0.9175407067285908
4,5.582819642276929,7.178620470485221,0.9175407067285908
5,5.582819642276929,7.178620470485221,0.9175407067285908
