,beta,tau,length
0,5.849936539008738,0.5548820234941216,1.1963519444122506
1,5.849936539008738,0.5548820234941216,1.1963519444122506
2,5.849936539008738,0.5548820234941216,1.1963519444122506
3,5.849936539008738,0.5548820234941216,1.1963519444122506
4,5.849936539008738,0.5548820234941216,1.1963519444122506
5,5.849936539008738,0.5548820234941216,1.1963519444122506
