,beta,tau,length
0,0.007453055263916364,5.753701433274909,0.04138291759619782
1,0.007453055263916364,5.753701433274909,0.04138291759619782
2,0.007453055263916364,5.753701433274909,0.04138291759619782
3,0.007453055263916364,5.753701433274909,0.04138291759619782
4,0.007453055263916364,5.753701433274909,0.04138291759619782
5,0.007453055263916364,5.753701433274909,0.04138291759619782
