,beta,tau,length
0,9.999999999999787,0.134953469331472,0.07083645123491698
1,9.999999999999787,0.134953469331472,0.07083645123491698
2,9.999999999999787,0.134953469331472,0.07083645123491698
3,9.999999999999787,0.134953469331472,0.07083645123491698
4,9.999999999999787,0.134953469331472,0.07083645123491698
5,9.999999999999787,0.134953469331472,0.07083645123491698
6,9.999999999999787,0.134953469331472,0.07083645123491698
7,9.999999999999787,0.134953469331472,0.07083645123491698
8,9.999999999999787,0.134953469331472,0.07083645123491698
9,9.999999999999787,0.134953469331472,0.07083645123491698
10,9.999999999999787,0.134953469331472,0.07083645123491698
