,tau,length
0,2.606564958418458e-06,0.2089838266552292
1,2.606564958418458e-06,0.2089838266552292
2,2.606564958418458e-06,0.2089838266552292
3,2.606564958418458e-06,0.2089838266552292
4,2.606564958418458e-06,0.2089838266552292
5,2.606564958418458e-06,0.2089838266552292
