,beta,tau,length
0,7.044163153165794,5.102379622340122,1.8671990393075584
1,7.044163153165794,5.102379622340122,1.8671990393075584
2,7.044163153165794,5.102379622340122,1.8671990393075584
3,7.044163153165794,5.102379622340122,1.8671990393075584
4,7.044163153165794,5.102379622340122,1.8671990393075584
5,7.044163153165794,5.102379622340122,1.8671990393075584
6,7.044163153165794,5.102379622340122,1.8671990393075584
7,7.044163153165794,5.102379622340122,1.8671990393075584
8,7.044163153165794,5.102379622340122,1.8671990393075584
9,7.044163153165794,5.102379622340122,1.8671990393075584
10,7.044163153165794,5.102379622340122,1.8671990393075584
