,tau,length
0,0.7606527690228916,0.9058195284205945
1,0.7606527690228916,0.9058195284205945
2,0.7606527690228916,0.9058195284205945
3,0.7606527690228916,0.9058195284205945
4,0.7606527690228916,0.9058195284205945
5,0.7606527690228916,0.9058195284205945
