,tau,length
0,0.30316623650588304,0.7501843699458062
1,0.30316623650588304,0.7501843699458062
2,0.30316623650588304,0.7501843699458062
3,0.30316623650588304,0.7501843699458062
4,0.30316623650588304,0.7501843699458062
5,0.30316623650588304,0.7501843699458062
