,tau,length
0,1.0933183125801305,0.9058194769035467
1,1.0933183125801305,0.9058194769035467
2,1.0933183125801305,0.9058194769035467
3,1.0933183125801305,0.9058194769035467
4,1.0933183125801305,0.9058194769035467
5,1.0933183125801305,0.9058194769035467
