,beta,tau,length
0,9.999999999999474,0.873570489698517,0.18427939584055153
1,9.999999999999474,0.873570489698517,0.18427939584055153
2,9.999999999999474,0.873570489698517,0.18427939584055153
3,9.999999999999474,0.873570489698517,0.18427939584055153
4,9.999999999999474,0.873570489698517,0.18427939584055153
5,9.999999999999474,0.873570489698517,0.18427939584055153
