,tau,length
0,0.21032866654749693,0.9058154054678975
1,0.21032866654749693,0.9058154054678975
2,0.21032866654749693,0.9058154054678975
3,0.21032866654749693,0.9058154054678975
4,0.21032866654749693,0.9058154054678975
5,0.21032866654749693,0.9058154054678975
6,0.21032866654749693,0.9058154054678975
7,0.21032866654749693,0.9058154054678975
8,0.21032866654749693,0.9058154054678975
9,0.21032866654749693,0.9058154054678975
10,0.21032866654749693,0.9058154054678975
