,beta,tau,length
0,0.5659143764994569,5.141498627406598,0.7448112381840328
1,0.5659143764994569,5.141498627406598,0.7448112381840328
2,0.5659143764994569,5.141498627406598,0.7448112381840328
3,0.5659143764994569,5.141498627406598,0.7448112381840328
4,0.5659143764994569,5.141498627406598,0.7448112381840328
5,0.5659143764994569,5.141498627406598,0.7448112381840328
