,beta,tau,length
0,7.6546753230562725,0.5572617738133174,1.4106816817727252
1,7.6546753230562725,0.5572617738133174,1.4106816817727252
2,7.6546753230562725,0.5572617738133174,1.4106816817727252
3,7.6546753230562725,0.5572617738133174,1.4106816817727252
4,7.6546753230562725,0.5572617738133174,1.4106816817727252
5,7.6546753230562725,0.5572617738133174,1.4106816817727252
