,beta,tau,length
0,1.0763402111332527,3.1422144090675974e-05,0.2096044699518258
1,1.0763402111332527,3.1422144090675974e-05,0.2096044699518258
2,1.0763402111332527,3.1422144090675974e-05,0.2096044699518258
3,1.0763402111332527,3.1422144090675974e-05,0.2096044699518258
4,1.0763402111332527,3.1422144090675974e-05,0.2096044699518258
5,1.0763402111332527,3.1422144090675974e-05,0.2096044699518258
