,tau,length
0,4.808948684509235e-10,0.16934728554682987
1,4.808948684509235e-10,0.16934728554682987
2,4.808948684509235e-10,0.16934728554682987
3,4.808948684509235e-10,0.16934728554682987
4,4.808948684509235e-10,0.16934728554682987
5,4.808948684509235e-10,0.16934728554682987
