,tau,length
0,0.08596659676284156,0.7228497714976646
1,0.08596659676284156,0.7228497714976646
2,0.08596659676284156,0.7228497714976646
3,0.08596659676284156,0.7228497714976646
4,0.08596659676284156,0.7228497714976646
5,0.08596659676284156,0.7228497714976646
