,beta,tau,length
0,7.972128106771904,0.35119348026803454,0.8755464076922821
1,7.972128106771904,0.35119348026803454,0.8755464076922821
2,7.972128106771904,0.35119348026803454,0.8755464076922821
3,7.972128106771904,0.35119348026803454,0.8755464076922821
4,7.972128106771904,0.35119348026803454,0.8755464076922821
5,7.972128106771904,0.35119348026803454,0.8755464076922821
