,beta,tau,length
0,7.383145280456942,0.9255981376462609,0.8816089238962789
1,7.383145280456942,0.9255981376462609,0.8816089238962789
2,7.383145280456942,0.9255981376462609,0.8816089238962789
3,7.383145280456942,0.9255981376462609,0.8816089238962789
4,7.383145280456942,0.9255981376462609,0.8816089238962789
5,7.383145280456942,0.9255981376462609,0.8816089238962789
6,7.383145280456942,0.9255981376462609,0.8816089238962789
7,7.383145280456942,0.9255981376462609,0.8816089238962789
8,7.383145280456942,0.9255981376462609,0.8816089238962789
9,7.383145280456942,0.9255981376462609,0.8816089238962789
10,7.383145280456942,0.9255981376462609,0.8816089238962789
