,beta,tau,length
0,0.35145807743646407,1.4459059541800539,0.16345857683777176
1,0.35145807743646407,1.4459059541800539,0.16345857683777176
2,0.35145807743646407,1.4459059541800539,0.16345857683777176
3,0.35145807743646407,1.4459059541800539,0.16345857683777176
4,0.35145807743646407,1.4459059541800539,0.16345857683777176
5,0.35145807743646407,1.4459059541800539,0.16345857683777176
