,beta,tau,length
0,5.2061960016991025,0.00026125245186480194,1.786883119905982
1,5.2061960016991025,0.00026125245186480194,1.786883119905982
2,5.2061960016991025,0.00026125245186480194,1.786883119905982
3,5.2061960016991025,0.00026125245186480194,1.786883119905982
4,5.2061960016991025,0.00026125245186480194,1.786883119905982
5,5.2061960016991025,0.00026125245186480194,1.786883119905982
6,5.2061960016991025,0.00026125245186480194,1.786883119905982
7,5.2061960016991025,0.00026125245186480194,1.786883119905982
8,5.2061960016991025,0.00026125245186480194,1.786883119905982
9,5.2061960016991025,0.00026125245186480194,1.786883119905982
10,5.2061960016991025,0.00026125245186480194,1.786883119905982
