,tau,length
0,0.2204095384995931,0.9058194301113283
1,0.2204095384995931,0.9058194301113283
2,0.2204095384995931,0.9058194301113283
3,0.2204095384995931,0.9058194301113283
4,0.2204095384995931,0.9058194301113283
5,0.2204095384995931,0.9058194301113283
