,tau,length
0,0.0006626260818355268,0.0023122061481635095
1,0.0006626260818355268,0.0023122061481635095
2,0.0006626260818355268,0.0023122061481635095
3,0.0006626260818355268,0.0023122061481635095
4,0.0006626260818355268,0.0023122061481635095
5,0.0006626260818355268,0.0023122061481635095
