,tau,length
0,9.999999999999883,0.041858471510252224
1,9.999999999999883,0.041858471510252224
2,9.999999999999883,0.041858471510252224
3,9.999999999999883,0.041858471510252224
4,9.999999999999883,0.041858471510252224
5,9.999999999999883,0.041858471510252224
