,tau,length
0,0.2372532732025241,0.4890089086888789
1,0.2372532732025241,0.4890089086888789
2,0.2372532732025241,0.4890089086888789
3,0.2372532732025241,0.4890089086888789
4,0.2372532732025241,0.4890089086888789
5,0.2372532732025241,0.4890089086888789
6,0.2372532732025241,0.4890089086888789
7,0.2372532732025241,0.4890089086888789
8,0.2372532732025241,0.4890089086888789
9,0.2372532732025241,0.4890089086888789
10,0.2372532732025241,0.4890089086888789
