,beta,tau,length
0,9.560583084049059,5.865166290438396,1.6184881762229515
1,9.560583084049059,5.865166290438396,1.6184881762229515
2,9.560583084049059,5.865166290438396,1.6184881762229515
3,9.560583084049059,5.865166290438396,1.6184881762229515
4,9.560583084049059,5.865166290438396,1.6184881762229515
5,9.560583084049059,5.865166290438396,1.6184881762229515
6,9.560583084049059,5.865166290438396,1.6184881762229515
7,9.560583084049059,5.865166290438396,1.6184881762229515
8,9.560583084049059,5.865166290438396,1.6184881762229515
9,9.560583084049059,5.865166290438396,1.6184881762229515
10,9.560583084049059,5.865166290438396,1.6184881762229515
