,beta,tau,length
0,9.999999999995321,1.2676824503985817,1.2457115645684302
1,9.999999999995321,1.2676824503985817,1.2457115645684302
2,9.999999999995321,1.2676824503985817,1.2457115645684302
3,9.999999999995321,1.2676824503985817,1.2457115645684302
4,9.999999999995321,1.2676824503985817,1.2457115645684302
5,9.999999999995321,1.2676824503985817,1.2457115645684302
6,9.999999999995321,1.2676824503985817,1.2457115645684302
7,9.999999999995321,1.2676824503985817,1.2457115645684302
8,9.999999999995321,1.2676824503985817,1.2457115645684302
9,9.999999999995321,1.2676824503985817,1.2457115645684302
10,9.999999999995321,1.2676824503985817,1.2457115645684302
