,tau,length
0,0.7982233881646312,1.0200608311211452
1,0.7982233881646312,1.0200608311211452
2,0.7982233881646312,1.0200608311211452
3,0.7982233881646312,1.0200608311211452
4,0.7982233881646312,1.0200608311211452
5,0.7982233881646312,1.0200608311211452
