,beta,tau,length
0,2.9956008570904857,5.6118819100714556e-05,0.21024654223860306
1,2.9956008570904857,5.6118819100714556e-05,0.21024654223860306
2,2.9956008570904857,5.6118819100714556e-05,0.21024654223860306
3,2.9956008570904857,5.6118819100714556e-05,0.21024654223860306
4,2.9956008570904857,5.6118819100714556e-05,0.21024654223860306
5,2.9956008570904857,5.6118819100714556e-05,0.21024654223860306
