,beta,tau,length
0,1.062229716126346,1.5210841392421464,0.7447813059160336
1,1.062229716126346,1.5210841392421464,0.7447813059160336
2,1.062229716126346,1.5210841392421464,0.7447813059160336
3,1.062229716126346,1.5210841392421464,0.7447813059160336
4,1.062229716126346,1.5210841392421464,0.7447813059160336
5,1.062229716126346,1.5210841392421464,0.7447813059160336
