,beta,tau,length
0,0.019462862928073633,2.3053195415471412,0.00015787553650347126
1,0.019462862928073633,2.3053195415471412,0.00015787553650347126
2,0.019462862928073633,2.3053195415471412,0.00015787553650347126
3,0.019462862928073633,2.3053195415471412,0.00015787553650347126
4,0.019462862928073633,2.3053195415471412,0.00015787553650347126
5,0.019462862928073633,2.3053195415471412,0.00015787553650347126
