,tau,length
0,9.99999999999995,0.046793042827351736
1,9.99999999999995,0.046793042827351736
2,9.99999999999995,0.046793042827351736
3,9.99999999999995,0.046793042827351736
4,9.99999999999995,0.046793042827351736
5,9.99999999999995,0.046793042827351736
