,tau,length
0,9.99999999919611,0.9058194999256842
1,9.99999999919611,0.9058194999256842
2,9.99999999919611,0.9058194999256842
3,9.99999999919611,0.9058194999256842
4,9.99999999919611,0.9058194999256842
5,9.99999999919611,0.9058194999256842
6,9.99999999919611,0.9058194999256842
7,9.99999999919611,0.9058194999256842
8,9.99999999919611,0.9058194999256842
9,9.99999999919611,0.9058194999256842
10,9.99999999919611,0.9058194999256842
