,beta,tau,length
0,2.38492659034853e-10,7.4762831690909595,1.8783683880543645
1,2.38492659034853e-10,7.4762831690909595,1.8783683880543645
2,2.38492659034853e-10,7.4762831690909595,1.8783683880543645
3,2.38492659034853e-10,7.4762831690909595,1.8783683880543645
4,2.38492659034853e-10,7.4762831690909595,1.8783683880543645
5,2.38492659034853e-10,7.4762831690909595,1.8783683880543645
