,beta,tau,length
0,9.999999999999305,7.69286283487946,1.718621028215996
1,9.999999999999305,7.69286283487946,1.718621028215996
2,9.999999999999305,7.69286283487946,1.718621028215996
3,9.999999999999305,7.69286283487946,1.718621028215996
4,9.999999999999305,7.69286283487946,1.718621028215996
5,9.999999999999305,7.69286283487946,1.718621028215996
6,9.999999999999305,7.69286283487946,1.718621028215996
7,9.999999999999305,7.69286283487946,1.718621028215996
8,9.999999999999305,7.69286283487946,1.718621028215996
9,9.999999999999305,7.69286283487946,1.718621028215996
10,9.999999999999305,7.69286283487946,1.718621028215996
