,beta,tau,length
0,9.999999999998767,0.625062089971199,0.014284186692154578
1,9.999999999998767,0.625062089971199,0.014284186692154578
2,9.999999999998767,0.625062089971199,0.014284186692154578
3,9.999999999998767,0.625062089971199,0.014284186692154578
4,9.999999999998767,0.625062089971199,0.014284186692154578
5,9.999999999998767,0.625062089971199,0.014284186692154578
