,beta,tau,length
0,3.166161486898538,3.5085188146770543,0.028218575934927482
1,3.166161486898538,3.5085188146770543,0.028218575934927482
2,3.166161486898538,3.5085188146770543,0.028218575934927482
3,3.166161486898538,3.5085188146770543,0.028218575934927482
4,3.166161486898538,3.5085188146770543,0.028218575934927482
5,3.166161486898538,3.5085188146770543,0.028218575934927482
6,3.166161486898538,3.5085188146770543,0.028218575934927482
7,3.166161486898538,3.5085188146770543,0.028218575934927482
8,3.166161486898538,3.5085188146770543,0.028218575934927482
9,3.166161486898538,3.5085188146770543,0.028218575934927482
10,3.166161486898538,3.5085188146770543,0.028218575934927482
