,beta,tau,length
0,2.320446049250313e-15,9.999999999999982,0.06626661836640745
1,2.320446049250313e-15,9.999999999999982,0.06626661836640745
2,2.320446049250313e-15,9.999999999999982,0.06626661836640745
3,2.320446049250313e-15,9.999999999999982,0.06626661836640745
4,2.320446049250313e-15,9.999999999999982,0.06626661836640745
5,2.320446049250313e-15,9.999999999999982,0.06626661836640745
