,beta,tau,length
0,9.999999999652612,0.11115614104993242,9.99999999760126
1,9.999999999652612,0.11115614104993242,9.99999999760126
2,9.999999999652612,0.11115614104993242,9.99999999760126
3,9.999999999652612,0.11115614104993242,9.99999999760126
4,9.999999999652612,0.11115614104993242,9.99999999760126
5,9.999999999652612,0.11115614104993242,9.99999999760126
