,beta,tau,length
0,0.003406800348146988,6.580394418786492,1.9400038521050267
1,0.003406800348146988,6.580394418786492,1.9400038521050267
2,0.003406800348146988,6.580394418786492,1.9400038521050267
3,0.003406800348146988,6.580394418786492,1.9400038521050267
4,0.003406800348146988,6.580394418786492,1.9400038521050267
5,0.003406800348146988,6.580394418786492,1.9400038521050267
