,tau,length
0,0.17626728372366907,0.6687770022755469
1,0.17626728372366907,0.6687770022755469
2,0.17626728372366907,0.6687770022755469
3,0.17626728372366907,0.6687770022755469
4,0.17626728372366907,0.6687770022755469
5,0.17626728372366907,0.6687770022755469
6,0.17626728372366907,0.6687770022755469
7,0.17626728372366907,0.6687770022755469
8,0.17626728372366907,0.6687770022755469
9,0.17626728372366907,0.6687770022755469
10,0.17626728372366907,0.6687770022755469
