,tau,length
0,0.916924411685749,1.176371722927001
1,0.916924411685749,1.176371722927001
2,0.916924411685749,1.176371722927001
3,0.916924411685749,1.176371722927001
4,0.916924411685749,1.176371722927001
5,0.916924411685749,1.176371722927001
6,0.916924411685749,1.176371722927001
7,0.916924411685749,1.176371722927001
8,0.916924411685749,1.176371722927001
9,0.916924411685749,1.176371722927001
10,0.916924411685749,1.176371722927001
