,beta,tau,length
0,9.999999999997405,1.676646742891819,1.0655589930266895
1,9.999999999997405,1.676646742891819,1.0655589930266895
2,9.999999999997405,1.676646742891819,1.0655589930266895
3,9.999999999997405,1.676646742891819,1.0655589930266895
4,9.999999999997405,1.676646742891819,1.0655589930266895
5,9.999999999997405,1.676646742891819,1.0655589930266895
6,9.999999999997405,1.676646742891819,1.0655589930266895
7,9.999999999997405,1.676646742891819,1.0655589930266895
8,9.999999999997405,1.676646742891819,1.0655589930266895
9,9.999999999997405,1.676646742891819,1.0655589930266895
10,9.999999999997405,1.676646742891819,1.0655589930266895
