,beta,tau,length
0,3.303370591768382,9.999999974079994,5.267386715834656
1,3.303370591768382,9.999999974079994,5.267386715834656
2,3.303370591768382,9.999999974079994,5.267386715834656
3,3.303370591768382,9.999999974079994,5.267386715834656
4,3.303370591768382,9.999999974079994,5.267386715834656
5,3.303370591768382,9.999999974079994,5.267386715834656
