,beta,tau,length
0,5.995366809173614,1.0025268401213933e-10,0.16890648611483494
1,5.995366809173614,1.0025268401213933e-10,0.16890648611483494
2,5.995366809173614,1.0025268401213933e-10,0.16890648611483494
3,5.995366809173614,1.0025268401213933e-10,0.16890648611483494
4,5.995366809173614,1.0025268401213933e-10,0.16890648611483494
5,5.995366809173614,1.0025268401213933e-10,0.16890648611483494
