,tau,length
0,2.1899666601570473,1.30553432761574
1,2.1899666601570473,1.30553432761574
2,2.1899666601570473,1.30553432761574
3,2.1899666601570473,1.30553432761574
4,2.1899666601570473,1.30553432761574
5,2.1899666601570473,1.30553432761574
6,2.1899666601570473,1.30553432761574
7,2.1899666601570473,1.30553432761574
8,2.1899666601570473,1.30553432761574
9,2.1899666601570473,1.30553432761574
10,2.1899666601570473,1.30553432761574
