,tau,length
0,0.5995466626232749,0.9058194898233136
1,0.5995466626232749,0.9058194898233136
2,0.5995466626232749,0.9058194898233136
3,0.5995466626232749,0.9058194898233136
4,0.5995466626232749,0.9058194898233136
5,0.5995466626232749,0.9058194898233136
