,beta,tau,length
0,5.651115123125783e-15,1.7713537193397772e-09,1.643418664104942
1,5.651115123125783e-15,1.7713537193397772e-09,1.643418664104942
2,5.651115123125783e-15,1.7713537193397772e-09,1.643418664104942
3,5.651115123125783e-15,1.7713537193397772e-09,1.643418664104942
4,5.651115123125783e-15,1.7713537193397772e-09,1.643418664104942
5,5.651115123125783e-15,1.7713537193397772e-09,1.643418664104942
