,tau,length
0,0.2894313205769906,0.9058196135756503
1,0.2894313205769906,0.9058196135756503
2,0.2894313205769906,0.9058196135756503
3,0.2894313205769906,0.9058196135756503
4,0.2894313205769906,0.9058196135756503
5,0.2894313205769906,0.9058196135756503
