,tau,length
0,0.5437203584518159,0.9058196161640837
1,0.5437203584518159,0.9058196161640837
2,0.5437203584518159,0.9058196161640837
3,0.5437203584518159,0.9058196161640837
4,0.5437203584518159,0.9058196161640837
5,0.5437203584518159,0.9058196161640837
