,beta,tau,length
0,6.551115123125783e-16,2.469038208539617,0.1203986716120332
1,6.551115123125783e-16,2.469038208539617,0.1203986716120332
2,6.551115123125783e-16,2.469038208539617,0.1203986716120332
3,6.551115123125783e-16,2.469038208539617,0.1203986716120332
4,6.551115123125783e-16,2.469038208539617,0.1203986716120332
5,6.551115123125783e-16,2.469038208539617,0.1203986716120332
