,tau,length
0,0.33301747219033295,1.6560890470348788
1,0.33301747219033295,1.6560890470348788
2,0.33301747219033295,1.6560890470348788
3,0.33301747219033295,1.6560890470348788
4,0.33301747219033295,1.6560890470348788
5,0.33301747219033295,1.6560890470348788
6,0.33301747219033295,1.6560890470348788
7,0.33301747219033295,1.6560890470348788
8,0.33301747219033295,1.6560890470348788
9,0.33301747219033295,1.6560890470348788
10,0.33301747219033295,1.6560890470348788
