,tau,length
0,0.30212121618676935,1.236554609623487
1,0.30212121618676935,1.236554609623487
2,0.30212121618676935,1.236554609623487
3,0.30212121618676935,1.236554609623487
4,0.30212121618676935,1.236554609623487
5,0.30212121618676935,1.236554609623487
