,tau,length
0,0.1881611341202012,1.4341423812889187
1,0.1881611341202012,1.4341423812889187
2,0.1881611341202012,1.4341423812889187
3,0.1881611341202012,1.4341423812889187
4,0.1881611341202012,1.4341423812889187
5,0.1881611341202012,1.4341423812889187
6,0.1881611341202012,1.4341423812889187
7,0.1881611341202012,1.4341423812889187
8,0.1881611341202012,1.4341423812889187
9,0.1881611341202012,1.4341423812889187
10,0.1881611341202012,1.4341423812889187
