,tau,length
0,0.28106522005938006,1.4538853714495137
1,0.28106522005938006,1.4538853714495137
2,0.28106522005938006,1.4538853714495137
3,0.28106522005938006,1.4538853714495137
4,0.28106522005938006,1.4538853714495137
5,0.28106522005938006,1.4538853714495137
6,0.28106522005938006,1.4538853714495137
7,0.28106522005938006,1.4538853714495137
8,0.28106522005938006,1.4538853714495137
9,0.28106522005938006,1.4538853714495137
10,0.28106522005938006,1.4538853714495137
