,tau,length
0,0.17975165420883688,1.2895500220655882
1,0.17975165420883688,1.2895500220655882
2,0.17975165420883688,1.2895500220655882
3,0.17975165420883688,1.2895500220655882
4,0.17975165420883688,1.2895500220655882
5,0.17975165420883688,1.2895500220655882
6,0.17975165420883688,1.2895500220655882
7,0.17975165420883688,1.2895500220655882
8,0.17975165420883688,1.2895500220655882
9,0.17975165420883688,1.2895500220655882
10,0.17975165420883688,1.2895500220655882
