,tau,length
0,0.1236538608939992,1.1205135251893323
1,0.1236538608939992,1.1205135251893323
2,0.1236538608939992,1.1205135251893323
3,0.1236538608939992,1.1205135251893323
4,0.1236538608939992,1.1205135251893323
5,0.1236538608939992,1.1205135251893323
