,tau,length
0,0.14724007376540682,1.6694465537353813
1,0.14724007376540682,1.6694465537353813
2,0.14724007376540682,1.6694465537353813
3,0.14724007376540682,1.6694465537353813
4,0.14724007376540682,1.6694465537353813
5,0.14724007376540682,1.6694465537353813
