,tau,length
0,0.1501713424776714,0.42550185598557067
1,0.1501713424776714,0.42550185598557067
2,0.1501713424776714,0.42550185598557067
3,0.1501713424776714,0.42550185598557067
4,0.1501713424776714,0.42550185598557067
5,0.1501713424776714,0.42550185598557067
