,tau,length
0,0.19721785817875714,1.3918108068738022
1,0.19721785817875714,1.3918108068738022
2,0.19721785817875714,1.3918108068738022
3,0.19721785817875714,1.3918108068738022
4,0.19721785817875714,1.3918108068738022
5,0.19721785817875714,1.3918108068738022
6,0.19721785817875714,1.3918108068738022
7,0.19721785817875714,1.3918108068738022
8,0.19721785817875714,1.3918108068738022
9,0.19721785817875714,1.3918108068738022
10,0.19721785817875714,1.3918108068738022
