,tau,length
0,0.23188441613360877,1.1173461208682607
1,0.23188441613360877,1.1173461208682607
2,0.23188441613360877,1.1173461208682607
3,0.23188441613360877,1.1173461208682607
4,0.23188441613360877,1.1173461208682607
5,0.23188441613360877,1.1173461208682607
6,0.23188441613360877,1.1173461208682607
7,0.23188441613360877,1.1173461208682607
8,0.23188441613360877,1.1173461208682607
9,0.23188441613360877,1.1173461208682607
10,0.23188441613360877,1.1173461208682607
