,tau,length
0,0.7410574199999349,2.5695885147083115
1,0.7410574199999349,2.5695885147083115
2,0.7410574199999349,2.5695885147083115
3,0.7410574199999349,2.5695885147083115
4,0.7410574199999349,2.5695885147083115
5,0.7410574199999349,2.5695885147083115
6,0.7410574199999349,2.5695885147083115
7,0.7410574199999349,2.5695885147083115
8,0.7410574199999349,2.5695885147083115
9,0.7410574199999349,2.5695885147083115
10,0.7410574199999349,2.5695885147083115
