,tau,length
0,0.14566840771997225,1.6393089856454635
1,0.14566840771997225,1.6393089856454635
2,0.14566840771997225,1.6393089856454635
3,0.14566840771997225,1.6393089856454635
4,0.14566840771997225,1.6393089856454635
5,0.14566840771997225,1.6393089856454635
