,tau,length
0,0.1962211858506725,1.0282283554448135
1,0.1962211858506725,1.0282283554448135
2,0.1962211858506725,1.0282283554448135
3,0.1962211858506725,1.0282283554448135
4,0.1962211858506725,1.0282283554448135
5,0.1962211858506725,1.0282283554448135
6,0.1962211858506725,1.0282283554448135
7,0.1962211858506725,1.0282283554448135
8,0.1962211858506725,1.0282283554448135
9,0.1962211858506725,1.0282283554448135
10,0.1962211858506725,1.0282283554448135
