,tau,length
0,0.10269493536505646,1.5727617332546817
1,0.10269493536505646,1.5727617332546817
2,0.10269493536505646,1.5727617332546817
3,0.10269493536505646,1.5727617332546817
4,0.10269493536505646,1.5727617332546817
5,0.10269493536505646,1.5727617332546817
