,tau,length
0,0.09353464994996295,1.0621737137049891
1,0.09353464994996295,1.0621737137049891
2,0.09353464994996295,1.0621737137049891
3,0.09353464994996295,1.0621737137049891
4,0.09353464994996295,1.0621737137049891
5,0.09353464994996295,1.0621737137049891
