,tau,length
0,0.146319402916107,1.6615805867409743
1,0.146319402916107,1.6615805867409743
2,0.146319402916107,1.6615805867409743
3,0.146319402916107,1.6615805867409743
4,0.146319402916107,1.6615805867409743
5,0.146319402916107,1.6615805867409743
