,tau,length
0,0.18919504588295788,1.221859015909042
1,0.18919504588295788,1.221859015909042
2,0.18919504588295788,1.221859015909042
3,0.18919504588295788,1.221859015909042
4,0.18919504588295788,1.221859015909042
5,0.18919504588295788,1.221859015909042
6,0.18919504588295788,1.221859015909042
7,0.18919504588295788,1.221859015909042
8,0.18919504588295788,1.221859015909042
9,0.18919504588295788,1.221859015909042
10,0.18919504588295788,1.221859015909042
