,tau,length
0,0.1037245445849173,1.5018208531294952
1,0.1037245445849173,1.5018208531294952
2,0.1037245445849173,1.5018208531294952
3,0.1037245445849173,1.5018208531294952
4,0.1037245445849173,1.5018208531294952
5,0.1037245445849173,1.5018208531294952
6,0.1037245445849173,1.5018208531294952
7,0.1037245445849173,1.5018208531294952
8,0.1037245445849173,1.5018208531294952
9,0.1037245445849173,1.5018208531294952
10,0.1037245445849173,1.5018208531294952
