,tau,length
0,0.19405973385280895,1.044272056866663
1,0.19405973385280895,1.044272056866663
2,0.19405973385280895,1.044272056866663
3,0.19405973385280895,1.044272056866663
4,0.19405973385280895,1.044272056866663
5,0.19405973385280895,1.044272056866663
6,0.19405973385280895,1.044272056866663
7,0.19405973385280895,1.044272056866663
8,0.19405973385280895,1.044272056866663
9,0.19405973385280895,1.044272056866663
10,0.19405973385280895,1.044272056866663
