,tau,length
0,0.16640659085729992,1.3198212941185317
1,0.16640659085729992,1.3198212941185317
2,0.16640659085729992,1.3198212941185317
3,0.16640659085729992,1.3198212941185317
4,0.16640659085729992,1.3198212941185317
5,0.16640659085729992,1.3198212941185317
