,tau,length
0,0.09915363815454613,1.6526458668943804
1,0.09915363815454613,1.6526458668943804
2,0.09915363815454613,1.6526458668943804
3,0.09915363815454613,1.6526458668943804
4,0.09915363815454613,1.6526458668943804
5,0.09915363815454613,1.6526458668943804
