,tau,length
0,0.14613345959746904,1.6508274157919707
1,0.14613345959746904,1.6508274157919707
2,0.14613345959746904,1.6508274157919707
3,0.14613345959746904,1.6508274157919707
4,0.14613345959746904,1.6508274157919707
5,0.14613345959746904,1.6508274157919707
