,tau,length
0,0.1826608868346692,1.338461281557413
1,0.1826608868346692,1.338461281557413
2,0.1826608868346692,1.338461281557413
3,0.1826608868346692,1.338461281557413
4,0.1826608868346692,1.338461281557413
5,0.1826608868346692,1.338461281557413
6,0.1826608868346692,1.338461281557413
7,0.1826608868346692,1.338461281557413
8,0.1826608868346692,1.338461281557413
9,0.1826608868346692,1.338461281557413
10,0.1826608868346692,1.338461281557413
