,tau,length
0,0.14038998859144958,1.5540190348306049
1,0.14038998859144958,1.5540190348306049
2,0.14038998859144958,1.5540190348306049
3,0.14038998859144958,1.5540190348306049
4,0.14038998859144958,1.5540190348306049
5,0.14038998859144958,1.5540190348306049
6,0.14038998859144958,1.5540190348306049
7,0.14038998859144958,1.5540190348306049
8,0.14038998859144958,1.5540190348306049
9,0.14038998859144958,1.5540190348306049
10,0.14038998859144958,1.5540190348306049
