,tau,length
0,0.13176519248718443,1.4455550055447035
1,0.13176519248718443,1.4455550055447035
2,0.13176519248718443,1.4455550055447035
3,0.13176519248718443,1.4455550055447035
4,0.13176519248718443,1.4455550055447035
5,0.13176519248718443,1.4455550055447035
6,0.13176519248718443,1.4455550055447035
7,0.13176519248718443,1.4455550055447035
8,0.13176519248718443,1.4455550055447035
9,0.13176519248718443,1.4455550055447035
10,0.13176519248718443,1.4455550055447035
