,tau,length
0,0.09754112024085503,1.5873967699185276
1,0.09754112024085503,1.5873967699185276
2,0.09754112024085503,1.5873967699185276
3,0.09754112024085503,1.5873967699185276
4,0.09754112024085503,1.5873967699185276
5,0.09754112024085503,1.5873967699185276
