,tau,length
0,0.1429301196351319,1.0951804484049754
1,0.1429301196351319,1.0951804484049754
2,0.1429301196351319,1.0951804484049754
3,0.1429301196351319,1.0951804484049754
4,0.1429301196351319,1.0951804484049754
5,0.1429301196351319,1.0951804484049754
