,tau,length
0,0.11180205541875664,1.6925519214772722
1,0.11180205541875664,1.6925519214772722
2,0.11180205541875664,1.6925519214772722
3,0.11180205541875664,1.6925519214772722
4,0.11180205541875664,1.6925519214772722
5,0.11180205541875664,1.6925519214772722
6,0.11180205541875664,1.6925519214772722
7,0.11180205541875664,1.6925519214772722
8,0.11180205541875664,1.6925519214772722
9,0.11180205541875664,1.6925519214772722
10,0.11180205541875664,1.6925519214772722
