,tau,length
0,0.1946153533626378,2.2687010630799884
1,0.1946153533626378,2.2687010630799884
2,0.1946153533626378,2.2687010630799884
3,0.1946153533626378,2.2687010630799884
4,0.1946153533626378,2.2687010630799884
5,0.1946153533626378,2.2687010630799884
6,0.1946153533626378,2.2687010630799884
7,0.1946153533626378,2.2687010630799884
8,0.1946153533626378,2.2687010630799884
9,0.1946153533626378,2.2687010630799884
10,0.1946153533626378,2.2687010630799884
