,tau,length
0,0.13849310875846355,1.5013201788422947
1,0.13849310875846355,1.5013201788422947
2,0.13849310875846355,1.5013201788422947
3,0.13849310875846355,1.5013201788422947
4,0.13849310875846355,1.5013201788422947
5,0.13849310875846355,1.5013201788422947
