,tau,length
0,0.6529737390522928,1.1612462717263206
1,0.6529737390522928,1.1612462717263206
2,0.6529737390522928,1.1612462717263206
3,0.6529737390522928,1.1612462717263206
4,0.6529737390522928,1.1612462717263206
5,0.6529737390522928,1.1612462717263206
