,tau,length
0,0.16877932925095884,1.2060602349326062
1,0.16877932925095884,1.2060602349326062
2,0.16877932925095884,1.2060602349326062
3,0.16877932925095884,1.2060602349326062
4,0.16877932925095884,1.2060602349326062
5,0.16877932925095884,1.2060602349326062
6,0.16877932925095884,1.2060602349326062
7,0.16877932925095884,1.2060602349326062
8,0.16877932925095884,1.2060602349326062
9,0.16877932925095884,1.2060602349326062
10,0.16877932925095884,1.2060602349326062
