,tau,length
0,0.1432530226022939,0.3980931847469322
1,0.1432530226022939,0.3980931847469322
2,0.1432530226022939,0.3980931847469322
3,0.1432530226022939,0.3980931847469322
4,0.1432530226022939,0.3980931847469322
5,0.1432530226022939,0.3980931847469322
