,tau,length
0,0.10409838337070441,1.3530090697238468
1,0.10409838337070441,1.3530090697238468
2,0.10409838337070441,1.3530090697238468
3,0.10409838337070441,1.3530090697238468
4,0.10409838337070441,1.3530090697238468
5,0.10409838337070441,1.3530090697238468
