,tau,length
0,0.13420295141853567,1.2578402515295861
1,0.13420295141853567,1.2578402515295861
2,0.13420295141853567,1.2578402515295861
3,0.13420295141853567,1.2578402515295861
4,0.13420295141853567,1.2578402515295861
5,0.13420295141853567,1.2578402515295861
6,0.13420295141853567,1.2578402515295861
7,0.13420295141853567,1.2578402515295861
8,0.13420295141853567,1.2578402515295861
9,0.13420295141853567,1.2578402515295861
10,0.13420295141853567,1.2578402515295861
