,tau,length
0,0.18809167800394389,1.3513948982457902
1,0.18809167800394389,1.3513948982457902
2,0.18809167800394389,1.3513948982457902
3,0.18809167800394389,1.3513948982457902
4,0.18809167800394389,1.3513948982457902
5,0.18809167800394389,1.3513948982457902
6,0.18809167800394389,1.3513948982457902
7,0.18809167800394389,1.3513948982457902
8,0.18809167800394389,1.3513948982457902
9,0.18809167800394389,1.3513948982457902
10,0.18809167800394389,1.3513948982457902
