,tau,length
0,0.08240305018539072,1.62822911573691
1,0.08240305018539072,1.62822911573691
2,0.08240305018539072,1.62822911573691
3,0.08240305018539072,1.62822911573691
4,0.08240305018539072,1.62822911573691
5,0.08240305018539072,1.62822911573691
