,tau,length
0,0.2041258606886044,0.9067802521929009
1,0.2041258606886044,0.9067802521929009
2,0.2041258606886044,0.9067802521929009
3,0.2041258606886044,0.9067802521929009
4,0.2041258606886044,0.9067802521929009
5,0.2041258606886044,0.9067802521929009
6,0.2041258606886044,0.9067802521929009
7,0.2041258606886044,0.9067802521929009
8,0.2041258606886044,0.9067802521929009
9,0.2041258606886044,0.9067802521929009
10,0.2041258606886044,0.9067802521929009
