,tau,length
0,0.14434727260262192,1.5582825430374392
1,0.14434727260262192,1.5582825430374392
2,0.14434727260262192,1.5582825430374392
3,0.14434727260262192,1.5582825430374392
4,0.14434727260262192,1.5582825430374392
5,0.14434727260262192,1.5582825430374392
