,tau,length
0,0.1600859737180128,1.7961354870387876
1,0.1600859737180128,1.7961354870387876
2,0.1600859737180128,1.7961354870387876
3,0.1600859737180128,1.7961354870387876
4,0.1600859737180128,1.7961354870387876
5,0.1600859737180128,1.7961354870387876
6,0.1600859737180128,1.7961354870387876
7,0.1600859737180128,1.7961354870387876
8,0.1600859737180128,1.7961354870387876
9,0.1600859737180128,1.7961354870387876
10,0.1600859737180128,1.7961354870387876
