,tau,length
0,0.20697078979706585,1.0242319171739984
1,0.20697078979706585,1.0242319171739984
2,0.20697078979706585,1.0242319171739984
3,0.20697078979706585,1.0242319171739984
4,0.20697078979706585,1.0242319171739984
5,0.20697078979706585,1.0242319171739984
6,0.20697078979706585,1.0242319171739984
7,0.20697078979706585,1.0242319171739984
8,0.20697078979706585,1.0242319171739984
9,0.20697078979706585,1.0242319171739984
10,0.20697078979706585,1.0242319171739984
