,tau,length
0,0.0826091502523447,1.6057794818101
1,0.0826091502523447,1.6057794818101
2,0.0826091502523447,1.6057794818101
3,0.0826091502523447,1.6057794818101
4,0.0826091502523447,1.6057794818101
5,0.0826091502523447,1.6057794818101
6,0.0826091502523447,1.6057794818101
7,0.0826091502523447,1.6057794818101
8,0.0826091502523447,1.6057794818101
9,0.0826091502523447,1.6057794818101
10,0.0826091502523447,1.6057794818101
