,tau,length
0,0.13583190895543062,0.7948310277415528
1,0.13583190895543062,0.7948310277415528
2,0.13583190895543062,0.7948310277415528
3,0.13583190895543062,0.7948310277415528
4,0.13583190895543062,0.7948310277415528
5,0.13583190895543062,0.7948310277415528
