,tau,length
0,0.16015038060804965,1.517770093615543
1,0.16015038060804965,1.517770093615543
2,0.16015038060804965,1.517770093615543
3,0.16015038060804965,1.517770093615543
4,0.16015038060804965,1.517770093615543
5,0.16015038060804965,1.517770093615543
