,tau,length
0,0.14505323609954224,1.0844380540652288
1,0.14505323609954224,1.0844380540652288
2,0.14505323609954224,1.0844380540652288
3,0.14505323609954224,1.0844380540652288
4,0.14505323609954224,1.0844380540652288
5,0.14505323609954224,1.0844380540652288
