,tau,length
0,0.0008143784563736545,1.3994284347686832
1,0.0008143784563736545,1.3994284347686832
2,0.0008143784563736545,1.3994284347686832
3,0.0008143784563736545,1.3994284347686832
4,0.0008143784563736545,1.3994284347686832
5,0.0008143784563736545,1.3994284347686832
