,tau,length
0,0.13573821568799949,1.398134726750584
1,0.13573821568799949,1.398134726750584
2,0.13573821568799949,1.398134726750584
3,0.13573821568799949,1.398134726750584
4,0.13573821568799949,1.398134726750584
5,0.13573821568799949,1.398134726750584
6,0.13573821568799949,1.398134726750584
7,0.13573821568799949,1.398134726750584
8,0.13573821568799949,1.398134726750584
9,0.13573821568799949,1.398134726750584
10,0.13573821568799949,1.398134726750584
