,tau,length
0,0.13314048546599855,1.3864369191007846
1,0.13314048546599855,1.3864369191007846
2,0.13314048546599855,1.3864369191007846
3,0.13314048546599855,1.3864369191007846
4,0.13314048546599855,1.3864369191007846
5,0.13314048546599855,1.3864369191007846
6,0.13314048546599855,1.3864369191007846
7,0.13314048546599855,1.3864369191007846
8,0.13314048546599855,1.3864369191007846
9,0.13314048546599855,1.3864369191007846
10,0.13314048546599855,1.3864369191007846
