,tau,length
0,0.10822938454995666,1.384361060736445
1,0.10822938454995666,1.384361060736445
2,0.10822938454995666,1.384361060736445
3,0.10822938454995666,1.384361060736445
4,0.10822938454995666,1.384361060736445
5,0.10822938454995666,1.384361060736445
