,tau,length
0,0.19824339832519478,1.7754043111537783
1,0.19824339832519478,1.7754043111537783
2,0.19824339832519478,1.7754043111537783
3,0.19824339832519478,1.7754043111537783
4,0.19824339832519478,1.7754043111537783
5,0.19824339832519478,1.7754043111537783
