,tau,length
0,0.20924717281036076,0.01999346102208709
1,0.20924717281036076,0.01999346102208709
2,0.20924717281036076,0.01999346102208709
3,0.20924717281036076,0.01999346102208709
4,0.20924717281036076,0.01999346102208709
5,0.20924717281036076,0.01999346102208709
6,0.20924717281036076,0.01999346102208709
7,0.20924717281036076,0.01999346102208709
8,0.20924717281036076,0.01999346102208709
9,0.20924717281036076,0.01999346102208709
10,0.20924717281036076,0.01999346102208709
