,tau,length
0,0.13142408034548148,1.2889889654999465
1,0.13142408034548148,1.2889889654999465
2,0.13142408034548148,1.2889889654999465
3,0.13142408034548148,1.2889889654999465
4,0.13142408034548148,1.2889889654999465
5,0.13142408034548148,1.2889889654999465
6,0.13142408034548148,1.2889889654999465
7,0.13142408034548148,1.2889889654999465
8,0.13142408034548148,1.2889889654999465
9,0.13142408034548148,1.2889889654999465
10,0.13142408034548148,1.2889889654999465
