,tau,length
0,0.0697549271906479,1.6111910030168008
1,0.0697549271906479,1.6111910030168008
2,0.0697549271906479,1.6111910030168008
3,0.0697549271906479,1.6111910030168008
4,0.0697549271906479,1.6111910030168008
5,0.0697549271906479,1.6111910030168008
