,tau,length
0,0.15558447006420018,1.4362701438683207
1,0.15558447006420018,1.4362701438683207
2,0.15558447006420018,1.4362701438683207
3,0.15558447006420018,1.4362701438683207
4,0.15558447006420018,1.4362701438683207
5,0.15558447006420018,1.4362701438683207
6,0.15558447006420018,1.4362701438683207
7,0.15558447006420018,1.4362701438683207
8,0.15558447006420018,1.4362701438683207
9,0.15558447006420018,1.4362701438683207
10,0.15558447006420018,1.4362701438683207
