,tau,length
0,0.1463198052074356,1.0776164971383217
1,0.1463198052074356,1.0776164971383217
2,0.1463198052074356,1.0776164971383217
3,0.1463198052074356,1.0776164971383217
4,0.1463198052074356,1.0776164971383217
5,0.1463198052074356,1.0776164971383217
