,tau,length
0,1.6095390496803508,1.3864274934079956
1,1.6095390496803508,1.3864274934079956
2,1.6095390496803508,1.3864274934079956
3,1.6095390496803508,1.3864274934079956
4,1.6095390496803508,1.3864274934079956
5,1.6095390496803508,1.3864274934079956
6,1.6095390496803508,1.3864274934079956
7,1.6095390496803508,1.3864274934079956
8,1.6095390496803508,1.3864274934079956
9,1.6095390496803508,1.3864274934079956
10,1.6095390496803508,1.3864274934079956
