,tau,length
0,0.10261182015411995,1.5408913018766424
1,0.10261182015411995,1.5408913018766424
2,0.10261182015411995,1.5408913018766424
3,0.10261182015411995,1.5408913018766424
4,0.10261182015411995,1.5408913018766424
5,0.10261182015411995,1.5408913018766424
