,tau,length
0,1.311607627833996,0.40650532764361547
1,1.311607627833996,0.40650532764361547
2,1.311607627833996,0.40650532764361547
3,1.311607627833996,0.40650532764361547
4,1.311607627833996,0.40650532764361547
5,1.311607627833996,0.40650532764361547
