,tau,length
0,1.12459542960341,0.010901001219207996
1,1.12459542960341,0.010901001219207996
2,1.12459542960341,0.010901001219207996
3,1.12459542960341,0.010901001219207996
4,1.12459542960341,0.010901001219207996
5,1.12459542960341,0.010901001219207996
6,1.12459542960341,0.010901001219207996
7,1.12459542960341,0.010901001219207996
8,1.12459542960341,0.010901001219207996
9,1.12459542960341,0.010901001219207996
10,1.12459542960341,0.010901001219207996
