,tau,length
0,0.4921345428750008,9.276338502408358
1,0.4921345428750008,9.276338502408358
2,0.4921345428750008,9.276338502408358
3,0.4921345428750008,9.276338502408358
4,0.4921345428750008,9.276338502408358
5,0.4921345428750008,9.276338502408358
