,tau,length
0,0.24661878500155232,1.4584383215480567
1,0.24661878500155232,1.4584383215480567
2,0.24661878500155232,1.4584383215480567
3,0.24661878500155232,1.4584383215480567
4,0.24661878500155232,1.4584383215480567
5,0.24661878500155232,1.4584383215480567
6,0.24661878500155232,1.4584383215480567
7,0.24661878500155232,1.4584383215480567
8,0.24661878500155232,1.4584383215480567
9,0.24661878500155232,1.4584383215480567
10,0.24661878500155232,1.4584383215480567
