,tau,length
0,0.8512473376638181,0.09219775747977897
1,0.8512473376638181,0.09219775747977897
2,0.8512473376638181,0.09219775747977897
3,0.8512473376638181,0.09219775747977897
4,0.8512473376638181,0.09219775747977897
5,0.8512473376638181,0.09219775747977897
6,0.8512473376638181,0.09219775747977897
7,0.8512473376638181,0.09219775747977897
8,0.8512473376638181,0.09219775747977897
9,0.8512473376638181,0.09219775747977897
10,0.8512473376638181,0.09219775747977897
