,tau,length
0,0.140570648520968,0.9647945717617341
1,0.140570648520968,0.9647945717617341
2,0.140570648520968,0.9647945717617341
3,0.140570648520968,0.9647945717617341
4,0.140570648520968,0.9647945717617341
5,0.140570648520968,0.9647945717617341
6,0.140570648520968,0.9647945717617341
7,0.140570648520968,0.9647945717617341
8,0.140570648520968,0.9647945717617341
9,0.140570648520968,0.9647945717617341
10,0.140570648520968,0.9647945717617341
