,tau,length
0,0.17363769913870186,1.6404378650328715
1,0.17363769913870186,1.6404378650328715
2,0.17363769913870186,1.6404378650328715
3,0.17363769913870186,1.6404378650328715
4,0.17363769913870186,1.6404378650328715
5,0.17363769913870186,1.6404378650328715
6,0.17363769913870186,1.6404378650328715
7,0.17363769913870186,1.6404378650328715
8,0.17363769913870186,1.6404378650328715
9,0.17363769913870186,1.6404378650328715
10,0.17363769913870186,1.6404378650328715
