,tau,length
0,0.10114964790998003,1.0636104122088903
1,0.10114964790998003,1.0636104122088903
2,0.10114964790998003,1.0636104122088903
3,0.10114964790998003,1.0636104122088903
4,0.10114964790998003,1.0636104122088903
5,0.10114964790998003,1.0636104122088903
