,tau,length
0,0.21586644101771646,1.4025187951311517
1,0.21586644101771646,1.4025187951311517
2,0.21586644101771646,1.4025187951311517
3,0.21586644101771646,1.4025187951311517
4,0.21586644101771646,1.4025187951311517
5,0.21586644101771646,1.4025187951311517
6,0.21586644101771646,1.4025187951311517
7,0.21586644101771646,1.4025187951311517
8,0.21586644101771646,1.4025187951311517
9,0.21586644101771646,1.4025187951311517
10,0.21586644101771646,1.4025187951311517
