,tau,length
0,0.1629348439970858,1.4658094692441144
1,0.1629348439970858,1.4658094692441144
2,0.1629348439970858,1.4658094692441144
3,0.1629348439970858,1.4658094692441144
4,0.1629348439970858,1.4658094692441144
5,0.1629348439970858,1.4658094692441144
6,0.1629348439970858,1.4658094692441144
7,0.1629348439970858,1.4658094692441144
8,0.1629348439970858,1.4658094692441144
9,0.1629348439970858,1.4658094692441144
10,0.1629348439970858,1.4658094692441144
