,tau,length
0,0.10342639537208441,1.5094469979441754
1,0.10342639537208441,1.5094469979441754
2,0.10342639537208441,1.5094469979441754
3,0.10342639537208441,1.5094469979441754
4,0.10342639537208441,1.5094469979441754
5,0.10342639537208441,1.5094469979441754
