,tau,length
0,0.13782780403560524,1.1501380237355796
1,0.13782780403560524,1.1501380237355796
2,0.13782780403560524,1.1501380237355796
3,0.13782780403560524,1.1501380237355796
4,0.13782780403560524,1.1501380237355796
5,0.13782780403560524,1.1501380237355796
