,tau,length
0,0.19313104017862082,0.8845086780883261
1,0.19313104017862082,0.8845086780883261
2,0.19313104017862082,0.8845086780883261
3,0.19313104017862082,0.8845086780883261
4,0.19313104017862082,0.8845086780883261
5,0.19313104017862082,0.8845086780883261
