,tau,length
0,0.1307698172446321,1.4221345548794955
1,0.1307698172446321,1.4221345548794955
2,0.1307698172446321,1.4221345548794955
3,0.1307698172446321,1.4221345548794955
4,0.1307698172446321,1.4221345548794955
5,0.1307698172446321,1.4221345548794955
6,0.1307698172446321,1.4221345548794955
7,0.1307698172446321,1.4221345548794955
8,0.1307698172446321,1.4221345548794955
9,0.1307698172446321,1.4221345548794955
10,0.1307698172446321,1.4221345548794955
