,tau,length
0,0.19251557413922382,1.0762415339356235
1,0.19251557413922382,1.0762415339356235
2,0.19251557413922382,1.0762415339356235
3,0.19251557413922382,1.0762415339356235
4,0.19251557413922382,1.0762415339356235
5,0.19251557413922382,1.0762415339356235
6,0.19251557413922382,1.0762415339356235
7,0.19251557413922382,1.0762415339356235
8,0.19251557413922382,1.0762415339356235
9,0.19251557413922382,1.0762415339356235
10,0.19251557413922382,1.0762415339356235
