,tau,length
0,0.10175786545475306,1.209458831873627
1,0.10175786545475306,1.209458831873627
2,0.10175786545475306,1.209458831873627
3,0.10175786545475306,1.209458831873627
4,0.10175786545475306,1.209458831873627
5,0.10175786545475306,1.209458831873627
