,tau,length
0,0.13075203178660244,1.4739410488893867
1,0.13075203178660244,1.4739410488893867
2,0.13075203178660244,1.4739410488893867
3,0.13075203178660244,1.4739410488893867
4,0.13075203178660244,1.4739410488893867
5,0.13075203178660244,1.4739410488893867
6,0.13075203178660244,1.4739410488893867
7,0.13075203178660244,1.4739410488893867
8,0.13075203178660244,1.4739410488893867
9,0.13075203178660244,1.4739410488893867
10,0.13075203178660244,1.4739410488893867
