,tau,length
0,0.25985919661877144,1.424260814423766
1,0.25985919661877144,1.424260814423766
2,0.25985919661877144,1.424260814423766
3,0.25985919661877144,1.424260814423766
4,0.25985919661877144,1.424260814423766
5,0.25985919661877144,1.424260814423766
6,0.25985919661877144,1.424260814423766
7,0.25985919661877144,1.424260814423766
8,0.25985919661877144,1.424260814423766
9,0.25985919661877144,1.424260814423766
10,0.25985919661877144,1.424260814423766
