,tau,length
0,0.14894307756209046,1.522070565074508
1,0.14894307756209046,1.522070565074508
2,0.14894307756209046,1.522070565074508
3,0.14894307756209046,1.522070565074508
4,0.14894307756209046,1.522070565074508
5,0.14894307756209046,1.522070565074508
6,0.14894307756209046,1.522070565074508
7,0.14894307756209046,1.522070565074508
8,0.14894307756209046,1.522070565074508
9,0.14894307756209046,1.522070565074508
10,0.14894307756209046,1.522070565074508
