,tau,length
0,0.1779856063838965,0.9720680154901308
1,0.1779856063838965,0.9720680154901308
2,0.1779856063838965,0.9720680154901308
3,0.1779856063838965,0.9720680154901308
4,0.1779856063838965,0.9720680154901308
5,0.1779856063838965,0.9720680154901308
6,0.1779856063838965,0.9720680154901308
7,0.1779856063838965,0.9720680154901308
8,0.1779856063838965,0.9720680154901308
9,0.1779856063838965,0.9720680154901308
10,0.1779856063838965,0.9720680154901308
