,tau,length
0,0.15993634692817904,1.3434400576697947
1,0.15993634692817904,1.3434400576697947
2,0.15993634692817904,1.3434400576697947
3,0.15993634692817904,1.3434400576697947
4,0.15993634692817904,1.3434400576697947
5,0.15993634692817904,1.3434400576697947
6,0.15993634692817904,1.3434400576697947
7,0.15993634692817904,1.3434400576697947
8,0.15993634692817904,1.3434400576697947
9,0.15993634692817904,1.3434400576697947
10,0.15993634692817904,1.3434400576697947
