,tau,length
0,0.2268698076710447,1.8461466553845507
1,0.2268698076710447,1.8461466553845507
2,0.2268698076710447,1.8461466553845507
3,0.2268698076710447,1.8461466553845507
4,0.2268698076710447,1.8461466553845507
5,0.2268698076710447,1.8461466553845507
6,0.2268698076710447,1.8461466553845507
7,0.2268698076710447,1.8461466553845507
8,0.2268698076710447,1.8461466553845507
9,0.2268698076710447,1.8461466553845507
10,0.2268698076710447,1.8461466553845507
