,tau,length
0,0.09950533421878026,1.501187480152895
1,0.09950533421878026,1.501187480152895
2,0.09950533421878026,1.501187480152895
3,0.09950533421878026,1.501187480152895
4,0.09950533421878026,1.501187480152895
5,0.09950533421878026,1.501187480152895
