,tau,length
0,0.1706941686689185,1.2665890781310467
1,0.1706941686689185,1.2665890781310467
2,0.1706941686689185,1.2665890781310467
3,0.1706941686689185,1.2665890781310467
4,0.1706941686689185,1.2665890781310467
5,0.1706941686689185,1.2665890781310467
