,tau,length
0,0.1206799275546495,1.5466346215885847
1,0.1206799275546495,1.5466346215885847
2,0.1206799275546495,1.5466346215885847
3,0.1206799275546495,1.5466346215885847
4,0.1206799275546495,1.5466346215885847
5,0.1206799275546495,1.5466346215885847
6,0.1206799275546495,1.5466346215885847
7,0.1206799275546495,1.5466346215885847
8,0.1206799275546495,1.5466346215885847
9,0.1206799275546495,1.5466346215885847
10,0.1206799275546495,1.5466346215885847
