,tau,length
0,0.4329591796256095,1.8266627907719835
1,0.4329591796256095,1.8266627907719835
2,0.4329591796256095,1.8266627907719835
3,0.4329591796256095,1.8266627907719835
4,0.4329591796256095,1.8266627907719835
5,0.4329591796256095,1.8266627907719835
