,tau,length
0,0.10777425247338056,1.3306589925724988
1,0.10777425247338056,1.3306589925724988
2,0.10777425247338056,1.3306589925724988
3,0.10777425247338056,1.3306589925724988
4,0.10777425247338056,1.3306589925724988
5,0.10777425247338056,1.3306589925724988
