,tau,length
0,0.25455547395408573,1.6533692624615026
1,0.25455547395408573,1.6533692624615026
2,0.25455547395408573,1.6533692624615026
3,0.25455547395408573,1.6533692624615026
4,0.25455547395408573,1.6533692624615026
5,0.25455547395408573,1.6533692624615026
