,tau,length
0,0.10025137462774679,1.6200563691449876
1,0.10025137462774679,1.6200563691449876
2,0.10025137462774679,1.6200563691449876
3,0.10025137462774679,1.6200563691449876
4,0.10025137462774679,1.6200563691449876
5,0.10025137462774679,1.6200563691449876
