,tau,length
0,0.18752993095426285,0.8559169931636924
1,0.18752993095426285,0.8559169931636924
2,0.18752993095426285,0.8559169931636924
3,0.18752993095426285,0.8559169931636924
4,0.18752993095426285,0.8559169931636924
5,0.18752993095426285,0.8559169931636924
6,0.18752993095426285,0.8559169931636924
7,0.18752993095426285,0.8559169931636924
8,0.18752993095426285,0.8559169931636924
9,0.18752993095426285,0.8559169931636924
10,0.18752993095426285,0.8559169931636924
