,tau,length
0,0.17603927654448082,1.1047175553098743
1,0.17603927654448082,1.1047175553098743
2,0.17603927654448082,1.1047175553098743
3,0.17603927654448082,1.1047175553098743
4,0.17603927654448082,1.1047175553098743
5,0.17603927654448082,1.1047175553098743
