,tau,length
0,0.11066071048272073,1.214240208836943
1,0.11066071048272073,1.214240208836943
2,0.11066071048272073,1.214240208836943
3,0.11066071048272073,1.214240208836943
4,0.11066071048272073,1.214240208836943
5,0.11066071048272073,1.214240208836943
