,tau,length
0,0.29924140125556675,4.934522114231001
1,0.29924140125556675,4.934522114231001
2,0.29924140125556675,4.934522114231001
3,0.29924140125556675,4.934522114231001
4,0.29924140125556675,4.934522114231001
5,0.29924140125556675,4.934522114231001
6,0.29924140125556675,4.934522114231001
7,0.29924140125556675,4.934522114231001
8,0.29924140125556675,4.934522114231001
9,0.29924140125556675,4.934522114231001
10,0.29924140125556675,4.934522114231001
