,tau,length
0,0.25767236857046416,0.9763332159881023
1,0.25767236857046416,0.9763332159881023
2,0.25767236857046416,0.9763332159881023
3,0.25767236857046416,0.9763332159881023
4,0.25767236857046416,0.9763332159881023
5,0.25767236857046416,0.9763332159881023
