,tau,length
0,0.13614568702281016,1.5732773109069416
1,0.13614568702281016,1.5732773109069416
2,0.13614568702281016,1.5732773109069416
3,0.13614568702281016,1.5732773109069416
4,0.13614568702281016,1.5732773109069416
5,0.13614568702281016,1.5732773109069416
