,tau,length
0,0.15161777602749626,1.8048050244428337
1,0.15161777602749626,1.8048050244428337
2,0.15161777602749626,1.8048050244428337
3,0.15161777602749626,1.8048050244428337
4,0.15161777602749626,1.8048050244428337
5,0.15161777602749626,1.8048050244428337
