,tau,length
0,0.14542963644872575,1.3873652736938358
1,0.14542963644872575,1.3873652736938358
2,0.14542963644872575,1.3873652736938358
3,0.14542963644872575,1.3873652736938358
4,0.14542963644872575,1.3873652736938358
5,0.14542963644872575,1.3873652736938358
