,tau,length
0,0.14466713006679077,1.535081537270358
1,0.14466713006679077,1.535081537270358
2,0.14466713006679077,1.535081537270358
3,0.14466713006679077,1.535081537270358
4,0.14466713006679077,1.535081537270358
5,0.14466713006679077,1.535081537270358
