,tau,length
0,0.45732019815599,1.7284808699248795
1,0.45732019815599,1.7284808699248795
2,0.45732019815599,1.7284808699248795
3,0.45732019815599,1.7284808699248795
4,0.45732019815599,1.7284808699248795
5,0.45732019815599,1.7284808699248795
