,tau,length
0,0.06303438464002951,1.6545911248898988
1,0.06303438464002951,1.6545911248898988
2,0.06303438464002951,1.6545911248898988
3,0.06303438464002951,1.6545911248898988
4,0.06303438464002951,1.6545911248898988
5,0.06303438464002951,1.6545911248898988
