,tau,length
0,2.5606063943739513e-05,1.9377633356519064
1,2.5606063943739513e-05,1.9377633356519064
2,2.5606063943739513e-05,1.9377633356519064
3,2.5606063943739513e-05,1.9377633356519064
4,2.5606063943739513e-05,1.9377633356519064
5,2.5606063943739513e-05,1.9377633356519064
