,tau,length
0,0.17626417765401203,1.1654807374987879
1,0.17626417765401203,1.1654807374987879
2,0.17626417765401203,1.1654807374987879
3,0.17626417765401203,1.1654807374987879
4,0.17626417765401203,1.1654807374987879
5,0.17626417765401203,1.1654807374987879
6,0.17626417765401203,1.1654807374987879
7,0.17626417765401203,1.1654807374987879
8,0.17626417765401203,1.1654807374987879
9,0.17626417765401203,1.1654807374987879
10,0.17626417765401203,1.1654807374987879
