,tau,length
0,0.14945045008037017,1.108370277480066
1,0.14945045008037017,1.108370277480066
2,0.14945045008037017,1.108370277480066
3,0.14945045008037017,1.108370277480066
4,0.14945045008037017,1.108370277480066
5,0.14945045008037017,1.108370277480066
