,tau,length
0,0.14768747216117661,1.6831842282801346
1,0.14768747216117661,1.6831842282801346
2,0.14768747216117661,1.6831842282801346
3,0.14768747216117661,1.6831842282801346
4,0.14768747216117661,1.6831842282801346
5,0.14768747216117661,1.6831842282801346
