,tau,length
0,0.14573141681658697,0.12169524132067021
1,0.14573141681658697,0.12169524132067021
2,0.14573141681658697,0.12169524132067021
3,0.14573141681658697,0.12169524132067021
4,0.14573141681658697,0.12169524132067021
5,0.14573141681658697,0.12169524132067021
