,tau,length
0,0.28378285288260374,0.9460591605818681
1,0.28378285288260374,0.9460591605818681
2,0.28378285288260374,0.9460591605818681
3,0.28378285288260374,0.9460591605818681
4,0.28378285288260374,0.9460591605818681
5,0.28378285288260374,0.9460591605818681
6,0.28378285288260374,0.9460591605818681
7,0.28378285288260374,0.9460591605818681
8,0.28378285288260374,0.9460591605818681
9,0.28378285288260374,0.9460591605818681
10,0.28378285288260374,0.9460591605818681
