,tau,length
0,9.999999999999611,0.0397895679517075
1,9.999999999999611,0.0397895679517075
2,9.999999999999611,0.0397895679517075
3,9.999999999999611,0.0397895679517075
4,9.999999999999611,0.0397895679517075
5,9.999999999999611,0.0397895679517075
6,9.999999999999611,0.0397895679517075
7,9.999999999999611,0.0397895679517075
8,9.999999999999611,0.0397895679517075
9,9.999999999999611,0.0397895679517075
10,9.999999999999611,0.0397895679517075
