,tau,length
0,0.12663461746685878,1.1788658971022492
1,0.12663461746685878,1.1788658971022492
2,0.12663461746685878,1.1788658971022492
3,0.12663461746685878,1.1788658971022492
4,0.12663461746685878,1.1788658971022492
5,0.12663461746685878,1.1788658971022492
6,0.12663461746685878,1.1788658971022492
7,0.12663461746685878,1.1788658971022492
8,0.12663461746685878,1.1788658971022492
9,0.12663461746685878,1.1788658971022492
10,0.12663461746685878,1.1788658971022492
