,tau,length
0,0.19346041798272828,1.3206342461642389
1,0.19346041798272828,1.3206342461642389
2,0.19346041798272828,1.3206342461642389
3,0.19346041798272828,1.3206342461642389
4,0.19346041798272828,1.3206342461642389
5,0.19346041798272828,1.3206342461642389
6,0.19346041798272828,1.3206342461642389
7,0.19346041798272828,1.3206342461642389
8,0.19346041798272828,1.3206342461642389
9,0.19346041798272828,1.3206342461642389
10,0.19346041798272828,1.3206342461642389
