,tau,length
0,0.21610962604538664,6.2495100144962255
1,0.21610962604538664,6.2495100144962255
2,0.21610962604538664,6.2495100144962255
3,0.21610962604538664,6.2495100144962255
4,0.21610962604538664,6.2495100144962255
5,0.21610962604538664,6.2495100144962255
6,0.21610962604538664,6.2495100144962255
7,0.21610962604538664,6.2495100144962255
8,0.21610962604538664,6.2495100144962255
9,0.21610962604538664,6.2495100144962255
10,0.21610962604538664,6.2495100144962255
