,tau,length
0,2.343467057027416,0.00197884902735378
1,2.343467057027416,0.00197884902735378
2,2.343467057027416,0.00197884902735378
3,2.343467057027416,0.00197884902735378
4,2.343467057027416,0.00197884902735378
5,2.343467057027416,0.00197884902735378
