,tau,length
0,0.169666943952947,1.865631636089185
1,0.169666943952947,1.865631636089185
2,0.169666943952947,1.865631636089185
3,0.169666943952947,1.865631636089185
4,0.169666943952947,1.865631636089185
5,0.169666943952947,1.865631636089185
6,0.169666943952947,1.865631636089185
7,0.169666943952947,1.865631636089185
8,0.169666943952947,1.865631636089185
9,0.169666943952947,1.865631636089185
10,0.169666943952947,1.865631636089185
