,tau,length
0,0.16762999699099956,1.1107835271938438
1,0.16762999699099956,1.1107835271938438
2,0.16762999699099956,1.1107835271938438
3,0.16762999699099956,1.1107835271938438
4,0.16762999699099956,1.1107835271938438
5,0.16762999699099956,1.1107835271938438
6,0.16762999699099956,1.1107835271938438
7,0.16762999699099956,1.1107835271938438
8,0.16762999699099956,1.1107835271938438
9,0.16762999699099956,1.1107835271938438
10,0.16762999699099956,1.1107835271938438
