,tau,length
0,0.37841464816042625,1.6988735676666655
1,0.37841464816042625,1.6988735676666655
2,0.37841464816042625,1.6988735676666655
3,0.37841464816042625,1.6988735676666655
4,0.37841464816042625,1.6988735676666655
5,0.37841464816042625,1.6988735676666655
6,0.37841464816042625,1.6988735676666655
7,0.37841464816042625,1.6988735676666655
8,0.37841464816042625,1.6988735676666655
9,0.37841464816042625,1.6988735676666655
10,0.37841464816042625,1.6988735676666655
