,tau,length
0,0.11674952709620388,1.0386675036276243
1,0.11674952709620388,1.0386675036276243
2,0.11674952709620388,1.0386675036276243
3,0.11674952709620388,1.0386675036276243
4,0.11674952709620388,1.0386675036276243
5,0.11674952709620388,1.0386675036276243
