,tau,length
0,0.3023872455135469,1.196919603781002
1,0.3023872455135469,1.196919603781002
2,0.3023872455135469,1.196919603781002
3,0.3023872455135469,1.196919603781002
4,0.3023872455135469,1.196919603781002
5,0.3023872455135469,1.196919603781002
6,0.3023872455135469,1.196919603781002
7,0.3023872455135469,1.196919603781002
8,0.3023872455135469,1.196919603781002
9,0.3023872455135469,1.196919603781002
10,0.3023872455135469,1.196919603781002
