,tau,length
0,0.30626914806839667,1.5013215944887626
1,0.30626914806839667,1.5013215944887626
2,0.30626914806839667,1.5013215944887626
3,0.30626914806839667,1.5013215944887626
4,0.30626914806839667,1.5013215944887626
5,0.30626914806839667,1.5013215944887626
