,tau,length
0,0.13634998743906013,1.5061664275648734
1,0.13634998743906013,1.5061664275648734
2,0.13634998743906013,1.5061664275648734
3,0.13634998743906013,1.5061664275648734
4,0.13634998743906013,1.5061664275648734
5,0.13634998743906013,1.5061664275648734
6,0.13634998743906013,1.5061664275648734
7,0.13634998743906013,1.5061664275648734
8,0.13634998743906013,1.5061664275648734
9,0.13634998743906013,1.5061664275648734
10,0.13634998743906013,1.5061664275648734
