,tau,length
0,0.0011266441982661247,1.5090645790773582
1,0.0011266441982661247,1.5090645790773582
2,0.0011266441982661247,1.5090645790773582
3,0.0011266441982661247,1.5090645790773582
4,0.0011266441982661247,1.5090645790773582
5,0.0011266441982661247,1.5090645790773582
