,tau,length
0,0.21604088031984392,6.139957483641766
1,0.21604088031984392,6.139957483641766
2,0.21604088031984392,6.139957483641766
3,0.21604088031984392,6.139957483641766
4,0.21604088031984392,6.139957483641766
5,0.21604088031984392,6.139957483641766
6,0.21604088031984392,6.139957483641766
7,0.21604088031984392,6.139957483641766
8,0.21604088031984392,6.139957483641766
9,0.21604088031984392,6.139957483641766
10,0.21604088031984392,6.139957483641766
