,tau,length
0,0.12755998457863915,1.5023150085872743
1,0.12755998457863915,1.5023150085872743
2,0.12755998457863915,1.5023150085872743
3,0.12755998457863915,1.5023150085872743
4,0.12755998457863915,1.5023150085872743
5,0.12755998457863915,1.5023150085872743
