,tau,length
0,0.07958275290156368,1.5029583159439013
1,0.07958275290156368,1.5029583159439013
2,0.07958275290156368,1.5029583159439013
3,0.07958275290156368,1.5029583159439013
4,0.07958275290156368,1.5029583159439013
5,0.07958275290156368,1.5029583159439013
