,tau,length
0,4.1286794603865005,2.989992557702653
1,4.1286794603865005,2.989992557702653
2,4.1286794603865005,2.989992557702653
3,4.1286794603865005,2.989992557702653
4,4.1286794603865005,2.989992557702653
5,4.1286794603865005,2.989992557702653
6,4.1286794603865005,2.989992557702653
7,4.1286794603865005,2.989992557702653
8,4.1286794603865005,2.989992557702653
9,4.1286794603865005,2.989992557702653
10,4.1286794603865005,2.989992557702653
