,tau,length
0,0.5641827339517009,2.399591875593774
1,0.5641827339517009,2.399591875593774
2,0.5641827339517009,2.399591875593774
3,0.5641827339517009,2.399591875593774
4,0.5641827339517009,2.399591875593774
5,0.5641827339517009,2.399591875593774
