,tau,length
0,0.0023697458048272837,1.2534019038739086
1,0.0023697458048272837,1.2534019038739086
2,0.0023697458048272837,1.2534019038739086
3,0.0023697458048272837,1.2534019038739086
4,0.0023697458048272837,1.2534019038739086
5,0.0023697458048272837,1.2534019038739086
