,tau,length
0,0.2928548742967736,1.7452819080401716
1,0.2928548742967736,1.7452819080401716
2,0.2928548742967736,1.7452819080401716
3,0.2928548742967736,1.7452819080401716
4,0.2928548742967736,1.7452819080401716
5,0.2928548742967736,1.7452819080401716
