,tau,length
0,0.2901581466558013,1.8408096774542182
1,0.2901581466558013,1.8408096774542182
2,0.2901581466558013,1.8408096774542182
3,0.2901581466558013,1.8408096774542182
4,0.2901581466558013,1.8408096774542182
5,0.2901581466558013,1.8408096774542182
6,0.2901581466558013,1.8408096774542182
7,0.2901581466558013,1.8408096774542182
8,0.2901581466558013,1.8408096774542182
9,0.2901581466558013,1.8408096774542182
10,0.2901581466558013,1.8408096774542182
