,tau,length
0,2.0023320448785507,0.4559239537606792
1,2.0023320448785507,0.4559239537606792
2,2.0023320448785507,0.4559239537606792
3,2.0023320448785507,0.4559239537606792
4,2.0023320448785507,0.4559239537606792
5,2.0023320448785507,0.4559239537606792
