,tau,length
0,0.12161642059056464,1.3758220822036344
1,0.12161642059056464,1.3758220822036344
2,0.12161642059056464,1.3758220822036344
3,0.12161642059056464,1.3758220822036344
4,0.12161642059056464,1.3758220822036344
5,0.12161642059056464,1.3758220822036344
