,tau,length
0,0.17059517229371945,1.821080517137819
1,0.17059517229371945,1.821080517137819
2,0.17059517229371945,1.821080517137819
3,0.17059517229371945,1.821080517137819
4,0.17059517229371945,1.821080517137819
5,0.17059517229371945,1.821080517137819
6,0.17059517229371945,1.821080517137819
7,0.17059517229371945,1.821080517137819
8,0.17059517229371945,1.821080517137819
9,0.17059517229371945,1.821080517137819
10,0.17059517229371945,1.821080517137819
