,tau,length
0,0.18045901007320742,4.639070268658218
1,0.18045901007320742,4.639070268658218
2,0.18045901007320742,4.639070268658218
3,0.18045901007320742,4.639070268658218
4,0.18045901007320742,4.639070268658218
5,0.18045901007320742,4.639070268658218
