,tau,length
0,0.0008456670305751924,1.9079786557127787
1,0.0008456670305751924,1.9079786557127787
2,0.0008456670305751924,1.9079786557127787
3,0.0008456670305751924,1.9079786557127787
4,0.0008456670305751924,1.9079786557127787
5,0.0008456670305751924,1.9079786557127787
