,tau,length
0,0.09765268135708448,1.5637123121396952
1,0.09765268135708448,1.5637123121396952
2,0.09765268135708448,1.5637123121396952
3,0.09765268135708448,1.5637123121396952
4,0.09765268135708448,1.5637123121396952
5,0.09765268135708448,1.5637123121396952
