,tau,length
0,0.1448881037462797,1.6003869378439406
1,0.1448881037462797,1.6003869378439406
2,0.1448881037462797,1.6003869378439406
3,0.1448881037462797,1.6003869378439406
4,0.1448881037462797,1.6003869378439406
5,0.1448881037462797,1.6003869378439406
