,tau,length
0,0.19448159443864477,1.5755070588301345
1,0.19448159443864477,1.5755070588301345
2,0.19448159443864477,1.5755070588301345
3,0.19448159443864477,1.5755070588301345
4,0.19448159443864477,1.5755070588301345
5,0.19448159443864477,1.5755070588301345
6,0.19448159443864477,1.5755070588301345
7,0.19448159443864477,1.5755070588301345
8,0.19448159443864477,1.5755070588301345
9,0.19448159443864477,1.5755070588301345
10,0.19448159443864477,1.5755070588301345
