,tau,length
0,0.10733863164780376,1.1155195683126728
1,0.10733863164780376,1.1155195683126728
2,0.10733863164780376,1.1155195683126728
3,0.10733863164780376,1.1155195683126728
4,0.10733863164780376,1.1155195683126728
5,0.10733863164780376,1.1155195683126728
