,tau,length
0,0.15690897427571637,1.2668562474720146
1,0.15690897427571637,1.2668562474720146
2,0.15690897427571637,1.2668562474720146
3,0.15690897427571637,1.2668562474720146
4,0.15690897427571637,1.2668562474720146
5,0.15690897427571637,1.2668562474720146
6,0.15690897427571637,1.2668562474720146
7,0.15690897427571637,1.2668562474720146
8,0.15690897427571637,1.2668562474720146
9,0.15690897427571637,1.2668562474720146
10,0.15690897427571637,1.2668562474720146
