,tau,length
0,0.14785110850468308,1.7838146116824383
1,0.14785110850468308,1.7838146116824383
2,0.14785110850468308,1.7838146116824383
3,0.14785110850468308,1.7838146116824383
4,0.14785110850468308,1.7838146116824383
5,0.14785110850468308,1.7838146116824383
