,tau,length
0,0.2047049493494575,1.62775124181735
1,0.2047049493494575,1.62775124181735
2,0.2047049493494575,1.62775124181735
3,0.2047049493494575,1.62775124181735
4,0.2047049493494575,1.62775124181735
5,0.2047049493494575,1.62775124181735
6,0.2047049493494575,1.62775124181735
7,0.2047049493494575,1.62775124181735
8,0.2047049493494575,1.62775124181735
9,0.2047049493494575,1.62775124181735
10,0.2047049493494575,1.62775124181735
