,tau,length
0,0.14537639957974868,1.387685315162213
1,0.14537639957974868,1.387685315162213
2,0.14537639957974868,1.387685315162213
3,0.14537639957974868,1.387685315162213
4,0.14537639957974868,1.387685315162213
5,0.14537639957974868,1.387685315162213
