,tau,length
0,0.10749736774404726,0.9058364848478452
1,0.10749736774404726,0.9058364848478452
2,0.10749736774404726,0.9058364848478452
3,0.10749736774404726,0.9058364848478452
4,0.10749736774404726,0.9058364848478452
5,0.10749736774404726,0.9058364848478452
