,tau,length
0,0.09780587933209416,1.4707730965675891
1,0.09780587933209416,1.4707730965675891
2,0.09780587933209416,1.4707730965675891
3,0.09780587933209416,1.4707730965675891
4,0.09780587933209416,1.4707730965675891
5,0.09780587933209416,1.4707730965675891
