,tau,length
0,0.14492481475196506,1.3859773552366934
1,0.14492481475196506,1.3859773552366934
2,0.14492481475196506,1.3859773552366934
3,0.14492481475196506,1.3859773552366934
4,0.14492481475196506,1.3859773552366934
5,0.14492481475196506,1.3859773552366934
