,tau,length
0,0.14193928989474147,1.2816623220236678
1,0.14193928989474147,1.2816623220236678
2,0.14193928989474147,1.2816623220236678
3,0.14193928989474147,1.2816623220236678
4,0.14193928989474147,1.2816623220236678
5,0.14193928989474147,1.2816623220236678
