,tau,length
0,0.3504008759501982,1.408835567138052
1,0.3504008759501982,1.408835567138052
2,0.3504008759501982,1.408835567138052
3,0.3504008759501982,1.408835567138052
4,0.3504008759501982,1.408835567138052
5,0.3504008759501982,1.408835567138052
