,tau,length
0,0.10301182807224483,1.4712359672811108
1,0.10301182807224483,1.4712359672811108
2,0.10301182807224483,1.4712359672811108
3,0.10301182807224483,1.4712359672811108
4,0.10301182807224483,1.4712359672811108
5,0.10301182807224483,1.4712359672811108
