,tau,length
0,0.17376427011434004,1.8359747008614924
1,0.17376427011434004,1.8359747008614924
2,0.17376427011434004,1.8359747008614924
3,0.17376427011434004,1.8359747008614924
4,0.17376427011434004,1.8359747008614924
5,0.17376427011434004,1.8359747008614924
