,tau,length
0,0.21318617098448744,0.9206221369090907
1,0.21318617098448744,0.9206221369090907
2,0.21318617098448744,0.9206221369090907
3,0.21318617098448744,0.9206221369090907
4,0.21318617098448744,0.9206221369090907
5,0.21318617098448744,0.9206221369090907
6,0.21318617098448744,0.9206221369090907
7,0.21318617098448744,0.9206221369090907
8,0.21318617098448744,0.9206221369090907
9,0.21318617098448744,0.9206221369090907
10,0.21318617098448744,0.9206221369090907
