,tau,length
0,0.10300483686686411,1.4713010630663337
1,0.10300483686686411,1.4713010630663337
2,0.10300483686686411,1.4713010630663337
3,0.10300483686686411,1.4713010630663337
4,0.10300483686686411,1.4713010630663337
5,0.10300483686686411,1.4713010630663337
