,tau,length
0,0.10115057833301809,1.063592370702318
1,0.10115057833301809,1.063592370702318
2,0.10115057833301809,1.063592370702318
3,0.10115057833301809,1.063592370702318
4,0.10115057833301809,1.063592370702318
5,0.10115057833301809,1.063592370702318
