,tau,length
0,0.17473196880828334,1.1976191654094004
1,0.17473196880828334,1.1976191654094004
2,0.17473196880828334,1.1976191654094004
3,0.17473196880828334,1.1976191654094004
4,0.17473196880828334,1.1976191654094004
5,0.17473196880828334,1.1976191654094004
