,tau,length
0,9.999999999133827,2.058131140347127
1,9.999999999133827,2.058131140347127
2,9.999999999133827,2.058131140347127
3,9.999999999133827,2.058131140347127
4,9.999999999133827,2.058131140347127
5,9.999999999133827,2.058131140347127
