,tau,length
0,0.2539846340859976,1.4381599816251183
1,0.2539846340859976,1.4381599816251183
2,0.2539846340859976,1.4381599816251183
3,0.2539846340859976,1.4381599816251183
4,0.2539846340859976,1.4381599816251183
5,0.2539846340859976,1.4381599816251183
6,0.2539846340859976,1.4381599816251183
7,0.2539846340859976,1.4381599816251183
8,0.2539846340859976,1.4381599816251183
9,0.2539846340859976,1.4381599816251183
10,0.2539846340859976,1.4381599816251183
