,tau,length
0,0.1630533767088106,1.8826623756035583
1,0.1630533767088106,1.8826623756035583
2,0.1630533767088106,1.8826623756035583
3,0.1630533767088106,1.8826623756035583
4,0.1630533767088106,1.8826623756035583
5,0.1630533767088106,1.8826623756035583
6,0.1630533767088106,1.8826623756035583
7,0.1630533767088106,1.8826623756035583
8,0.1630533767088106,1.8826623756035583
9,0.1630533767088106,1.8826623756035583
10,0.1630533767088106,1.8826623756035583
