,tau,length
0,9.999999999999838,0.003148426036827068
1,9.999999999999838,0.003148426036827068
2,9.999999999999838,0.003148426036827068
3,9.999999999999838,0.003148426036827068
4,9.999999999999838,0.003148426036827068
5,9.999999999999838,0.003148426036827068
6,9.999999999999838,0.003148426036827068
7,9.999999999999838,0.003148426036827068
8,9.999999999999838,0.003148426036827068
9,9.999999999999838,0.003148426036827068
10,9.999999999999838,0.003148426036827068
