,tau,length
0,0.119032907143365,1.678907912023257
1,0.119032907143365,1.678907912023257
2,0.119032907143365,1.678907912023257
3,0.119032907143365,1.678907912023257
4,0.119032907143365,1.678907912023257
5,0.119032907143365,1.678907912023257
