,tau,length
0,0.17158330411469425,1.0705447355548747
1,0.17158330411469425,1.0705447355548747
2,0.17158330411469425,1.0705447355548747
3,0.17158330411469425,1.0705447355548747
4,0.17158330411469425,1.0705447355548747
5,0.17158330411469425,1.0705447355548747
