,tau,length
0,0.1456174557374169,1.634116238666774
1,0.1456174557374169,1.634116238666774
2,0.1456174557374169,1.634116238666774
3,0.1456174557374169,1.634116238666774
4,0.1456174557374169,1.634116238666774
5,0.1456174557374169,1.634116238666774
