,tau,length
0,0.6123676127411988,1.419518543113194
1,0.6123676127411988,1.419518543113194
2,0.6123676127411988,1.419518543113194
3,0.6123676127411988,1.419518543113194
4,0.6123676127411988,1.419518543113194
5,0.6123676127411988,1.419518543113194
6,0.6123676127411988,1.419518543113194
7,0.6123676127411988,1.419518543113194
8,0.6123676127411988,1.419518543113194
9,0.6123676127411988,1.419518543113194
10,0.6123676127411988,1.419518543113194
