,tau,length
0,0.8153681277117959,1.5591178856660433
1,0.8153681277117959,1.5591178856660433
2,0.8153681277117959,1.5591178856660433
3,0.8153681277117959,1.5591178856660433
4,0.8153681277117959,1.5591178856660433
5,0.8153681277117959,1.5591178856660433
6,0.8153681277117959,1.5591178856660433
7,0.8153681277117959,1.5591178856660433
8,0.8153681277117959,1.5591178856660433
9,0.8153681277117959,1.5591178856660433
10,0.8153681277117959,1.5591178856660433
