,tau,length
0,0.09959438134837305,1.3984419455528134
1,0.09959438134837305,1.3984419455528134
2,0.09959438134837305,1.3984419455528134
3,0.09959438134837305,1.3984419455528134
4,0.09959438134837305,1.3984419455528134
5,0.09959438134837305,1.3984419455528134
