,tau,length
0,0.10442009174826193,1.2294498466296426
1,0.10442009174826193,1.2294498466296426
2,0.10442009174826193,1.2294498466296426
3,0.10442009174826193,1.2294498466296426
4,0.10442009174826193,1.2294498466296426
5,0.10442009174826193,1.2294498466296426
