,tau,length
0,0.7078595237932751,1.365077684432664
1,0.7078595237932751,1.365077684432664
2,0.7078595237932751,1.365077684432664
3,0.7078595237932751,1.365077684432664
4,0.7078595237932751,1.365077684432664
5,0.7078595237932751,1.365077684432664
