,tau,length
0,0.48284571781171914,2.042965853934287
1,0.48284571781171914,2.042965853934287
2,0.48284571781171914,2.042965853934287
3,0.48284571781171914,2.042965853934287
4,0.48284571781171914,2.042965853934287
5,0.48284571781171914,2.042965853934287
