,tau,length
0,0.1738154251548092,1.4364420267632076
1,0.1738154251548092,1.4364420267632076
2,0.1738154251548092,1.4364420267632076
3,0.1738154251548092,1.4364420267632076
4,0.1738154251548092,1.4364420267632076
5,0.1738154251548092,1.4364420267632076
6,0.1738154251548092,1.4364420267632076
7,0.1738154251548092,1.4364420267632076
8,0.1738154251548092,1.4364420267632076
9,0.1738154251548092,1.4364420267632076
10,0.1738154251548092,1.4364420267632076
