,tau,length
0,0.20448667279736998,1.0178396676440538
1,0.20448667279736998,1.0178396676440538
2,0.20448667279736998,1.0178396676440538
3,0.20448667279736998,1.0178396676440538
4,0.20448667279736998,1.0178396676440538
5,0.20448667279736998,1.0178396676440538
6,0.20448667279736998,1.0178396676440538
7,0.20448667279736998,1.0178396676440538
8,0.20448667279736998,1.0178396676440538
9,0.20448667279736998,1.0178396676440538
10,0.20448667279736998,1.0178396676440538
