,tau,length
0,0.23160627150951418,1.203443945909285
1,0.23160627150951418,1.203443945909285
2,0.23160627150951418,1.203443945909285
3,0.23160627150951418,1.203443945909285
4,0.23160627150951418,1.203443945909285
5,0.23160627150951418,1.203443945909285
6,0.23160627150951418,1.203443945909285
7,0.23160627150951418,1.203443945909285
8,0.23160627150951418,1.203443945909285
9,0.23160627150951418,1.203443945909285
10,0.23160627150951418,1.203443945909285
