,tau,length
0,0.14531433730500265,1.4201240926209007
1,0.14531433730500265,1.4201240926209007
2,0.14531433730500265,1.4201240926209007
3,0.14531433730500265,1.4201240926209007
4,0.14531433730500265,1.4201240926209007
5,0.14531433730500265,1.4201240926209007
