,tau,length
0,0.1593482670673242,1.9698462153250285
1,0.1593482670673242,1.9698462153250285
2,0.1593482670673242,1.9698462153250285
3,0.1593482670673242,1.9698462153250285
4,0.1593482670673242,1.9698462153250285
5,0.1593482670673242,1.9698462153250285
