,tau,length
0,0.5865095150089662,0.03674086715097956
1,0.5865095150089662,0.03674086715097956
2,0.5865095150089662,0.03674086715097956
3,0.5865095150089662,0.03674086715097956
4,0.5865095150089662,0.03674086715097956
5,0.5865095150089662,0.03674086715097956
6,0.5865095150089662,0.03674086715097956
7,0.5865095150089662,0.03674086715097956
8,0.5865095150089662,0.03674086715097956
9,0.5865095150089662,0.03674086715097956
10,0.5865095150089662,0.03674086715097956
