,tau,length
0,1.2056049521085437,2.1638724620747762
1,1.2056049521085437,2.1638724620747762
2,1.2056049521085437,2.1638724620747762
3,1.2056049521085437,2.1638724620747762
4,1.2056049521085437,2.1638724620747762
5,1.2056049521085437,2.1638724620747762
