,tau,length
0,0.1443854526533307,1.4973275653227036
1,0.1443854526533307,1.4973275653227036
2,0.1443854526533307,1.4973275653227036
3,0.1443854526533307,1.4973275653227036
4,0.1443854526533307,1.4973275653227036
5,0.1443854526533307,1.4973275653227036
