,tau,length
0,0.12395032477137312,1.105333973549159
1,0.12395032477137312,1.105333973549159
2,0.12395032477137312,1.105333973549159
3,0.12395032477137312,1.105333973549159
4,0.12395032477137312,1.105333973549159
5,0.12395032477137312,1.105333973549159
