,tau,length
0,0.09067914888868887,1.3663690364318504
1,0.09067914888868887,1.3663690364318504
2,0.09067914888868887,1.3663690364318504
3,0.09067914888868887,1.3663690364318504
4,0.09067914888868887,1.3663690364318504
5,0.09067914888868887,1.3663690364318504
