,tau,length
0,0.14214625602252073,1.3755028069102315
1,0.14214625602252073,1.3755028069102315
2,0.14214625602252073,1.3755028069102315
3,0.14214625602252073,1.3755028069102315
4,0.14214625602252073,1.3755028069102315
5,0.14214625602252073,1.3755028069102315
6,0.14214625602252073,1.3755028069102315
7,0.14214625602252073,1.3755028069102315
8,0.14214625602252073,1.3755028069102315
9,0.14214625602252073,1.3755028069102315
10,0.14214625602252073,1.3755028069102315
