,tau,length
0,0.11665122765934909,0.9058380905785169
1,0.11665122765934909,0.9058380905785169
2,0.11665122765934909,0.9058380905785169
3,0.11665122765934909,0.9058380905785169
4,0.11665122765934909,0.9058380905785169
5,0.11665122765934909,0.9058380905785169
