,tau,length
0,0.09739543323840093,1.6211310722426449
1,0.09739543323840093,1.6211310722426449
2,0.09739543323840093,1.6211310722426449
3,0.09739543323840093,1.6211310722426449
4,0.09739543323840093,1.6211310722426449
5,0.09739543323840093,1.6211310722426449
