,tau,length
0,0.1329145332871413,1.8071377154390422
1,0.1329145332871413,1.8071377154390422
2,0.1329145332871413,1.8071377154390422
3,0.1329145332871413,1.8071377154390422
4,0.1329145332871413,1.8071377154390422
5,0.1329145332871413,1.8071377154390422
6,0.1329145332871413,1.8071377154390422
7,0.1329145332871413,1.8071377154390422
8,0.1329145332871413,1.8071377154390422
9,0.1329145332871413,1.8071377154390422
10,0.1329145332871413,1.8071377154390422
