,tau,length
0,0.1458138001232402,1.6398589534684587
1,0.1458138001232402,1.6398589534684587
2,0.1458138001232402,1.6398589534684587
3,0.1458138001232402,1.6398589534684587
4,0.1458138001232402,1.6398589534684587
5,0.1458138001232402,1.6398589534684587
