,tau,length
0,2.4887315390287404e-05,1.4014554178649952
1,2.4887315390287404e-05,1.4014554178649952
2,2.4887315390287404e-05,1.4014554178649952
3,2.4887315390287404e-05,1.4014554178649952
4,2.4887315390287404e-05,1.4014554178649952
5,2.4887315390287404e-05,1.4014554178649952
