,tau,length
0,0.17060118549084802,1.2636759393833437
1,0.17060118549084802,1.2636759393833437
2,0.17060118549084802,1.2636759393833437
3,0.17060118549084802,1.2636759393833437
4,0.17060118549084802,1.2636759393833437
5,0.17060118549084802,1.2636759393833437
