,tau,length
0,0.15702437658381985,1.4341421554822515
1,0.15702437658381985,1.4341421554822515
2,0.15702437658381985,1.4341421554822515
3,0.15702437658381985,1.4341421554822515
4,0.15702437658381985,1.4341421554822515
5,0.15702437658381985,1.4341421554822515
