,tau,length
0,0.37540410568665983,1.0847080434544614
1,0.37540410568665983,1.0847080434544614
2,0.37540410568665983,1.0847080434544614
3,0.37540410568665983,1.0847080434544614
4,0.37540410568665983,1.0847080434544614
5,0.37540410568665983,1.0847080434544614
