,tau,length
0,1.3021746207636138,3.1161351877314223
1,1.3021746207636138,3.1161351877314223
2,1.3021746207636138,3.1161351877314223
3,1.3021746207636138,3.1161351877314223
4,1.3021746207636138,3.1161351877314223
5,1.3021746207636138,3.1161351877314223
6,1.3021746207636138,3.1161351877314223
7,1.3021746207636138,3.1161351877314223
8,1.3021746207636138,3.1161351877314223
9,1.3021746207636138,3.1161351877314223
10,1.3021746207636138,3.1161351877314223
