,tau,length
0,0.10666776658466946,1.4749598832465876
1,0.10666776658466946,1.4749598832465876
2,0.10666776658466946,1.4749598832465876
3,0.10666776658466946,1.4749598832465876
4,0.10666776658466946,1.4749598832465876
5,0.10666776658466946,1.4749598832465876
