,tau,length
0,0.11457355660455702,1.4623260834278025
1,0.11457355660455702,1.4623260834278025
2,0.11457355660455702,1.4623260834278025
3,0.11457355660455702,1.4623260834278025
4,0.11457355660455702,1.4623260834278025
5,0.11457355660455702,1.4623260834278025
