,tau,length
0,0.5475766503350261,1.1854203331151876
1,0.5475766503350261,1.1854203331151876
2,0.5475766503350261,1.1854203331151876
3,0.5475766503350261,1.1854203331151876
4,0.5475766503350261,1.1854203331151876
5,0.5475766503350261,1.1854203331151876
6,0.5475766503350261,1.1854203331151876
7,0.5475766503350261,1.1854203331151876
8,0.5475766503350261,1.1854203331151876
9,0.5475766503350261,1.1854203331151876
10,0.5475766503350261,1.1854203331151876
