,tau,length
0,5.310521204570103e-05,1.649303917792061
1,5.310521204570103e-05,1.649303917792061
2,5.310521204570103e-05,1.649303917792061
3,5.310521204570103e-05,1.649303917792061
4,5.310521204570103e-05,1.649303917792061
5,5.310521204570103e-05,1.649303917792061
