,tau,length
0,0.1915318130482342,1.050254864395979
1,0.1915318130482342,1.050254864395979
2,0.1915318130482342,1.050254864395979
3,0.1915318130482342,1.050254864395979
4,0.1915318130482342,1.050254864395979
5,0.1915318130482342,1.050254864395979
6,0.1915318130482342,1.050254864395979
7,0.1915318130482342,1.050254864395979
8,0.1915318130482342,1.050254864395979
9,0.1915318130482342,1.050254864395979
10,0.1915318130482342,1.050254864395979
