,beta,tau,length
0,9.948044629126354,0.07767740531299759,0.005267476729750686
1,9.948044629126354,0.07767740531299759,0.005267476729750686
2,9.948044629126354,0.07767740531299759,0.005267476729750686
3,9.948044629126354,0.07767740531299759,0.005267476729750686
4,9.948044629126354,0.07767740531299759,0.005267476729750686
5,9.948044629126354,0.07767740531299759,0.005267476729750686
