,beta,tau,length
0,9.929487098828977,5.253757857193255e-06,0.19518834758920756
1,9.929487098828977,5.253757857193255e-06,0.19518834758920756
2,9.929487098828977,5.253757857193255e-06,0.19518834758920756
3,9.929487098828977,5.253757857193255e-06,0.19518834758920756
4,9.929487098828977,5.253757857193255e-06,0.19518834758920756
5,9.929487098828977,5.253757857193255e-06,0.19518834758920756
