,beta,tau,length
0,7.390610232593023,0.0762138325862639,0.01021163167925675
1,7.390610232593023,0.0762138325862639,0.01021163167925675
2,7.390610232593023,0.0762138325862639,0.01021163167925675
3,7.390610232593023,0.0762138325862639,0.01021163167925675
4,7.390610232593023,0.0762138325862639,0.01021163167925675
5,7.390610232593023,0.0762138325862639,0.01021163167925675
