,beta,tau,length
0,2.3624060276992953,0.04185447029013255,0.020723374170696463
1,2.3624060276992953,0.04185447029013255,0.020723374170696463
2,2.3624060276992953,0.04185447029013255,0.020723374170696463
3,2.3624060276992953,0.04185447029013255,0.020723374170696463
4,2.3624060276992953,0.04185447029013255,0.020723374170696463
5,2.3624060276992953,0.04185447029013255,0.020723374170696463
