,beta,tau,length
0,1.5643122344752192e-14,0.006610932683541837,1.9448183318516161
1,1.5643122344752192e-14,0.006610932683541837,1.9448183318516161
2,1.5643122344752192e-14,0.006610932683541837,1.9448183318516161
3,1.5643122344752192e-14,0.006610932683541837,1.9448183318516161
4,1.5643122344752192e-14,0.006610932683541837,1.9448183318516161
5,1.5643122344752192e-14,0.006610932683541837,1.9448183318516161
