,beta,tau,length
0,1.0469798251388968e-09,1.4781657973212687,1.5595966031040027
1,1.0469798251388968e-09,1.4781657973212687,1.5595966031040027
2,1.0469798251388968e-09,1.4781657973212687,1.5595966031040027
3,1.0469798251388968e-09,1.4781657973212687,1.5595966031040027
4,1.0469798251388968e-09,1.4781657973212687,1.5595966031040027
5,1.0469798251388968e-09,1.4781657973212687,1.5595966031040027
