,beta,tau,length
0,1.0647118733938986e-14,0.08514288552443859,1.725251717699659
1,1.0647118733938986e-14,0.08514288552443859,1.725251717699659
2,1.0647118733938986e-14,0.08514288552443859,1.725251717699659
3,1.0647118733938986e-14,0.08514288552443859,1.725251717699659
4,1.0647118733938986e-14,0.08514288552443859,1.725251717699659
5,1.0647118733938986e-14,0.08514288552443859,1.725251717699659
