,beta,tau,length
0,9.229516048313852e-11,9.999999999111429,0.9215598111964985
1,9.229516048313852e-11,9.999999999111429,0.9215598111964985
2,9.229516048313852e-11,9.999999999111429,0.9215598111964985
3,9.229516048313852e-11,9.999999999111429,0.9215598111964985
4,9.229516048313852e-11,9.999999999111429,0.9215598111964985
5,9.229516048313852e-11,9.999999999111429,0.9215598111964985
