,beta,tau,length
0,0.6541413519250989,1.8499134460956401,0.11836554365177564
1,0.6541413519250989,1.8499134460956401,0.11836554365177564
2,0.6541413519250989,1.8499134460956401,0.11836554365177564
3,0.6541413519250989,1.8499134460956401,0.11836554365177564
4,0.6541413519250989,1.8499134460956401,0.11836554365177564
5,0.6541413519250989,1.8499134460956401,0.11836554365177564
