,beta,tau,length
0,9.803399192776643,5.869102891564806e-06,0.1948303822505727
1,9.803399192776643,5.869102891564806e-06,0.1948303822505727
2,9.803399192776643,5.869102891564806e-06,0.1948303822505727
3,9.803399192776643,5.869102891564806e-06,0.1948303822505727
4,9.803399192776643,5.869102891564806e-06,0.1948303822505727
5,9.803399192776643,5.869102891564806e-06,0.1948303822505727
