,beta,tau,length
0,1.4048385926496954,8.655231415911313e-07,0.1923036931538109
1,1.4048385926496954,8.655231415911313e-07,0.1923036931538109
2,1.4048385926496954,8.655231415911313e-07,0.1923036931538109
3,1.4048385926496954,8.655231415911313e-07,0.1923036931538109
4,1.4048385926496954,8.655231415911313e-07,0.1923036931538109
5,1.4048385926496954,8.655231415911313e-07,0.1923036931538109
