,beta,tau,length
0,1.7445554366465876,4.9973420395799184e-05,0.2140809302150305
1,1.7445554366465876,4.9973420395799184e-05,0.2140809302150305
2,1.7445554366465876,4.9973420395799184e-05,0.2140809302150305
3,1.7445554366465876,4.9973420395799184e-05,0.2140809302150305
4,1.7445554366465876,4.9973420395799184e-05,0.2140809302150305
5,1.7445554366465876,4.9973420395799184e-05,0.2140809302150305
