,beta,tau,length
0,3.985780586188048e-15,0.004925452807810304,1.8696222123062267
1,3.985780586188048e-15,0.004925452807810304,1.8696222123062267
2,3.985780586188048e-15,0.004925452807810304,1.8696222123062267
3,3.985780586188048e-15,0.004925452807810304,1.8696222123062267
4,3.985780586188048e-15,0.004925452807810304,1.8696222123062267
5,3.985780586188048e-15,0.004925452807810304,1.8696222123062267
