,beta,tau,length
0,2.590774222701028,1.6954509214450822e-05,0.20138222290277852
1,2.590774222701028,1.6954509214450822e-05,0.20138222290277852
2,2.590774222701028,1.6954509214450822e-05,0.20138222290277852
3,2.590774222701028,1.6954509214450822e-05,0.20138222290277852
4,2.590774222701028,1.6954509214450822e-05,0.20138222290277852
5,2.590774222701028,1.6954509214450822e-05,0.20138222290277852
