,beta,tau,length
0,9.241037748564706,0.015914343558758415,0.015706075178136925
1,9.241037748564706,0.015914343558758415,0.015706075178136925
2,9.241037748564706,0.015914343558758415,0.015706075178136925
3,9.241037748564706,0.015914343558758415,0.015706075178136925
4,9.241037748564706,0.015914343558758415,0.015706075178136925
5,9.241037748564706,0.015914343558758415,0.015706075178136925
