,beta,tau,length
0,0.6411122430014677,0.7230057152828535,0.11963156461179524
1,0.6411122430014677,0.7230057152828535,0.11963156461179524
2,0.6411122430014677,0.7230057152828535,0.11963156461179524
3,0.6411122430014677,0.7230057152828535,0.11963156461179524
4,0.6411122430014677,0.7230057152828535,0.11963156461179524
5,0.6411122430014677,0.7230057152828535,0.11963156461179524
