,beta,tau,length
0,5.539142813856893,0.1261087434785575,0.0013628275617278863
1,5.539142813856893,0.1261087434785575,0.0013628275617278863
2,5.539142813856893,0.1261087434785575,0.0013628275617278863
3,5.539142813856893,0.1261087434785575,0.0013628275617278863
4,5.539142813856893,0.1261087434785575,0.0013628275617278863
5,5.539142813856893,0.1261087434785575,0.0013628275617278863
