,beta,tau,length
0,1.5038369446606365e-10,7.5605352675412085,2.7131720267092216
1,1.5038369446606365e-10,7.5605352675412085,2.7131720267092216
2,1.5038369446606365e-10,7.5605352675412085,2.7131720267092216
3,1.5038369446606365e-10,7.5605352675412085,2.7131720267092216
4,1.5038369446606365e-10,7.5605352675412085,2.7131720267092216
5,1.5038369446606365e-10,7.5605352675412085,2.7131720267092216
