,beta,tau,length
0,4.663654979202388,0.1110463936796464,0.0018734545831029404
1,4.663654979202388,0.1110463936796464,0.0018734545831029404
2,4.663654979202388,0.1110463936796464,0.0018734545831029404
3,4.663654979202388,0.1110463936796464,0.0018734545831029404
4,4.663654979202388,0.1110463936796464,0.0018734545831029404
5,4.663654979202388,0.1110463936796464,0.0018734545831029404
