,beta,tau,length
0,2.557635378944898,4.951428219556194e-05,0.20671627124531422
1,2.557635378944898,4.951428219556194e-05,0.20671627124531422
2,2.557635378944898,4.951428219556194e-05,0.20671627124531422
3,2.557635378944898,4.951428219556194e-05,0.20671627124531422
4,2.557635378944898,4.951428219556194e-05,0.20671627124531422
5,2.557635378944898,4.951428219556194e-05,0.20671627124531422
