,beta,tau,length
0,5.113970443103014,0.015163653693340929,0.01683176603470681
1,5.113970443103014,0.015163653693340929,0.01683176603470681
2,5.113970443103014,0.015163653693340929,0.01683176603470681
3,5.113970443103014,0.015163653693340929,0.01683176603470681
4,5.113970443103014,0.015163653693340929,0.01683176603470681
5,5.113970443103014,0.015163653693340929,0.01683176603470681
