,beta,tau,length
0,3.747408458218491,6.817979594223087e-12,0.16680137609955692
1,3.747408458218491,6.817979594223087e-12,0.16680137609955692
2,3.747408458218491,6.817979594223087e-12,0.16680137609955692
3,3.747408458218491,6.817979594223087e-12,0.16680137609955692
4,3.747408458218491,6.817979594223087e-12,0.16680137609955692
5,3.747408458218491,6.817979594223087e-12,0.16680137609955692
