,beta,tau,length
0,3.1885718451115275,2.768809815932868e-05,0.20485671038329056
1,3.1885718451115275,2.768809815932868e-05,0.20485671038329056
2,3.1885718451115275,2.768809815932868e-05,0.20485671038329056
3,3.1885718451115275,2.768809815932868e-05,0.20485671038329056
4,3.1885718451115275,2.768809815932868e-05,0.20485671038329056
5,3.1885718451115275,2.768809815932868e-05,0.20485671038329056
