,beta,tau,length
0,1.581550275960915,4.924839114212569e-13,0.17223731636161377
1,1.581550275960915,4.924839114212569e-13,0.17223731636161377
2,1.581550275960915,4.924839114212569e-13,0.17223731636161377
3,1.581550275960915,4.924839114212569e-13,0.17223731636161377
4,1.581550275960915,4.924839114212569e-13,0.17223731636161377
5,1.581550275960915,4.924839114212569e-13,0.17223731636161377
