,beta,tau,length
0,1e-16,9.268582133754911,0.1181769802213518
1,1e-16,9.268582133754911,0.1181769802213518
2,1e-16,9.268582133754911,0.1181769802213518
3,1e-16,9.268582133754911,0.1181769802213518
4,1e-16,9.268582133754911,0.1181769802213518
5,1e-16,9.268582133754911,0.1181769802213518
