,beta,tau,length
0,0.40892532185603137,1.518217199193224,0.5123747074788
1,0.40892532185603137,1.518217199193224,0.5123747074788
2,0.40892532185603137,1.518217199193224,0.5123747074788
3,0.40892532185603137,1.518217199193224,0.5123747074788
4,0.40892532185603137,1.518217199193224,0.5123747074788
5,0.40892532185603137,1.518217199193224,0.5123747074788
