,beta,tau,length
0,2.971104404163094,3.2312570286929716e-09,0.16985488166777318
1,2.971104404163094,3.2312570286929716e-09,0.16985488166777318
2,2.971104404163094,3.2312570286929716e-09,0.16985488166777318
3,2.971104404163094,3.2312570286929716e-09,0.16985488166777318
4,2.971104404163094,3.2312570286929716e-09,0.16985488166777318
5,2.971104404163094,3.2312570286929716e-09,0.16985488166777318
