,beta,tau,length
0,3.1982849781889197e-11,4.180894908292957,0.6887847647019936
1,3.1982849781889197e-11,4.180894908292957,0.6887847647019936
2,3.1982849781889197e-11,4.180894908292957,0.6887847647019936
3,3.1982849781889197e-11,4.180894908292957,0.6887847647019936
4,3.1982849781889197e-11,4.180894908292957,0.6887847647019936
5,3.1982849781889197e-11,4.180894908292957,0.6887847647019936
