,beta,tau,length
0,1.250825910491085,4.42308240179324e-05,0.20738879037009728
1,1.250825910491085,4.42308240179324e-05,0.20738879037009728
2,1.250825910491085,4.42308240179324e-05,0.20738879037009728
3,1.250825910491085,4.42308240179324e-05,0.20738879037009728
4,1.250825910491085,4.42308240179324e-05,0.20738879037009728
5,1.250825910491085,4.42308240179324e-05,0.20738879037009728
