,beta,tau,length
0,8.883416915161115,0.14969035745248005,0.037207728990366715
1,8.883416915161115,0.14969035745248005,0.037207728990366715
2,8.883416915161115,0.14969035745248005,0.037207728990366715
3,8.883416915161115,0.14969035745248005,0.037207728990366715
4,8.883416915161115,0.14969035745248005,0.037207728990366715
5,8.883416915161115,0.14969035745248005,0.037207728990366715
