,beta,tau,length
0,3.2041379557589403e-10,5.459799086481965,1.183399650450312
1,3.2041379557589403e-10,5.459799086481965,1.183399650450312
2,3.2041379557589403e-10,5.459799086481965,1.183399650450312
3,3.2041379557589403e-10,5.459799086481965,1.183399650450312
4,3.2041379557589403e-10,5.459799086481965,1.183399650450312
5,3.2041379557589403e-10,5.459799086481965,1.183399650450312
