,beta,tau,length
0,1e-16,0.0035911558133628787,1.5322211988148227
1,1e-16,0.0035911558133628787,1.5322211988148227
2,1e-16,0.0035911558133628787,1.5322211988148227
3,1e-16,0.0035911558133628787,1.5322211988148227
4,1e-16,0.0035911558133628787,1.5322211988148227
5,1e-16,0.0035911558133628787,1.5322211988148227
