,beta,tau,length
0,1.1301538483632274e-09,7.379873064893979,1.1565899412585567
1,1.1301538483632274e-09,7.379873064893979,1.1565899412585567
2,1.1301538483632274e-09,7.379873064893979,1.1565899412585567
3,1.1301538483632274e-09,7.379873064893979,1.1565899412585567
4,1.1301538483632274e-09,7.379873064893979,1.1565899412585567
5,1.1301538483632274e-09,7.379873064893979,1.1565899412585567
