,beta,tau,length
0,1e-16,9.999999999999998,0.12374586208589898
1,1e-16,9.999999999999998,0.12374586208589898
2,1e-16,9.999999999999998,0.12374586208589898
3,1e-16,9.999999999999998,0.12374586208589898
4,1e-16,9.999999999999998,0.12374586208589898
5,1e-16,9.999999999999998,0.12374586208589898
