,beta,tau,length
0,7.03032176998511e-10,7.972234225063852,0.8755487079600228
1,7.03032176998511e-10,7.972234225063852,0.8755487079600228
2,7.03032176998511e-10,7.972234225063852,0.8755487079600228
3,7.03032176998511e-10,7.972234225063852,0.8755487079600228
4,7.03032176998511e-10,7.972234225063852,0.8755487079600228
5,7.03032176998511e-10,7.972234225063852,0.8755487079600228
