,beta,tau,length
0,2.093606658143237,3.972726211987156e-06,0.19587523357527292
1,2.093606658143237,3.972726211987156e-06,0.19587523357527292
2,2.093606658143237,3.972726211987156e-06,0.19587523357527292
3,2.093606658143237,3.972726211987156e-06,0.19587523357527292
4,2.093606658143237,3.972726211987156e-06,0.19587523357527292
5,2.093606658143237,3.972726211987156e-06,0.19587523357527292
