,beta,tau,length
0,1.1853242503783195,5.5037185999742885e-11,0.1755805674412887
1,1.1853242503783195,5.5037185999742885e-11,0.1755805674412887
2,1.1853242503783195,5.5037185999742885e-11,0.1755805674412887
3,1.1853242503783195,5.5037185999742885e-11,0.1755805674412887
4,1.1853242503783195,5.5037185999742885e-11,0.1755805674412887
5,1.1853242503783195,5.5037185999742885e-11,0.1755805674412887
