,beta,tau,length
0,0.7999154671237253,0.5362750691660718,0.993382938008538
1,0.7999154671237253,0.5362750691660718,0.993382938008538
2,0.7999154671237253,0.5362750691660718,0.993382938008538
3,0.7999154671237253,0.5362750691660718,0.993382938008538
4,0.7999154671237253,0.5362750691660718,0.993382938008538
5,0.7999154671237253,0.5362750691660718,0.993382938008538
