,beta,tau,length
0,2.7354739592588e-10,9.343606903460245,7.364821960473443
1,2.7354739592588e-10,9.343606903460245,7.364821960473443
2,2.7354739592588e-10,9.343606903460245,7.364821960473443
3,2.7354739592588e-10,9.343606903460245,7.364821960473443
4,2.7354739592588e-10,9.343606903460245,7.364821960473443
5,2.7354739592588e-10,9.343606903460245,7.364821960473443
