,beta,tau,length
0,9.90109634263929,0.00017627431038512727,0.12153656809484446
1,9.90109634263929,0.00017627431038512727,0.12153656809484446
2,9.90109634263929,0.00017627431038512727,0.12153656809484446
3,9.90109634263929,0.00017627431038512727,0.12153656809484446
4,9.90109634263929,0.00017627431038512727,0.12153656809484446
5,9.90109634263929,0.00017627431038512727,0.12153656809484446
