,beta,tau,length
0,1.1347666981434297,6.389863460121239e-06,0.201685514459375
1,1.1347666981434297,6.389863460121239e-06,0.201685514459375
2,1.1347666981434297,6.389863460121239e-06,0.201685514459375
3,1.1347666981434297,6.389863460121239e-06,0.201685514459375
4,1.1347666981434297,6.389863460121239e-06,0.201685514459375
5,1.1347666981434297,6.389863460121239e-06,0.201685514459375
