,beta,tau,length
0,2.2721554115054747,7.140907218972172e-06,0.19080704541587845
1,2.2721554115054747,7.140907218972172e-06,0.19080704541587845
2,2.2721554115054747,7.140907218972172e-06,0.19080704541587845
3,2.2721554115054747,7.140907218972172e-06,0.19080704541587845
4,2.2721554115054747,7.140907218972172e-06,0.19080704541587845
5,2.2721554115054747,7.140907218972172e-06,0.19080704541587845
