,beta,tau,length
0,4.1602377178753865e-11,2.9002775291407406,0.5867357655231082
1,4.1602377178753865e-11,2.9002775291407406,0.5867357655231082
2,4.1602377178753865e-11,2.9002775291407406,0.5867357655231082
3,4.1602377178753865e-11,2.9002775291407406,0.5867357655231082
4,4.1602377178753865e-11,2.9002775291407406,0.5867357655231082
5,4.1602377178753865e-11,2.9002775291407406,0.5867357655231082
