,beta,tau,length
0,0.5499292194507367,5.750118017427811,0.12160321251700366
1,0.5499292194507367,5.750118017427811,0.12160321251700366
2,0.5499292194507367,5.750118017427811,0.12160321251700366
3,0.5499292194507367,5.750118017427811,0.12160321251700366
4,0.5499292194507367,5.750118017427811,0.12160321251700366
5,0.5499292194507367,5.750118017427811,0.12160321251700366
