,beta,tau,length
0,4.540892098500626e-15,0.0032672165961601276,1.8058807186510113
1,4.540892098500626e-15,0.0032672165961601276,1.8058807186510113
2,4.540892098500626e-15,0.0032672165961601276,1.8058807186510113
3,4.540892098500626e-15,0.0032672165961601276,1.8058807186510113
4,4.540892098500626e-15,0.0032672165961601276,1.8058807186510113
5,4.540892098500626e-15,0.0032672165961601276,1.8058807186510113
