,beta,tau,length
0,1.3847683135593853,1.9442107514022836e-05,0.2068736255617999
1,1.3847683135593853,1.9442107514022836e-05,0.2068736255617999
2,1.3847683135593853,1.9442107514022836e-05,0.2068736255617999
3,1.3847683135593853,1.9442107514022836e-05,0.2068736255617999
4,1.3847683135593853,1.9442107514022836e-05,0.2068736255617999
5,1.3847683135593853,1.9442107514022836e-05,0.2068736255617999
