,beta,tau,length
0,2.3032641357722267e-10,4.820852904954047,1.0592548327330435
1,2.3032641357722267e-10,4.820852904954047,1.0592548327330435
2,2.3032641357722267e-10,4.820852904954047,1.0592548327330435
3,2.3032641357722267e-10,4.820852904954047,1.0592548327330435
4,2.3032641357722267e-10,4.820852904954047,1.0592548327330435
5,2.3032641357722267e-10,4.820852904954047,1.0592548327330435
