,beta,tau,length
0,1.6568064587740767e-09,0.20990112942538008,1.8583138630880691
1,1.6568064587740767e-09,0.20990112942538008,1.8583138630880691
2,1.6568064587740767e-09,0.20990112942538008,1.8583138630880691
3,1.6568064587740767e-09,0.20990112942538008,1.8583138630880691
4,1.6568064587740767e-09,0.20990112942538008,1.8583138630880691
5,1.6568064587740767e-09,0.20990112942538008,1.8583138630880691
