,beta,tau,length
0,4.7912884850723255e-11,8.013237581493751,0.7968813028479522
1,4.7912884850723255e-11,8.013237581493751,0.7968813028479522
2,4.7912884850723255e-11,8.013237581493751,0.7968813028479522
3,4.7912884850723255e-11,8.013237581493751,0.7968813028479522
4,4.7912884850723255e-11,8.013237581493751,0.7968813028479522
5,4.7912884850723255e-11,8.013237581493751,0.7968813028479522
