,beta,tau,length
0,2.572230214602794e-11,5.421052526649053,1.679964093170342
1,2.572230214602794e-11,5.421052526649053,1.679964093170342
2,2.572230214602794e-11,5.421052526649053,1.679964093170342
3,2.572230214602794e-11,5.421052526649053,1.679964093170342
4,2.572230214602794e-11,5.421052526649053,1.679964093170342
5,2.572230214602794e-11,5.421052526649053,1.679964093170342
