,beta,tau,length
0,1e-16,0.05006979573514879,1.3510075803377446
1,1e-16,0.05006979573514879,1.3510075803377446
2,1e-16,0.05006979573514879,1.3510075803377446
3,1e-16,0.05006979573514879,1.3510075803377446
4,1e-16,0.05006979573514879,1.3510075803377446
5,1e-16,0.05006979573514879,1.3510075803377446
