,beta,tau,length
0,1.1484873082498699,2.537422239990672e-07,0.19270885492569012
1,1.1484873082498699,2.537422239990672e-07,0.19270885492569012
2,1.1484873082498699,2.537422239990672e-07,0.19270885492569012
3,1.1484873082498699,2.537422239990672e-07,0.19270885492569012
4,1.1484873082498699,2.537422239990672e-07,0.19270885492569012
5,1.1484873082498699,2.537422239990672e-07,0.19270885492569012
