,beta,tau,length
0,1.7269609151533782,3.350643196311501e-09,0.17270009157037813
1,1.7269609151533782,3.350643196311501e-09,0.17270009157037813
2,1.7269609151533782,3.350643196311501e-09,0.17270009157037813
3,1.7269609151533782,3.350643196311501e-09,0.17270009157037813
4,1.7269609151533782,3.350643196311501e-09,0.17270009157037813
5,1.7269609151533782,3.350643196311501e-09,0.17270009157037813
