,beta,tau,length
0,3.782629827473281,5.529831137520694e-09,0.17013495380289467
1,3.782629827473281,5.529831137520694e-09,0.17013495380289467
2,3.782629827473281,5.529831137520694e-09,0.17013495380289467
3,3.782629827473281,5.529831137520694e-09,0.17013495380289467
4,3.782629827473281,5.529831137520694e-09,0.17013495380289467
5,3.782629827473281,5.529831137520694e-09,0.17013495380289467
