,beta,tau,length
0,1.0276682738956777,5.377711683840571e-06,0.20252395004645884
1,1.0276682738956777,5.377711683840571e-06,0.20252395004645884
2,1.0276682738956777,5.377711683840571e-06,0.20252395004645884
3,1.0276682738956777,5.377711683840571e-06,0.20252395004645884
4,1.0276682738956777,5.377711683840571e-06,0.20252395004645884
5,1.0276682738956777,5.377711683840571e-06,0.20252395004645884
