,beta,tau,length
0,1.9900165720789276,1.628516865883603e-09,0.17034471288226394
1,1.9900165720789276,1.628516865883603e-09,0.17034471288226394
2,1.9900165720789276,1.628516865883603e-09,0.17034471288226394
3,1.9900165720789276,1.628516865883603e-09,0.17034471288226394
4,1.9900165720789276,1.628516865883603e-09,0.17034471288226394
5,1.9900165720789276,1.628516865883603e-09,0.17034471288226394
