,beta,tau,length
0,1e-16,7.830505026139653,0.12064086478504386
1,1e-16,7.830505026139653,0.12064086478504386
2,1e-16,7.830505026139653,0.12064086478504386
3,1e-16,7.830505026139653,0.12064086478504386
4,1e-16,7.830505026139653,0.12064086478504386
5,1e-16,7.830505026139653,0.12064086478504386
