,beta,tau,length
0,3.5865889066314995,1.9212098514953616e-05,0.20849991003604862
1,3.5865889066314995,1.9212098514953616e-05,0.20849991003604862
2,3.5865889066314995,1.9212098514953616e-05,0.20849991003604862
3,3.5865889066314995,1.9212098514953616e-05,0.20849991003604862
4,3.5865889066314995,1.9212098514953616e-05,0.20849991003604862
5,3.5865889066314995,1.9212098514953616e-05,0.20849991003604862
