,beta,tau,length
0,0.8862172349988346,0.5163089636906366,0.12111736624958745
1,0.8862172349988346,0.5163089636906366,0.12111736624958745
2,0.8862172349988346,0.5163089636906366,0.12111736624958745
3,0.8862172349988346,0.5163089636906366,0.12111736624958745
4,0.8862172349988346,0.5163089636906366,0.12111736624958745
5,0.8862172349988346,0.5163089636906366,0.12111736624958745
