,beta,tau,length
0,2.874446126366254e-10,7.476275807802535,1.878368928208396
1,2.874446126366254e-10,7.476275807802535,1.878368928208396
2,2.874446126366254e-10,7.476275807802535,1.878368928208396
3,2.874446126366254e-10,7.476275807802535,1.878368928208396
4,2.874446126366254e-10,7.476275807802535,1.878368928208396
5,2.874446126366254e-10,7.476275807802535,1.878368928208396
