,beta,tau,length
0,1.3098349632350477,4.419612613759751e-06,0.18692779591560416
1,1.3098349632350477,4.419612613759751e-06,0.18692779591560416
2,1.3098349632350477,4.419612613759751e-06,0.18692779591560416
3,1.3098349632350477,4.419612613759751e-06,0.18692779591560416
4,1.3098349632350477,4.419612613759751e-06,0.18692779591560416
5,1.3098349632350477,4.419612613759751e-06,0.18692779591560416
