,beta,tau,length
0,4.373220469403849,4.1008874086424195e-06,0.19697897952875199
1,4.373220469403849,4.1008874086424195e-06,0.19697897952875199
2,4.373220469403849,4.1008874086424195e-06,0.19697897952875199
3,4.373220469403849,4.1008874086424195e-06,0.19697897952875199
4,4.373220469403849,4.1008874086424195e-06,0.19697897952875199
5,4.373220469403849,4.1008874086424195e-06,0.19697897952875199
