,beta,tau,length
0,7.902040282413733,0.06523824090484696,0.08735865901528427
1,7.902040282413733,0.06523824090484696,0.08735865901528427
2,7.902040282413733,0.06523824090484696,0.08735865901528427
3,7.902040282413733,0.06523824090484696,0.08735865901528427
4,7.902040282413733,0.06523824090484696,0.08735865901528427
5,7.902040282413733,0.06523824090484696,0.08735865901528427
