,beta,tau,length
0,2.4473522498821714,1.3029621499061142e-05,0.20493453828243924
1,2.4473522498821714,1.3029621499061142e-05,0.20493453828243924
2,2.4473522498821714,1.3029621499061142e-05,0.20493453828243924
3,2.4473522498821714,1.3029621499061142e-05,0.20493453828243924
4,2.4473522498821714,1.3029621499061142e-05,0.20493453828243924
5,2.4473522498821714,1.3029621499061142e-05,0.20493453828243924
