,beta,tau,length
0,6.13882168121111e-11,5.201401457503029,0.7591445793333558
1,6.13882168121111e-11,5.201401457503029,0.7591445793333558
2,6.13882168121111e-11,5.201401457503029,0.7591445793333558
3,6.13882168121111e-11,5.201401457503029,0.7591445793333558
4,6.13882168121111e-11,5.201401457503029,0.7591445793333558
5,6.13882168121111e-11,5.201401457503029,0.7591445793333558
