,beta,tau,length
0,1.4654004207396216,1.2591659944937445e-10,0.1724814842316953
1,1.4654004207396216,1.2591659944937445e-10,0.1724814842316953
2,1.4654004207396216,1.2591659944937445e-10,0.1724814842316953
3,1.4654004207396216,1.2591659944937445e-10,0.1724814842316953
4,1.4654004207396216,1.2591659944937445e-10,0.1724814842316953
5,1.4654004207396216,1.2591659944937445e-10,0.1724814842316953
