,beta,tau,length
0,1.3483082318099721e-09,5.194583829182515,1.640722031825172
1,1.3483082318099721e-09,5.194583829182515,1.640722031825172
2,1.3483082318099721e-09,5.194583829182515,1.640722031825172
3,1.3483082318099721e-09,5.194583829182515,1.640722031825172
4,1.3483082318099721e-09,5.194583829182515,1.640722031825172
5,1.3483082318099721e-09,5.194583829182515,1.640722031825172
