,beta,tau,length
0,1e-16,9.268582256095407,0.11946767968242632
1,1e-16,9.268582256095407,0.11946767968242632
2,1e-16,9.268582256095407,0.11946767968242632
3,1e-16,9.268582256095407,0.11946767968242632
4,1e-16,9.268582256095407,0.11946767968242632
5,1e-16,9.268582256095407,0.11946767968242632
