,beta,tau,length
0,1.1321906650539348,4.457185621387e-10,0.17153452712547212
1,1.1321906650539348,4.457185621387e-10,0.17153452712547212
2,1.1321906650539348,4.457185621387e-10,0.17153452712547212
3,1.1321906650539348,4.457185621387e-10,0.17153452712547212
4,1.1321906650539348,4.457185621387e-10,0.17153452712547212
5,1.1321906650539348,4.457185621387e-10,0.17153452712547212
