,beta,tau,length
0,2.0187228789480285,2.6311920310018084e-09,0.17242713691940814
1,2.0187228789480285,2.6311920310018084e-09,0.17242713691940814
2,2.0187228789480285,2.6311920310018084e-09,0.17242713691940814
3,2.0187228789480285,2.6311920310018084e-09,0.17242713691940814
4,2.0187228789480285,2.6311920310018084e-09,0.17242713691940814
5,2.0187228789480285,2.6311920310018084e-09,0.17242713691940814
