,beta,tau,length
0,9.469268710481655e-11,9.087618653754085,1.5886683343663983
1,9.469268710481655e-11,9.087618653754085,1.5886683343663983
2,9.469268710481655e-11,9.087618653754085,1.5886683343663983
3,9.469268710481655e-11,9.087618653754085,1.5886683343663983
4,9.469268710481655e-11,9.087618653754085,1.5886683343663983
5,9.469268710481655e-11,9.087618653754085,1.5886683343663983
