,beta,tau,length
0,0.5499292458204331,5.750117782282807,0.04781926024899917
1,0.5499292458204331,5.750117782282807,0.04781926024899917
2,0.5499292458204331,5.750117782282807,0.04781926024899917
3,0.5499292458204331,5.750117782282807,0.04781926024899917
4,0.5499292458204331,5.750117782282807,0.04781926024899917
5,0.5499292458204331,5.750117782282807,0.04781926024899917
