,beta,tau,length
0,7.542731459005192,9.807611279466417e-10,0.16849250951397898
1,7.542731459005192,9.807611279466417e-10,0.16849250951397898
2,7.542731459005192,9.807611279466417e-10,0.16849250951397898
3,7.542731459005192,9.807611279466417e-10,0.16849250951397898
4,7.542731459005192,9.807611279466417e-10,0.16849250951397898
5,7.542731459005192,9.807611279466417e-10,0.16849250951397898
