,beta,tau,length
0,2.421684070696001,5.622467591583905e-09,0.16847086559786517
1,2.421684070696001,5.622467591583905e-09,0.16847086559786517
2,2.421684070696001,5.622467591583905e-09,0.16847086559786517
3,2.421684070696001,5.622467591583905e-09,0.16847086559786517
4,2.421684070696001,5.622467591583905e-09,0.16847086559786517
5,2.421684070696001,5.622467591583905e-09,0.16847086559786517
