,beta,tau,length
0,1.5282964783391779e-09,5.421167301700832,1.679946264975078
1,1.5282964783391779e-09,5.421167301700832,1.679946264975078
2,1.5282964783391779e-09,5.421167301700832,1.679946264975078
3,1.5282964783391779e-09,5.421167301700832,1.679946264975078
4,1.5282964783391779e-09,5.421167301700832,1.679946264975078
5,1.5282964783391779e-09,5.421167301700832,1.679946264975078
