,beta,tau,length
0,2.0773313086646157,1.2544910555600725e-09,0.1697564733226088
1,2.0773313086646157,1.2544910555600725e-09,0.1697564733226088
2,2.0773313086646157,1.2544910555600725e-09,0.1697564733226088
3,2.0773313086646157,1.2544910555600725e-09,0.1697564733226088
4,2.0773313086646157,1.2544910555600725e-09,0.1697564733226088
5,2.0773313086646157,1.2544910555600725e-09,0.1697564733226088
