,beta,tau,length
0,3.0129937738428714,2.8218062220997015e-09,0.17549317479523385
1,3.0129937738428714,2.8218062220997015e-09,0.17549317479523385
2,3.0129937738428714,2.8218062220997015e-09,0.17549317479523385
3,3.0129937738428714,2.8218062220997015e-09,0.17549317479523385
4,3.0129937738428714,2.8218062220997015e-09,0.17549317479523385
5,3.0129937738428714,2.8218062220997015e-09,0.17549317479523385
