,beta,tau,length
0,1.2476418794981354e-10,2.7310514558018713,1.5517904372807294
1,1.2476418794981354e-10,2.7310514558018713,1.5517904372807294
2,1.2476418794981354e-10,2.7310514558018713,1.5517904372807294
3,1.2476418794981354e-10,2.7310514558018713,1.5517904372807294
4,1.2476418794981354e-10,2.7310514558018713,1.5517904372807294
5,1.2476418794981354e-10,2.7310514558018713,1.5517904372807294
