,beta,tau,length
0,7.909328827429615e-12,5.81687611273561,1.6998735484759697
1,7.909328827429615e-12,5.81687611273561,1.6998735484759697
2,7.909328827429615e-12,5.81687611273561,1.6998735484759697
3,7.909328827429615e-12,5.81687611273561,1.6998735484759697
4,7.909328827429615e-12,5.81687611273561,1.6998735484759697
5,7.909328827429615e-12,5.81687611273561,1.6998735484759697
