,beta,tau,length
0,6.159810416142127,0.011391460675544519,0.021173048373554593
1,6.159810416142127,0.011391460675544519,0.021173048373554593
2,6.159810416142127,0.011391460675544519,0.021173048373554593
3,6.159810416142127,0.011391460675544519,0.021173048373554593
4,6.159810416142127,0.011391460675544519,0.021173048373554593
5,6.159810416142127,0.011391460675544519,0.021173048373554593
