,beta,tau,length
0,1.5944996324090883e-09,4.892514286292825,1.4338650614493247
1,1.5944996324090883e-09,4.892514286292825,1.4338650614493247
2,1.5944996324090883e-09,4.892514286292825,1.4338650614493247
3,1.5944996324090883e-09,4.892514286292825,1.4338650614493247
4,1.5944996324090883e-09,4.892514286292825,1.4338650614493247
5,1.5944996324090883e-09,4.892514286292825,1.4338650614493247
