,beta,tau,length
0,1.8737607647435124,1.9576139628874137e-05,0.20203874700910962
1,1.8737607647435124,1.9576139628874137e-05,0.20203874700910962
2,1.8737607647435124,1.9576139628874137e-05,0.20203874700910962
3,1.8737607647435124,1.9576139628874137e-05,0.20203874700910962
4,1.8737607647435124,1.9576139628874137e-05,0.20203874700910962
5,1.8737607647435124,1.9576139628874137e-05,0.20203874700910962
