,beta,tau,length
0,2.4486936371332173,2.551493350733042e-10,0.16272450925549142
1,2.4486936371332173,2.551493350733042e-10,0.16272450925549142
2,2.4486936371332173,2.551493350733042e-10,0.16272450925549142
3,2.4486936371332173,2.551493350733042e-10,0.16272450925549142
4,2.4486936371332173,2.551493350733042e-10,0.16272450925549142
5,2.4486936371332173,2.551493350733042e-10,0.16272450925549142
