,beta,tau,length
0,0.6888259256438135,0.761147349970654,0.6666011131969447
1,0.6888259256438135,0.761147349970654,0.6666011131969447
2,0.6888259256438135,0.761147349970654,0.6666011131969447
3,0.6888259256438135,0.761147349970654,0.6666011131969447
4,0.6888259256438135,0.761147349970654,0.6666011131969447
5,0.6888259256438135,0.761147349970654,0.6666011131969447
