,beta,tau,length
0,0.2988631260173531,1.7388929759263831,0.8121202011918195
1,0.2988631260173531,1.7388929759263831,0.8121202011918195
2,0.2988631260173531,1.7388929759263831,0.8121202011918195
3,0.2988631260173531,1.7388929759263831,0.8121202011918195
4,0.2988631260173531,1.7388929759263831,0.8121202011918195
5,0.2988631260173531,1.7388929759263831,0.8121202011918195
