,beta,tau,length
0,1e-16,10.0,0.11909852659051932
1,1e-16,10.0,0.11909852659051932
2,1e-16,10.0,0.11909852659051932
3,1e-16,10.0,0.11909852659051932
4,1e-16,10.0,0.11909852659051932
5,1e-16,10.0,0.11909852659051932
6,1e-16,10.0,0.11909852659051932
7,1e-16,10.0,0.11909852659051932
8,1e-16,10.0,0.11909852659051932
9,1e-16,10.0,0.11909852659051932
10,1e-16,10.0,0.11909852659051932
