,beta,tau,length
0,3.9122548542102346e-10,3.701111549261494,1.5699553427560942
1,3.9122548542102346e-10,3.701111549261494,1.5699553427560942
2,3.9122548542102346e-10,3.701111549261494,1.5699553427560942
3,3.9122548542102346e-10,3.701111549261494,1.5699553427560942
4,3.9122548542102346e-10,3.701111549261494,1.5699553427560942
5,3.9122548542102346e-10,3.701111549261494,1.5699553427560942
