,beta,tau,length
0,1.0059605973201329,0.38782173161317557,0.4640562677006522
1,1.0059605973201329,0.38782173161317557,0.4640562677006522
2,1.0059605973201329,0.38782173161317557,0.4640562677006522
3,1.0059605973201329,0.38782173161317557,0.4640562677006522
4,1.0059605973201329,0.38782173161317557,0.4640562677006522
5,1.0059605973201329,0.38782173161317557,0.4640562677006522
