,beta,tau,length
0,1.3484963282978417,0.44370404852123635,0.4043370080921789
1,1.3484963282978417,0.44370404852123635,0.4043370080921789
2,1.3484963282978417,0.44370404852123635,0.4043370080921789
3,1.3484963282978417,0.44370404852123635,0.4043370080921789
4,1.3484963282978417,0.44370404852123635,0.4043370080921789
5,1.3484963282978417,0.44370404852123635,0.4043370080921789
