,beta,tau,length
0,3.3398233627436156,1.043617317664305e-06,0.1821550863374295
1,3.3398233627436156,1.043617317664305e-06,0.1821550863374295
2,3.3398233627436156,1.043617317664305e-06,0.1821550863374295
3,3.3398233627436156,1.043617317664305e-06,0.1821550863374295
4,3.3398233627436156,1.043617317664305e-06,0.1821550863374295
5,3.3398233627436156,1.043617317664305e-06,0.1821550863374295
