,beta,tau,length
0,2.832676341262311,9.64282830259399e-09,0.17172931137157132
1,2.832676341262311,9.64282830259399e-09,0.17172931137157132
2,2.832676341262311,9.64282830259399e-09,0.17172931137157132
3,2.832676341262311,9.64282830259399e-09,0.17172931137157132
4,2.832676341262311,9.64282830259399e-09,0.17172931137157132
5,2.832676341262311,9.64282830259399e-09,0.17172931137157132
