,beta,tau,length
0,0.7335020118699832,1.6127830161760008,0.12002181244783204
1,0.7335020118699832,1.6127830161760008,0.12002181244783204
2,0.7335020118699832,1.6127830161760008,0.12002181244783204
3,0.7335020118699832,1.6127830161760008,0.12002181244783204
4,0.7335020118699832,1.6127830161760008,0.12002181244783204
5,0.7335020118699832,1.6127830161760008,0.12002181244783204
