,beta,tau,length
0,1.3804078998979347e-10,9.999999991836797,4.525810022315005
1,1.3804078998979347e-10,9.999999991836797,4.525810022315005
2,1.3804078998979347e-10,9.999999991836797,4.525810022315005
3,1.3804078998979347e-10,9.999999991836797,4.525810022315005
4,1.3804078998979347e-10,9.999999991836797,4.525810022315005
5,1.3804078998979347e-10,9.999999991836797,4.525810022315005
