,beta,tau
0,1e-16,0.01355564129093111
1,1e-16,0.01355564129093111
2,1e-16,0.01355564129093111
3,1e-16,0.01355564129093111
4,1e-16,0.01355564129093111
5,1e-16,0.01355564129093111
6,1e-16,0.01355564129093111
7,1e-16,0.01355564129093111
8,1e-16,0.01355564129093111
9,1e-16,0.01355564129093111
10,1e-16,0.01355564129093111
