,beta,tau
0,0.07168456286584089,0.01535787060116155
1,0.07168456286584089,0.01535787060116155
2,0.07168456286584089,0.01535787060116155
3,0.07168456286584089,0.01535787060116155
4,0.07168456286584089,0.01535787060116155
5,0.07168456286584089,0.01535787060116155
