,beta,tau
0,6.551115123125783e-16,0.011534804575881286
1,6.551115123125783e-16,0.011534804575881286
2,6.551115123125783e-16,0.011534804575881286
3,6.551115123125783e-16,0.011534804575881286
4,6.551115123125783e-16,0.011534804575881286
5,6.551115123125783e-16,0.011534804575881286
