,beta,tau
0,0.3599264025983768,0.016190555232414406
1,0.3599264025983768,0.016190555232414406
2,0.3599264025983768,0.016190555232414406
3,0.3599264025983768,0.016190555232414406
4,0.3599264025983768,0.016190555232414406
5,0.3599264025983768,0.016190555232414406
6,0.3599264025983768,0.016190555232414406
7,0.3599264025983768,0.016190555232414406
8,0.3599264025983768,0.016190555232414406
9,0.3599264025983768,0.016190555232414406
10,0.3599264025983768,0.016190555232414406
