,beta,tau
0,0.09495573844514336,0.01581108663427432
1,0.09495573844514336,0.01581108663427432
2,0.09495573844514336,0.01581108663427432
3,0.09495573844514336,0.01581108663427432
4,0.09495573844514336,0.01581108663427432
5,0.09495573844514336,0.01581108663427432
