,beta,tau
0,1e-16,0.013391152726324285
1,1e-16,0.013391152726324285
2,1e-16,0.013391152726324285
3,1e-16,0.013391152726324285
4,1e-16,0.013391152726324285
5,1e-16,0.013391152726324285
6,1e-16,0.013391152726324285
7,1e-16,0.013391152726324285
8,1e-16,0.013391152726324285
9,1e-16,0.013391152726324285
10,1e-16,0.013391152726324285
