,beta,tau
0,3.985780586188048e-15,0.012937482781109722
1,3.985780586188048e-15,0.012937482781109722
2,3.985780586188048e-15,0.012937482781109722
3,3.985780586188048e-15,0.012937482781109722
4,3.985780586188048e-15,0.012937482781109722
5,3.985780586188048e-15,0.012937482781109722
