,beta,tau
0,4.540892098500626e-15,0.014304552447245811
1,4.540892098500626e-15,0.014304552447245811
2,4.540892098500626e-15,0.014304552447245811
3,4.540892098500626e-15,0.014304552447245811
4,4.540892098500626e-15,0.014304552447245811
5,4.540892098500626e-15,0.014304552447245811
