,beta,tau
0,2.8755575615628914e-15,0.013599595038570434
1,2.8755575615628914e-15,0.013599595038570434
2,2.8755575615628914e-15,0.013599595038570434
3,2.8755575615628914e-15,0.013599595038570434
4,2.8755575615628914e-15,0.013599595038570434
5,2.8755575615628914e-15,0.013599595038570434
