,beta,tau
0,0.07707773655987303,0.015986836849315
1,0.07707773655987303,0.015986836849315
2,0.07707773655987303,0.015986836849315
3,0.07707773655987303,0.015986836849315
4,0.07707773655987303,0.015986836849315
5,0.07707773655987303,0.015986836849315
