,beta,tau
0,0.05541375904476241,0.015389145672376581
1,0.05541375904476241,0.015389145672376581
2,0.05541375904476241,0.015389145672376581
3,0.05541375904476241,0.015389145672376581
4,0.05541375904476241,0.015389145672376581
5,0.05541375904476241,0.015389145672376581
