,beta,tau
0,0.06101382678720245,0.015301672370938258
1,0.06101382678720245,0.015301672370938258
2,0.06101382678720245,0.015301672370938258
3,0.06101382678720245,0.015301672370938258
4,0.06101382678720245,0.015301672370938258
5,0.06101382678720245,0.015301672370938258
6,0.06101382678720245,0.015301672370938258
7,0.06101382678720245,0.015301672370938258
8,0.06101382678720245,0.015301672370938258
9,0.06101382678720245,0.015301672370938258
10,0.06101382678720245,0.015301672370938258
