,beta,tau
0,3.985780586188048e-15,0.01433233785516862
1,3.985780586188048e-15,0.01433233785516862
2,3.985780586188048e-15,0.01433233785516862
3,3.985780586188048e-15,0.01433233785516862
4,3.985780586188048e-15,0.01433233785516862
5,3.985780586188048e-15,0.01433233785516862
6,3.985780586188048e-15,0.01433233785516862
7,3.985780586188048e-15,0.01433233785516862
8,3.985780586188048e-15,0.01433233785516862
9,3.985780586188048e-15,0.01433233785516862
10,3.985780586188048e-15,0.01433233785516862
