,beta,tau
0,0.27753283315155153,0.016239539210843413
1,0.27753283315155153,0.016239539210843413
2,0.27753283315155153,0.016239539210843413
3,0.27753283315155153,0.016239539210843413
4,0.27753283315155153,0.016239539210843413
5,0.27753283315155153,0.016239539210843413
6,0.27753283315155153,0.016239539210843413
7,0.27753283315155153,0.016239539210843413
8,0.27753283315155153,0.016239539210843413
9,0.27753283315155153,0.016239539210843413
10,0.27753283315155153,0.016239539210843413
