,beta,tau
0,0.055600545488546746,0.012460683741091872
1,0.055600545488546746,0.012460683741091872
2,0.055600545488546746,0.012460683741091872
3,0.055600545488546746,0.012460683741091872
4,0.055600545488546746,0.012460683741091872
5,0.055600545488546746,0.012460683741091872
6,0.055600545488546746,0.012460683741091872
7,0.055600545488546746,0.012460683741091872
8,0.055600545488546746,0.012460683741091872
9,0.055600545488546746,0.012460683741091872
10,0.055600545488546746,0.012460683741091872
