,beta,tau
0,0.18347160650129435,0.016322581171611217
1,0.18347160650129435,0.016322581171611217
2,0.18347160650129435,0.016322581171611217
3,0.18347160650129435,0.016322581171611217
4,0.18347160650129435,0.016322581171611217
5,0.18347160650129435,0.016322581171611217
