,beta,tau
0,0.01577708314884473,0.013633941301659614
1,0.01577708314884473,0.013633941301659614
2,0.01577708314884473,0.013633941301659614
3,0.01577708314884473,0.013633941301659614
4,0.01577708314884473,0.013633941301659614
5,0.01577708314884473,0.013633941301659614
6,0.01577708314884473,0.013633941301659614
7,0.01577708314884473,0.013633941301659614
8,0.01577708314884473,0.013633941301659614
9,0.01577708314884473,0.013633941301659614
10,0.01577708314884473,0.013633941301659614
