,beta,tau
0,0.0814207401027257,0.015479505292691587
1,0.0814207401027257,0.015479505292691587
2,0.0814207401027257,0.015479505292691587
3,0.0814207401027257,0.015479505292691587
4,0.0814207401027257,0.015479505292691587
5,0.0814207401027257,0.015479505292691587
6,0.0814207401027257,0.015479505292691587
7,0.0814207401027257,0.015479505292691587
8,0.0814207401027257,0.015479505292691587
9,0.0814207401027257,0.015479505292691587
10,0.0814207401027257,0.015479505292691587
