,beta,tau
0,0.023378624281384475,0.013904702467483866
1,0.023378624281384475,0.013904702467483866
2,0.023378624281384475,0.013904702467483866
3,0.023378624281384475,0.013904702467483866
4,0.023378624281384475,0.013904702467483866
5,0.023378624281384475,0.013904702467483866
6,0.023378624281384475,0.013904702467483866
7,0.023378624281384475,0.013904702467483866
8,0.023378624281384475,0.013904702467483866
9,0.023378624281384475,0.013904702467483866
10,0.023378624281384475,0.013904702467483866
