,beta,tau
0,0.034152911918551396,0.014844844392337232
1,0.034152911918551396,0.014844844392337232
2,0.034152911918551396,0.014844844392337232
3,0.034152911918551396,0.014844844392337232
4,0.034152911918551396,0.014844844392337232
5,0.034152911918551396,0.014844844392337232
6,0.034152911918551396,0.014844844392337232
7,0.034152911918551396,0.014844844392337232
8,0.034152911918551396,0.014844844392337232
9,0.034152911918551396,0.014844844392337232
10,0.034152911918551396,0.014844844392337232
