,beta,tau
0,0.0911421230599808,0.015959004043842973
1,0.0911421230599808,0.015959004043842973
2,0.0911421230599808,0.015959004043842973
3,0.0911421230599808,0.015959004043842973
4,0.0911421230599808,0.015959004043842973
5,0.0911421230599808,0.015959004043842973
