,beta,tau
0,0.017668694847553613,0.00788169705447438
1,0.017668694847553613,0.00788169705447438
2,0.017668694847553613,0.00788169705447438
3,0.017668694847553613,0.00788169705447438
4,0.017668694847553613,0.00788169705447438
5,0.017668694847553613,0.00788169705447438
