,beta,tau
0,1e-16,0.013364090000087082
1,1e-16,0.013364090000087082
2,1e-16,0.013364090000087082
3,1e-16,0.013364090000087082
4,1e-16,0.013364090000087082
5,1e-16,0.013364090000087082
6,1e-16,0.013364090000087082
7,1e-16,0.013364090000087082
8,1e-16,0.013364090000087082
9,1e-16,0.013364090000087082
10,1e-16,0.013364090000087082
