,beta,tau
0,0.04652047145093606,0.015222381106048222
1,0.04652047145093606,0.015222381106048222
2,0.04652047145093606,0.015222381106048222
3,0.04652047145093606,0.015222381106048222
4,0.04652047145093606,0.015222381106048222
5,0.04652047145093606,0.015222381106048222
