,beta,tau
0,0.9297858196714638,0.01776662791952387
1,0.9297858196714638,0.01776662791952387
2,0.9297858196714638,0.01776662791952387
3,0.9297858196714638,0.01776662791952387
4,0.9297858196714638,0.01776662791952387
5,0.9297858196714638,0.01776662791952387
