,beta,tau
0,2.0854067266629306,0.012975711777453259
1,2.0854067266629306,0.012975711777453259
2,2.0854067266629306,0.012975711777453259
3,2.0854067266629306,0.012975711777453259
4,2.0854067266629306,0.012975711777453259
5,2.0854067266629306,0.012975711777453259
6,2.0854067266629306,0.012975711777453259
7,2.0854067266629306,0.012975711777453259
8,2.0854067266629306,0.012975711777453259
9,2.0854067266629306,0.012975711777453259
10,2.0854067266629306,0.012975711777453259
