,beta,tau
0,0.007406873179418671,0.01371290022525017
1,0.007406873179418671,0.01371290022525017
2,0.007406873179418671,0.01371290022525017
3,0.007406873179418671,0.01371290022525017
4,0.007406873179418671,0.01371290022525017
5,0.007406873179418671,0.01371290022525017
6,0.007406873179418671,0.01371290022525017
7,0.007406873179418671,0.01371290022525017
8,0.007406873179418671,0.01371290022525017
9,0.007406873179418671,0.01371290022525017
10,0.007406873179418671,0.01371290022525017
