,beta,tau
0,0.12106865810089194,0.016021016117065513
1,0.12106865810089194,0.016021016117065513
2,0.12106865810089194,0.016021016117065513
3,0.12106865810089194,0.016021016117065513
4,0.12106865810089194,0.016021016117065513
5,0.12106865810089194,0.016021016117065513
6,0.12106865810089194,0.016021016117065513
7,0.12106865810089194,0.016021016117065513
8,0.12106865810089194,0.016021016117065513
9,0.12106865810089194,0.016021016117065513
10,0.12106865810089194,0.016021016117065513
