,beta,tau
0,2.320446049250313e-15,0.013750434908159182
1,2.320446049250313e-15,0.013750434908159182
2,2.320446049250313e-15,0.013750434908159182
3,2.320446049250313e-15,0.013750434908159182
4,2.320446049250313e-15,0.013750434908159182
5,2.320446049250313e-15,0.013750434908159182
