,beta,tau
0,0.043980710756152494,0.014867891053471739
1,0.043980710756152494,0.014867891053471739
2,0.043980710756152494,0.014867891053471739
3,0.043980710756152494,0.014867891053471739
4,0.043980710756152494,0.014867891053471739
5,0.043980710756152494,0.014867891053471739
6,0.043980710756152494,0.014867891053471739
7,0.043980710756152494,0.014867891053471739
8,0.043980710756152494,0.014867891053471739
9,0.043980710756152494,0.014867891053471739
10,0.043980710756152494,0.014867891053471739
