,beta,tau
0,0.18624224616700724,0.01591967786429015
1,0.18624224616700724,0.01591967786429015
2,0.18624224616700724,0.01591967786429015
3,0.18624224616700724,0.01591967786429015
4,0.18624224616700724,0.01591967786429015
5,0.18624224616700724,0.01591967786429015
6,0.18624224616700724,0.01591967786429015
7,0.18624224616700724,0.01591967786429015
8,0.18624224616700724,0.01591967786429015
9,0.18624224616700724,0.01591967786429015
10,0.18624224616700724,0.01591967786429015
