,beta,tau
0,0.1783321919513421,0.01609957524563287
1,0.1783321919513421,0.01609957524563287
2,0.1783321919513421,0.01609957524563287
3,0.1783321919513421,0.01609957524563287
4,0.1783321919513421,0.01609957524563287
5,0.1783321919513421,0.01609957524563287
6,0.1783321919513421,0.01609957524563287
7,0.1783321919513421,0.01609957524563287
8,0.1783321919513421,0.01609957524563287
9,0.1783321919513421,0.01609957524563287
10,0.1783321919513421,0.01609957524563287
