,beta,tau
0,0.15157778328126437,0.015702654627318225
1,0.15157778328126437,0.015702654627318225
2,0.15157778328126437,0.015702654627318225
3,0.15157778328126437,0.015702654627318225
4,0.15157778328126437,0.015702654627318225
5,0.15157778328126437,0.015702654627318225
6,0.15157778328126437,0.015702654627318225
7,0.15157778328126437,0.015702654627318225
8,0.15157778328126437,0.015702654627318225
9,0.15157778328126437,0.015702654627318225
10,0.15157778328126437,0.015702654627318225
