,beta,tau
0,0.30532490090983644,0.016410988618644862
1,0.30532490090983644,0.016410988618644862
2,0.30532490090983644,0.016410988618644862
3,0.30532490090983644,0.016410988618644862
4,0.30532490090983644,0.016410988618644862
5,0.30532490090983644,0.016410988618644862
