,beta,tau
0,6.551115123125783e-16,0.01328602574939285
1,6.551115123125783e-16,0.01328602574939285
2,6.551115123125783e-16,0.01328602574939285
3,6.551115123125783e-16,0.01328602574939285
4,6.551115123125783e-16,0.01328602574939285
5,6.551115123125783e-16,0.01328602574939285
6,6.551115123125783e-16,0.01328602574939285
7,6.551115123125783e-16,0.01328602574939285
8,6.551115123125783e-16,0.01328602574939285
9,6.551115123125783e-16,0.01328602574939285
10,6.551115123125783e-16,0.01328602574939285
