,beta,tau
0,0.4566353041522526,0.016692674491695748
1,0.4566353041522526,0.016692674491695748
2,0.4566353041522526,0.016692674491695748
3,0.4566353041522526,0.016692674491695748
4,0.4566353041522526,0.016692674491695748
5,0.4566353041522526,0.016692674491695748
