,beta,tau
0,2.8755575615628914e-15,0.014184965070325285
1,2.8755575615628914e-15,0.014184965070325285
2,2.8755575615628914e-15,0.014184965070325285
3,2.8755575615628914e-15,0.014184965070325285
4,2.8755575615628914e-15,0.014184965070325285
5,2.8755575615628914e-15,0.014184965070325285
