,beta,tau
0,0.0962890671771389,0.01277076055071501
1,0.0962890671771389,0.01277076055071501
2,0.0962890671771389,0.01277076055071501
3,0.0962890671771389,0.01277076055071501
4,0.0962890671771389,0.01277076055071501
5,0.0962890671771389,0.01277076055071501
