,beta,tau
0,0.9605023611220666,0.017834110391479297
1,0.9605023611220666,0.017834110391479297
2,0.9605023611220666,0.017834110391479297
3,0.9605023611220666,0.017834110391479297
4,0.9605023611220666,0.017834110391479297
5,0.9605023611220666,0.017834110391479297
