,beta,tau
0,1e-16,0.013781142386804602
1,1e-16,0.013781142386804602
2,1e-16,0.013781142386804602
3,1e-16,0.013781142386804602
4,1e-16,0.013781142386804602
5,1e-16,0.013781142386804602
