,beta,tau
0,0.12548600041482127,0.016202484486023228
1,0.12548600041482127,0.016202484486023228
2,0.12548600041482127,0.016202484486023228
3,0.12548600041482127,0.016202484486023228
4,0.12548600041482127,0.016202484486023228
5,0.12548600041482127,0.016202484486023228
