,beta,tau
0,0.05836288952601863,0.014995220000553856
1,0.05836288952601863,0.014995220000553856
2,0.05836288952601863,0.014995220000553856
3,0.05836288952601863,0.014995220000553856
4,0.05836288952601863,0.014995220000553856
5,0.05836288952601863,0.014995220000553856
6,0.05836288952601863,0.014995220000553856
7,0.05836288952601863,0.014995220000553856
8,0.05836288952601863,0.014995220000553856
9,0.05836288952601863,0.014995220000553856
10,0.05836288952601863,0.014995220000553856
