,beta,tau
0,2.320446049250313e-15,0.013297297664963782
1,2.320446049250313e-15,0.013297297664963782
2,2.320446049250313e-15,0.013297297664963782
3,2.320446049250313e-15,0.013297297664963782
4,2.320446049250313e-15,0.013297297664963782
5,2.320446049250313e-15,0.013297297664963782
