,beta,tau
0,0.027214840700455867,0.01466774805808101
1,0.027214840700455867,0.01466774805808101
2,0.027214840700455867,0.01466774805808101
3,0.027214840700455867,0.01466774805808101
4,0.027214840700455867,0.01466774805808101
5,0.027214840700455867,0.01466774805808101
6,0.027214840700455867,0.01466774805808101
7,0.027214840700455867,0.01466774805808101
8,0.027214840700455867,0.01466774805808101
9,0.027214840700455867,0.01466774805808101
10,0.027214840700455867,0.01466774805808101
