,beta,tau
0,0.2640257347792808,0.01649045790211755
1,0.2640257347792808,0.01649045790211755
2,0.2640257347792808,0.01649045790211755
3,0.2640257347792808,0.01649045790211755
4,0.2640257347792808,0.01649045790211755
5,0.2640257347792808,0.01649045790211755
