,beta,tau
0,2.4719036034912243,0.007274978765167239
1,2.4719036034912243,0.007274978765167239
2,2.4719036034912243,0.007274978765167239
3,2.4719036034912243,0.007274978765167239
4,2.4719036034912243,0.007274978765167239
5,2.4719036034912243,0.007274978765167239
6,2.4719036034912243,0.007274978765167239
7,2.4719036034912243,0.007274978765167239
8,2.4719036034912243,0.007274978765167239
9,2.4719036034912243,0.007274978765167239
10,2.4719036034912243,0.007274978765167239
