,beta,tau
0,0.8123083299674195,0.01731753185858841
1,0.8123083299674195,0.01731753185858841
2,0.8123083299674195,0.01731753185858841
3,0.8123083299674195,0.01731753185858841
4,0.8123083299674195,0.01731753185858841
5,0.8123083299674195,0.01731753185858841
