,beta,tau
0,3.0631133177191806e-14,0.013682285336841338
1,3.0631133177191806e-14,0.013682285336841338
2,3.0631133177191806e-14,0.013682285336841338
3,3.0631133177191806e-14,0.013682285336841338
4,3.0631133177191806e-14,0.013682285336841338
5,3.0631133177191806e-14,0.013682285336841338
