,beta,tau
0,0.04289818587147119,0.015125630950966296
1,0.04289818587147119,0.015125630950966296
2,0.04289818587147119,0.015125630950966296
3,0.04289818587147119,0.015125630950966296
4,0.04289818587147119,0.015125630950966296
5,0.04289818587147119,0.015125630950966296
