,beta,tau
0,1.8141378978044143,0.0003109092936127601
1,1.8141378978044143,0.0003109092936127601
2,1.8141378978044143,0.0003109092936127601
3,1.8141378978044143,0.0003109092936127601
4,1.8141378978044143,0.0003109092936127601
5,1.8141378978044143,0.0003109092936127601
