,beta,tau
0,0.26563692298407393,0.0163874550214128
1,0.26563692298407393,0.0163874550214128
2,0.26563692298407393,0.0163874550214128
3,0.26563692298407393,0.0163874550214128
4,0.26563692298407393,0.0163874550214128
5,0.26563692298407393,0.0163874550214128
