,beta,tau
0,0.12970146977206898,0.01594913169750033
1,0.12970146977206898,0.01594913169750033
2,0.12970146977206898,0.01594913169750033
3,0.12970146977206898,0.01594913169750033
4,0.12970146977206898,0.01594913169750033
5,0.12970146977206898,0.01594913169750033
