,beta,tau
0,0.10236451741873719,0.005623572985047442
1,0.10236451741873719,0.005623572985047442
2,0.10236451741873719,0.005623572985047442
3,0.10236451741873719,0.005623572985047442
4,0.10236451741873719,0.005623572985047442
5,0.10236451741873719,0.005623572985047442
6,0.10236451741873719,0.005623572985047442
7,0.10236451741873719,0.005623572985047442
8,0.10236451741873719,0.005623572985047442
9,0.10236451741873719,0.005623572985047442
10,0.10236451741873719,0.005623572985047442
