,beta,tau
0,0.23402880363912926,0.01598433059354153
1,0.23402880363912926,0.01598433059354153
2,0.23402880363912926,0.01598433059354153
3,0.23402880363912926,0.01598433059354153
4,0.23402880363912926,0.01598433059354153
5,0.23402880363912926,0.01598433059354153
6,0.23402880363912926,0.01598433059354153
7,0.23402880363912926,0.01598433059354153
8,0.23402880363912926,0.01598433059354153
9,0.23402880363912926,0.01598433059354153
10,0.23402880363912926,0.01598433059354153
