,beta,tau
0,0.24706802497931568,0.01630577086222894
1,0.24706802497931568,0.01630577086222894
2,0.24706802497931568,0.01630577086222894
3,0.24706802497931568,0.01630577086222894
4,0.24706802497931568,0.01630577086222894
5,0.24706802497931568,0.01630577086222894
6,0.24706802497931568,0.01630577086222894
7,0.24706802497931568,0.01630577086222894
8,0.24706802497931568,0.01630577086222894
9,0.24706802497931568,0.01630577086222894
10,0.24706802497931568,0.01630577086222894
