,beta,tau
0,0.07598789937565974,0.01528547215121311
1,0.07598789937565974,0.01528547215121311
2,0.07598789937565974,0.01528547215121311
3,0.07598789937565974,0.01528547215121311
4,0.07598789937565974,0.01528547215121311
5,0.07598789937565974,0.01528547215121311
6,0.07598789937565974,0.01528547215121311
7,0.07598789937565974,0.01528547215121311
8,0.07598789937565974,0.01528547215121311
9,0.07598789937565974,0.01528547215121311
10,0.07598789937565974,0.01528547215121311
