,beta,tau
0,2.116607900363717,0.01768483528492858
1,2.116607900363717,0.01768483528492858
2,2.116607900363717,0.01768483528492858
3,2.116607900363717,0.01768483528492858
4,2.116607900363717,0.01768483528492858
5,2.116607900363717,0.01768483528492858
