,beta,tau
0,0.07135405606049593,0.015792991027842696
1,0.07135405606049593,0.015792991027842696
2,0.07135405606049593,0.015792991027842696
3,0.07135405606049593,0.015792991027842696
4,0.07135405606049593,0.015792991027842696
5,0.07135405606049593,0.015792991027842696
