,beta,tau
0,0.07932207199192419,0.015996558397178385
1,0.07932207199192419,0.015996558397178385
2,0.07932207199192419,0.015996558397178385
3,0.07932207199192419,0.015996558397178385
4,0.07932207199192419,0.015996558397178385
5,0.07932207199192419,0.015996558397178385
