,beta,tau
0,0.1731825879809441,0.01629416467199839
1,0.1731825879809441,0.01629416467199839
2,0.1731825879809441,0.01629416467199839
3,0.1731825879809441,0.01629416467199839
4,0.1731825879809441,0.01629416467199839
5,0.1731825879809441,0.01629416467199839
6,0.1731825879809441,0.01629416467199839
7,0.1731825879809441,0.01629416467199839
8,0.1731825879809441,0.01629416467199839
9,0.1731825879809441,0.01629416467199839
10,0.1731825879809441,0.01629416467199839
