,beta,tau
0,0.10504800184594164,0.01585256451298266
1,0.10504800184594164,0.01585256451298266
2,0.10504800184594164,0.01585256451298266
3,0.10504800184594164,0.01585256451298266
4,0.10504800184594164,0.01585256451298266
5,0.10504800184594164,0.01585256451298266
6,0.10504800184594164,0.01585256451298266
7,0.10504800184594164,0.01585256451298266
8,0.10504800184594164,0.01585256451298266
9,0.10504800184594164,0.01585256451298266
10,0.10504800184594164,0.01585256451298266
