,beta,tau
0,0.0208193389176765,0.013776794776905289
1,0.0208193389176765,0.013776794776905289
2,0.0208193389176765,0.013776794776905289
3,0.0208193389176765,0.013776794776905289
4,0.0208193389176765,0.013776794776905289
5,0.0208193389176765,0.013776794776905289
