,beta,tau
0,0.09425747031284913,0.015987583422289554
1,0.09425747031284913,0.015987583422289554
2,0.09425747031284913,0.015987583422289554
3,0.09425747031284913,0.015987583422289554
4,0.09425747031284913,0.015987583422289554
5,0.09425747031284913,0.015987583422289554
