,beta,tau
0,1e-16,0.0129999664250947
1,1e-16,0.0129999664250947
2,1e-16,0.0129999664250947
3,1e-16,0.0129999664250947
4,1e-16,0.0129999664250947
5,1e-16,0.0129999664250947
6,1e-16,0.0129999664250947
7,1e-16,0.0129999664250947
8,1e-16,0.0129999664250947
9,1e-16,0.0129999664250947
10,1e-16,0.0129999664250947
