,beta,tau
0,0.0706000437954769,0.01570629804393663
1,0.0706000437954769,0.01570629804393663
2,0.0706000437954769,0.01570629804393663
3,0.0706000437954769,0.01570629804393663
4,0.0706000437954769,0.01570629804393663
5,0.0706000437954769,0.01570629804393663
