,beta,tau
0,0.009706433948893468,0.013510743642025747
1,0.009706433948893468,0.013510743642025747
2,0.009706433948893468,0.013510743642025747
3,0.009706433948893468,0.013510743642025747
4,0.009706433948893468,0.013510743642025747
5,0.009706433948893468,0.013510743642025747
