,beta,tau
0,0.01305256929445341,0.012539952896992824
1,0.01305256929445341,0.012539952896992824
2,0.01305256929445341,0.012539952896992824
3,0.01305256929445341,0.012539952896992824
4,0.01305256929445341,0.012539952896992824
5,0.01305256929445341,0.012539952896992824
