,beta,tau
0,0.23151860941326108,0.0030967418256384496
1,0.23151860941326108,0.0030967418256384496
2,0.23151860941326108,0.0030967418256384496
3,0.23151860941326108,0.0030967418256384496
4,0.23151860941326108,0.0030967418256384496
5,0.23151860941326108,0.0030967418256384496
6,0.23151860941326108,0.0030967418256384496
7,0.23151860941326108,0.0030967418256384496
8,0.23151860941326108,0.0030967418256384496
9,0.23151860941326108,0.0030967418256384496
10,0.23151860941326108,0.0030967418256384496
