,beta,tau
0,2.5051317410309695,0.01797148183757601
1,2.5051317410309695,0.01797148183757601
2,2.5051317410309695,0.01797148183757601
3,2.5051317410309695,0.01797148183757601
4,2.5051317410309695,0.01797148183757601
5,2.5051317410309695,0.01797148183757601
