,beta,tau
0,0.3795921229192285,0.016255618791255023
1,0.3795921229192285,0.016255618791255023
2,0.3795921229192285,0.016255618791255023
3,0.3795921229192285,0.016255618791255023
4,0.3795921229192285,0.016255618791255023
5,0.3795921229192285,0.016255618791255023
6,0.3795921229192285,0.016255618791255023
7,0.3795921229192285,0.016255618791255023
8,0.3795921229192285,0.016255618791255023
9,0.3795921229192285,0.016255618791255023
10,0.3795921229192285,0.016255618791255023
