,beta,tau
0,0.0931328978221425,0.015997040262537666
1,0.0931328978221425,0.015997040262537666
2,0.0931328978221425,0.015997040262537666
3,0.0931328978221425,0.015997040262537666
4,0.0931328978221425,0.015997040262537666
5,0.0931328978221425,0.015997040262537666
