,beta,tau
0,1.1987740130942677,0.017591812876469704
1,1.1987740130942677,0.017591812876469704
2,1.1987740130942677,0.017591812876469704
3,1.1987740130942677,0.017591812876469704
4,1.1987740130942677,0.017591812876469704
5,1.1987740130942677,0.017591812876469704
6,1.1987740130942677,0.017591812876469704
7,1.1987740130942677,0.017591812876469704
8,1.1987740130942677,0.017591812876469704
9,1.1987740130942677,0.017591812876469704
10,1.1987740130942677,0.017591812876469704
