,beta,tau
0,0.003265169923598699,0.014519967262586853
1,0.003265169923598699,0.014519967262586853
2,0.003265169923598699,0.014519967262586853
3,0.003265169923598699,0.014519967262586853
4,0.003265169923598699,0.014519967262586853
5,0.003265169923598699,0.014519967262586853
6,0.003265169923598699,0.014519967262586853
7,0.003265169923598699,0.014519967262586853
8,0.003265169923598699,0.014519967262586853
9,0.003265169923598699,0.014519967262586853
10,0.003265169923598699,0.014519967262586853
