,beta,tau
0,0.016498667350321006,0.013971608775156342
1,0.016498667350321006,0.013971608775156342
2,0.016498667350321006,0.013971608775156342
3,0.016498667350321006,0.013971608775156342
4,0.016498667350321006,0.013971608775156342
5,0.016498667350321006,0.013971608775156342
