,beta,tau
0,1.1669701085733668,0.018358183810080576
1,1.1669701085733668,0.018358183810080576
2,1.1669701085733668,0.018358183810080576
3,1.1669701085733668,0.018358183810080576
4,1.1669701085733668,0.018358183810080576
5,1.1669701085733668,0.018358183810080576
