,beta,tau
0,0.24804269369092258,0.01632448222617665
1,0.24804269369092258,0.01632448222617665
2,0.24804269369092258,0.01632448222617665
3,0.24804269369092258,0.01632448222617665
4,0.24804269369092258,0.01632448222617665
5,0.24804269369092258,0.01632448222617665
