,beta,tau
0,7.853767631610742,1.3115304409272524e-05
1,7.853767631610742,1.3115304409272524e-05
2,7.853767631610742,1.3115304409272524e-05
3,7.853767631610742,1.3115304409272524e-05
4,7.853767631610742,1.3115304409272524e-05
5,7.853767631610742,1.3115304409272524e-05
