,beta,tau
0,1e-16,0.01376951463672237
1,1e-16,0.01376951463672237
2,1e-16,0.01376951463672237
3,1e-16,0.01376951463672237
4,1e-16,0.01376951463672237
5,1e-16,0.01376951463672237
