,beta,tau
0,0.07652715085553717,0.01590259896192391
1,0.07652715085553717,0.01590259896192391
2,0.07652715085553717,0.01590259896192391
3,0.07652715085553717,0.01590259896192391
4,0.07652715085553717,0.01590259896192391
5,0.07652715085553717,0.01590259896192391
