,beta,tau
0,1.3658720579052157,0.018105909598368875
1,1.3658720579052157,0.018105909598368875
2,1.3658720579052157,0.018105909598368875
3,1.3658720579052157,0.018105909598368875
4,1.3658720579052157,0.018105909598368875
5,1.3658720579052157,0.018105909598368875
