,beta,tau
0,2.8755575615628914e-15,0.006967483612655523
1,2.8755575615628914e-15,0.006967483612655523
2,2.8755575615628914e-15,0.006967483612655523
3,2.8755575615628914e-15,0.006967483612655523
4,2.8755575615628914e-15,0.006967483612655523
5,2.8755575615628914e-15,0.006967483612655523
