,beta,tau
0,1e-16,0.01332628105449828
1,1e-16,0.01332628105449828
2,1e-16,0.01332628105449828
3,1e-16,0.01332628105449828
4,1e-16,0.01332628105449828
5,1e-16,0.01332628105449828
