,beta,tau
0,0.04687749811894469,0.015309524443501522
1,0.04687749811894469,0.015309524443501522
2,0.04687749811894469,0.015309524443501522
3,0.04687749811894469,0.015309524443501522
4,0.04687749811894469,0.015309524443501522
5,0.04687749811894469,0.015309524443501522
6,0.04687749811894469,0.015309524443501522
7,0.04687749811894469,0.015309524443501522
8,0.04687749811894469,0.015309524443501522
9,0.04687749811894469,0.015309524443501522
10,0.04687749811894469,0.015309524443501522
