,beta,tau
0,0.00398845254282919,0.014019374067169677
1,0.00398845254282919,0.014019374067169677
2,0.00398845254282919,0.014019374067169677
3,0.00398845254282919,0.014019374067169677
4,0.00398845254282919,0.014019374067169677
5,0.00398845254282919,0.014019374067169677
6,0.00398845254282919,0.014019374067169677
7,0.00398845254282919,0.014019374067169677
8,0.00398845254282919,0.014019374067169677
9,0.00398845254282919,0.014019374067169677
10,0.00398845254282919,0.014019374067169677
