,beta,tau
0,1.7653345369377349e-15,0.013145854283880366
1,1.7653345369377349e-15,0.013145854283880366
2,1.7653345369377349e-15,0.013145854283880366
3,1.7653345369377349e-15,0.013145854283880366
4,1.7653345369377349e-15,0.013145854283880366
5,1.7653345369377349e-15,0.013145854283880366
