,beta,tau
0,0.21991494357617003,0.016142313470697934
1,0.21991494357617003,0.016142313470697934
2,0.21991494357617003,0.016142313470697934
3,0.21991494357617003,0.016142313470697934
4,0.21991494357617003,0.016142313470697934
5,0.21991494357617003,0.016142313470697934
