,beta,tau
0,0.03342228408209978,0.01302006191331927
1,0.03342228408209978,0.01302006191331927
2,0.03342228408209978,0.01302006191331927
3,0.03342228408209978,0.01302006191331927
4,0.03342228408209978,0.01302006191331927
5,0.03342228408209978,0.01302006191331927
