,beta,tau
0,1.2297537887262355,0.014960118081648422
1,1.2297537887262355,0.014960118081648422
2,1.2297537887262355,0.014960118081648422
3,1.2297537887262355,0.014960118081648422
4,1.2297537887262355,0.014960118081648422
5,1.2297537887262355,0.014960118081648422
