,beta,tau
0,0.05269622827453478,0.015570779328726959
1,0.05269622827453478,0.015570779328726959
2,0.05269622827453478,0.015570779328726959
3,0.05269622827453478,0.015570779328726959
4,0.05269622827453478,0.015570779328726959
5,0.05269622827453478,0.015570779328726959
6,0.05269622827453478,0.015570779328726959
7,0.05269622827453478,0.015570779328726959
8,0.05269622827453478,0.015570779328726959
9,0.05269622827453478,0.015570779328726959
10,0.05269622827453478,0.015570779328726959
