,beta,tau
0,1e-16,0.013518185218717827
1,1e-16,0.013518185218717827
2,1e-16,0.013518185218717827
3,1e-16,0.013518185218717827
4,1e-16,0.013518185218717827
5,1e-16,0.013518185218717827
