,beta,tau
0,0.14897125635999497,0.016489474789987513
1,0.14897125635999497,0.016489474789987513
2,0.14897125635999497,0.016489474789987513
3,0.14897125635999497,0.016489474789987513
4,0.14897125635999497,0.016489474789987513
5,0.14897125635999497,0.016489474789987513
