,beta,tau
0,1.1767730794305513,0.01686165482349854
1,1.1767730794305513,0.01686165482349854
2,1.1767730794305513,0.01686165482349854
3,1.1767730794305513,0.01686165482349854
4,1.1767730794305513,0.01686165482349854
5,1.1767730794305513,0.01686165482349854
6,1.1767730794305513,0.01686165482349854
7,1.1767730794305513,0.01686165482349854
8,1.1767730794305513,0.01686165482349854
9,1.1767730794305513,0.01686165482349854
10,1.1767730794305513,0.01686165482349854
