,beta,tau
0,0.8950939181014795,0.008089772271313678
1,0.8950939181014795,0.008089772271313678
2,0.8950939181014795,0.008089772271313678
3,0.8950939181014795,0.008089772271313678
4,0.8950939181014795,0.008089772271313678
5,0.8950939181014795,0.008089772271313678
6,0.8950939181014795,0.008089772271313678
7,0.8950939181014795,0.008089772271313678
8,0.8950939181014795,0.008089772271313678
9,0.8950939181014795,0.008089772271313678
10,0.8950939181014795,0.008089772271313678
