,beta,tau
0,0.17698085631188865,0.016196258898192973
1,0.17698085631188865,0.016196258898192973
2,0.17698085631188865,0.016196258898192973
3,0.17698085631188865,0.016196258898192973
4,0.17698085631188865,0.016196258898192973
5,0.17698085631188865,0.016196258898192973
