,beta,tau
0,0.13176559479327787,0.01568753026208024
1,0.13176559479327787,0.01568753026208024
2,0.13176559479327787,0.01568753026208024
3,0.13176559479327787,0.01568753026208024
4,0.13176559479327787,0.01568753026208024
5,0.13176559479327787,0.01568753026208024
6,0.13176559479327787,0.01568753026208024
7,0.13176559479327787,0.01568753026208024
8,0.13176559479327787,0.01568753026208024
9,0.13176559479327787,0.01568753026208024
10,0.13176559479327787,0.01568753026208024
