,beta,tau
0,0.01469573891966124,0.013881771807100585
1,0.01469573891966124,0.013881771807100585
2,0.01469573891966124,0.013881771807100585
3,0.01469573891966124,0.013881771807100585
4,0.01469573891966124,0.013881771807100585
5,0.01469573891966124,0.013881771807100585
6,0.01469573891966124,0.013881771807100585
7,0.01469573891966124,0.013881771807100585
8,0.01469573891966124,0.013881771807100585
9,0.01469573891966124,0.013881771807100585
10,0.01469573891966124,0.013881771807100585
