,beta,tau
0,6.206226635438361e-15,0.0133436440760638
1,6.206226635438361e-15,0.0133436440760638
2,6.206226635438361e-15,0.0133436440760638
3,6.206226635438361e-15,0.0133436440760638
4,6.206226635438361e-15,0.0133436440760638
5,6.206226635438361e-15,0.0133436440760638
6,6.206226635438361e-15,0.0133436440760638
7,6.206226635438361e-15,0.0133436440760638
8,6.206226635438361e-15,0.0133436440760638
9,6.206226635438361e-15,0.0133436440760638
10,6.206226635438361e-15,0.0133436440760638
