,beta,tau
0,0.8967993462730263,0.017417006941946134
1,0.8967993462730263,0.017417006941946134
2,0.8967993462730263,0.017417006941946134
3,0.8967993462730263,0.017417006941946134
4,0.8967993462730263,0.017417006941946134
5,0.8967993462730263,0.017417006941946134
