,beta,tau
0,1e-16,0.013855821866903362
1,1e-16,0.013855821866903362
2,1e-16,0.013855821866903362
3,1e-16,0.013855821866903362
4,1e-16,0.013855821866903362
5,1e-16,0.013855821866903362
