,beta,tau
0,0.555690527750778,0.01677546425585773
1,0.555690527750778,0.01677546425585773
2,0.555690527750778,0.01677546425585773
3,0.555690527750778,0.01677546425585773
4,0.555690527750778,0.01677546425585773
5,0.555690527750778,0.01677546425585773
6,0.555690527750778,0.01677546425585773
7,0.555690527750778,0.01677546425585773
8,0.555690527750778,0.01677546425585773
9,0.555690527750778,0.01677546425585773
10,0.555690527750778,0.01677546425585773
