,beta,tau
0,2.299489106977953,0.01969676318769441
1,2.299489106977953,0.01969676318769441
2,2.299489106977953,0.01969676318769441
3,2.299489106977953,0.01969676318769441
4,2.299489106977953,0.01969676318769441
5,2.299489106977953,0.01969676318769441
