,beta,tau
0,0.12842188456113524,0.01590518023855191
1,0.12842188456113524,0.01590518023855191
2,0.12842188456113524,0.01590518023855191
3,0.12842188456113524,0.01590518023855191
4,0.12842188456113524,0.01590518023855191
5,0.12842188456113524,0.01590518023855191
