,beta,tau
0,6.551115123125783e-16,0.013790196216926332
1,6.551115123125783e-16,0.013790196216926332
2,6.551115123125783e-16,0.013790196216926332
3,6.551115123125783e-16,0.013790196216926332
4,6.551115123125783e-16,0.013790196216926332
5,6.551115123125783e-16,0.013790196216926332
