,beta,tau
0,0.40929246706931666,0.016328467986898677
1,0.40929246706931666,0.016328467986898677
2,0.40929246706931666,0.016328467986898677
3,0.40929246706931666,0.016328467986898677
4,0.40929246706931666,0.016328467986898677
5,0.40929246706931666,0.016328467986898677
