,beta,tau
0,0.29544380025970607,0.01379391379280347
1,0.29544380025970607,0.01379391379280347
2,0.29544380025970607,0.01379391379280347
3,0.29544380025970607,0.01379391379280347
4,0.29544380025970607,0.01379391379280347
5,0.29544380025970607,0.01379391379280347
