,beta,tau
0,0.01585497149205094,0.013137468357976679
1,0.01585497149205094,0.013137468357976679
2,0.01585497149205094,0.013137468357976679
3,0.01585497149205094,0.013137468357976679
4,0.01585497149205094,0.013137468357976679
5,0.01585497149205094,0.013137468357976679
6,0.01585497149205094,0.013137468357976679
7,0.01585497149205094,0.013137468357976679
8,0.01585497149205094,0.013137468357976679
9,0.01585497149205094,0.013137468357976679
10,0.01585497149205094,0.013137468357976679
