,beta,tau
0,1.8628981545804764,0.007662981714564132
1,1.8628981545804764,0.007662981714564132
2,1.8628981545804764,0.007662981714564132
3,1.8628981545804764,0.007662981714564132
4,1.8628981545804764,0.007662981714564132
5,1.8628981545804764,0.007662981714564132
