,beta,tau
0,0.057488670841340336,0.014715866891233487
1,0.057488670841340336,0.014715866891233487
2,0.057488670841340336,0.014715866891233487
3,0.057488670841340336,0.014715866891233487
4,0.057488670841340336,0.014715866891233487
5,0.057488670841340336,0.014715866891233487
