,beta,tau
0,1.5067975563514502,0.016849516295555745
1,1.5067975563514502,0.016849516295555745
2,1.5067975563514502,0.016849516295555745
3,1.5067975563514502,0.016849516295555745
4,1.5067975563514502,0.016849516295555745
5,1.5067975563514502,0.016849516295555745
6,1.5067975563514502,0.016849516295555745
7,1.5067975563514502,0.016849516295555745
8,1.5067975563514502,0.016849516295555745
9,1.5067975563514502,0.016849516295555745
10,1.5067975563514502,0.016849516295555745
