,beta,tau
0,1.1885512811867711,0.017865923298224885
1,1.1885512811867711,0.017865923298224885
2,1.1885512811867711,0.017865923298224885
3,1.1885512811867711,0.017865923298224885
4,1.1885512811867711,0.017865923298224885
5,1.1885512811867711,0.017865923298224885
