,beta,tau
0,0.19166034212139982,0.016600072333966643
1,0.19166034212139982,0.016600072333966643
2,0.19166034212139982,0.016600072333966643
3,0.19166034212139982,0.016600072333966643
4,0.19166034212139982,0.016600072333966643
5,0.19166034212139982,0.016600072333966643
