,beta,tau
0,0.0339146486044629,0.014844411019238158
1,0.0339146486044629,0.014844411019238158
2,0.0339146486044629,0.014844411019238158
3,0.0339146486044629,0.014844411019238158
4,0.0339146486044629,0.014844411019238158
5,0.0339146486044629,0.014844411019238158
6,0.0339146486044629,0.014844411019238158
7,0.0339146486044629,0.014844411019238158
8,0.0339146486044629,0.014844411019238158
9,0.0339146486044629,0.014844411019238158
10,0.0339146486044629,0.014844411019238158
