,beta,tau
0,0.8657009576777298,0.01791311788488913
1,0.8657009576777298,0.01791311788488913
2,0.8657009576777298,0.01791311788488913
3,0.8657009576777298,0.01791311788488913
4,0.8657009576777298,0.01791311788488913
5,0.8657009576777298,0.01791311788488913
