,beta,tau
0,2.8755575615628914e-15,0.013325059120568129
1,2.8755575615628914e-15,0.013325059120568129
2,2.8755575615628914e-15,0.013325059120568129
3,2.8755575615628914e-15,0.013325059120568129
4,2.8755575615628914e-15,0.013325059120568129
5,2.8755575615628914e-15,0.013325059120568129
