,beta,tau
0,6.551115123125783e-16,0.01369879012879337
1,6.551115123125783e-16,0.01369879012879337
2,6.551115123125783e-16,0.01369879012879337
3,6.551115123125783e-16,0.01369879012879337
4,6.551115123125783e-16,0.01369879012879337
5,6.551115123125783e-16,0.01369879012879337
6,6.551115123125783e-16,0.01369879012879337
7,6.551115123125783e-16,0.01369879012879337
8,6.551115123125783e-16,0.01369879012879337
9,6.551115123125783e-16,0.01369879012879337
10,6.551115123125783e-16,0.01369879012879337
