,beta,tau
0,0.059871546530441785,0.015794091073724304
1,0.059871546530441785,0.015794091073724304
2,0.059871546530441785,0.015794091073724304
3,0.059871546530441785,0.015794091073724304
4,0.059871546530441785,0.015794091073724304
5,0.059871546530441785,0.015794091073724304
