,beta,tau
0,0.2946476532539356,0.016713833531407197
1,0.2946476532539356,0.016713833531407197
2,0.2946476532539356,0.016713833531407197
3,0.2946476532539356,0.016713833531407197
4,0.2946476532539356,0.016713833531407197
5,0.2946476532539356,0.016713833531407197
