,beta,tau
0,0.005256789957700059,0.01457488460861699
1,0.005256789957700059,0.01457488460861699
2,0.005256789957700059,0.01457488460861699
3,0.005256789957700059,0.01457488460861699
4,0.005256789957700059,0.01457488460861699
5,0.005256789957700059,0.01457488460861699
6,0.005256789957700059,0.01457488460861699
7,0.005256789957700059,0.01457488460861699
8,0.005256789957700059,0.01457488460861699
9,0.005256789957700059,0.01457488460861699
10,0.005256789957700059,0.01457488460861699
