,beta,tau
0,0.12581673387390035,0.016107179811646433
1,0.12581673387390035,0.016107179811646433
2,0.12581673387390035,0.016107179811646433
3,0.12581673387390035,0.016107179811646433
4,0.12581673387390035,0.016107179811646433
5,0.12581673387390035,0.016107179811646433
