,beta,tau
0,1e-16,0.01370891505786297
1,1e-16,0.01370891505786297
2,1e-16,0.01370891505786297
3,1e-16,0.01370891505786297
4,1e-16,0.01370891505786297
5,1e-16,0.01370891505786297
