,beta,tau
0,0.06468814149760481,0.015501703502736153
1,0.06468814149760481,0.015501703502736153
2,0.06468814149760481,0.015501703502736153
3,0.06468814149760481,0.015501703502736153
4,0.06468814149760481,0.015501703502736153
5,0.06468814149760481,0.015501703502736153
6,0.06468814149760481,0.015501703502736153
7,0.06468814149760481,0.015501703502736153
8,0.06468814149760481,0.015501703502736153
9,0.06468814149760481,0.015501703502736153
10,0.06468814149760481,0.015501703502736153
