,beta,tau
0,0.5041539903207921,0.016719051611210446
1,0.5041539903207921,0.016719051611210446
2,0.5041539903207921,0.016719051611210446
3,0.5041539903207921,0.016719051611210446
4,0.5041539903207921,0.016719051611210446
5,0.5041539903207921,0.016719051611210446
6,0.5041539903207921,0.016719051611210446
7,0.5041539903207921,0.016719051611210446
8,0.5041539903207921,0.016719051611210446
9,0.5041539903207921,0.016719051611210446
10,0.5041539903207921,0.016719051611210446
