,beta,tau
0,0.5452120625168995,0.01660549157629986
1,0.5452120625168995,0.01660549157629986
2,0.5452120625168995,0.01660549157629986
3,0.5452120625168995,0.01660549157629986
4,0.5452120625168995,0.01660549157629986
5,0.5452120625168995,0.01660549157629986
