,beta,tau
0,1e-16,0.0135589273259069
1,1e-16,0.0135589273259069
2,1e-16,0.0135589273259069
3,1e-16,0.0135589273259069
4,1e-16,0.0135589273259069
5,1e-16,0.0135589273259069
6,1e-16,0.0135589273259069
7,1e-16,0.0135589273259069
8,1e-16,0.0135589273259069
9,1e-16,0.0135589273259069
10,1e-16,0.0135589273259069
