,beta,tau
0,0.16560892709487085,0.016270338412692865
1,0.16560892709487085,0.016270338412692865
2,0.16560892709487085,0.016270338412692865
3,0.16560892709487085,0.016270338412692865
4,0.16560892709487085,0.016270338412692865
5,0.16560892709487085,0.016270338412692865
