,beta,tau
0,0.25373582147626594,0.016391583100228802
1,0.25373582147626594,0.016391583100228802
2,0.25373582147626594,0.016391583100228802
3,0.25373582147626594,0.016391583100228802
4,0.25373582147626594,0.016391583100228802
5,0.25373582147626594,0.016391583100228802
6,0.25373582147626594,0.016391583100228802
7,0.25373582147626594,0.016391583100228802
8,0.25373582147626594,0.016391583100228802
9,0.25373582147626594,0.016391583100228802
10,0.25373582147626594,0.016391583100228802
