,beta,tau
0,0.09280914216183221,0.014633499760682945
1,0.09280914216183221,0.014633499760682945
2,0.09280914216183221,0.014633499760682945
3,0.09280914216183221,0.014633499760682945
4,0.09280914216183221,0.014633499760682945
5,0.09280914216183221,0.014633499760682945
