,beta,tau
0,0.10169806665249646,0.015813181813049238
1,0.10169806665249646,0.015813181813049238
2,0.10169806665249646,0.015813181813049238
3,0.10169806665249646,0.015813181813049238
4,0.10169806665249646,0.015813181813049238
5,0.10169806665249646,0.015813181813049238
6,0.10169806665249646,0.015813181813049238
7,0.10169806665249646,0.015813181813049238
8,0.10169806665249646,0.015813181813049238
9,0.10169806665249646,0.015813181813049238
10,0.10169806665249646,0.015813181813049238
