,beta,tau
0,0.37005428516498695,0.01641328836943522
1,0.37005428516498695,0.01641328836943522
2,0.37005428516498695,0.01641328836943522
3,0.37005428516498695,0.01641328836943522
4,0.37005428516498695,0.01641328836943522
5,0.37005428516498695,0.01641328836943522
6,0.37005428516498695,0.01641328836943522
7,0.37005428516498695,0.01641328836943522
8,0.37005428516498695,0.01641328836943522
9,0.37005428516498695,0.01641328836943522
10,0.37005428516498695,0.01641328836943522
