,beta,tau
0,0.2277156782009211,0.0164127064091114
1,0.2277156782009211,0.0164127064091114
2,0.2277156782009211,0.0164127064091114
3,0.2277156782009211,0.0164127064091114
4,0.2277156782009211,0.0164127064091114
5,0.2277156782009211,0.0164127064091114
6,0.2277156782009211,0.0164127064091114
7,0.2277156782009211,0.0164127064091114
8,0.2277156782009211,0.0164127064091114
9,0.2277156782009211,0.0164127064091114
10,0.2277156782009211,0.0164127064091114
