,beta,tau
0,0.12549503024249298,0.011777065484998673
1,0.12549503024249298,0.011777065484998673
2,0.12549503024249298,0.011777065484998673
3,0.12549503024249298,0.011777065484998673
4,0.12549503024249298,0.011777065484998673
5,0.12549503024249298,0.011777065484998673
6,0.12549503024249298,0.011777065484998673
7,0.12549503024249298,0.011777065484998673
8,0.12549503024249298,0.011777065484998673
9,0.12549503024249298,0.011777065484998673
10,0.12549503024249298,0.011777065484998673
