,beta,tau
0,0.2836174296412681,0.016362094193295807
1,0.2836174296412681,0.016362094193295807
2,0.2836174296412681,0.016362094193295807
3,0.2836174296412681,0.016362094193295807
4,0.2836174296412681,0.016362094193295807
5,0.2836174296412681,0.016362094193295807
6,0.2836174296412681,0.016362094193295807
7,0.2836174296412681,0.016362094193295807
8,0.2836174296412681,0.016362094193295807
9,0.2836174296412681,0.016362094193295807
10,0.2836174296412681,0.016362094193295807
