,beta,tau
0,1.2102230246251566e-15,0.013286211755554434
1,1.2102230246251566e-15,0.013286211755554434
2,1.2102230246251566e-15,0.013286211755554434
3,1.2102230246251566e-15,0.013286211755554434
4,1.2102230246251566e-15,0.013286211755554434
5,1.2102230246251566e-15,0.013286211755554434
