,beta,tau
0,0.18338294961600787,0.0163989596588222
1,0.18338294961600787,0.0163989596588222
2,0.18338294961600787,0.0163989596588222
3,0.18338294961600787,0.0163989596588222
4,0.18338294961600787,0.0163989596588222
5,0.18338294961600787,0.0163989596588222
