,beta,tau
0,0.11914059218113292,0.01563043131901264
1,0.11914059218113292,0.01563043131901264
2,0.11914059218113292,0.01563043131901264
3,0.11914059218113292,0.01563043131901264
4,0.11914059218113292,0.01563043131901264
5,0.11914059218113292,0.01563043131901264
6,0.11914059218113292,0.01563043131901264
7,0.11914059218113292,0.01563043131901264
8,0.11914059218113292,0.01563043131901264
9,0.11914059218113292,0.01563043131901264
10,0.11914059218113292,0.01563043131901264
