,beta,tau
0,1e-16,0.01328736931652762
1,1e-16,0.01328736931652762
2,1e-16,0.01328736931652762
3,1e-16,0.01328736931652762
4,1e-16,0.01328736931652762
5,1e-16,0.01328736931652762
6,1e-16,0.01328736931652762
7,1e-16,0.01328736931652762
8,1e-16,0.01328736931652762
9,1e-16,0.01328736931652762
10,1e-16,0.01328736931652762
