,beta,tau
0,0.04201725003400113,0.015500187073340766
1,0.04201725003400113,0.015500187073340766
2,0.04201725003400113,0.015500187073340766
3,0.04201725003400113,0.015500187073340766
4,0.04201725003400113,0.015500187073340766
5,0.04201725003400113,0.015500187073340766
