,beta,tau
0,0.10966249921747061,0.01555862108033278
1,0.10966249921747061,0.01555862108033278
2,0.10966249921747061,0.01555862108033278
3,0.10966249921747061,0.01555862108033278
4,0.10966249921747061,0.01555862108033278
5,0.10966249921747061,0.01555862108033278
6,0.10966249921747061,0.01555862108033278
7,0.10966249921747061,0.01555862108033278
8,0.10966249921747061,0.01555862108033278
9,0.10966249921747061,0.01555862108033278
10,0.10966249921747061,0.01555862108033278
