,beta,tau
0,1.3373008000381152,0.016271938150725463
1,1.3373008000381152,0.016271938150725463
2,1.3373008000381152,0.016271938150725463
3,1.3373008000381152,0.016271938150725463
4,1.3373008000381152,0.016271938150725463
5,1.3373008000381152,0.016271938150725463
6,1.3373008000381152,0.016271938150725463
7,1.3373008000381152,0.016271938150725463
8,1.3373008000381152,0.016271938150725463
9,1.3373008000381152,0.016271938150725463
10,1.3373008000381152,0.016271938150725463
