,beta,tau
0,8.981784197001252e-15,0.013363302262238242
1,8.981784197001252e-15,0.013363302262238242
2,8.981784197001252e-15,0.013363302262238242
3,8.981784197001252e-15,0.013363302262238242
4,8.981784197001252e-15,0.013363302262238242
5,8.981784197001252e-15,0.013363302262238242
