,beta,tau
0,1e-16,0.013451527008714426
1,1e-16,0.013451527008714426
2,1e-16,0.013451527008714426
3,1e-16,0.013451527008714426
4,1e-16,0.013451527008714426
5,1e-16,0.013451527008714426
6,1e-16,0.013451527008714426
7,1e-16,0.013451527008714426
8,1e-16,0.013451527008714426
9,1e-16,0.013451527008714426
10,1e-16,0.013451527008714426
