,beta,tau
0,0.25943379235138686,0.016047714268355818
1,0.25943379235138686,0.016047714268355818
2,0.25943379235138686,0.016047714268355818
3,0.25943379235138686,0.016047714268355818
4,0.25943379235138686,0.016047714268355818
5,0.25943379235138686,0.016047714268355818
