,beta,tau
0,1.2102230246251566e-15,0.013485054902419125
1,1.2102230246251566e-15,0.013485054902419125
2,1.2102230246251566e-15,0.013485054902419125
3,1.2102230246251566e-15,0.013485054902419125
4,1.2102230246251566e-15,0.013485054902419125
5,1.2102230246251566e-15,0.013485054902419125
