,beta,tau
0,0.6158081060953675,0.01672413841193553
1,0.6158081060953675,0.01672413841193553
2,0.6158081060953675,0.01672413841193553
3,0.6158081060953675,0.01672413841193553
4,0.6158081060953675,0.01672413841193553
5,0.6158081060953675,0.01672413841193553
6,0.6158081060953675,0.01672413841193553
7,0.6158081060953675,0.01672413841193553
8,0.6158081060953675,0.01672413841193553
9,0.6158081060953675,0.01672413841193553
10,0.6158081060953675,0.01672413841193553
