,beta,tau
0,0.06419250713314627,0.015775454470641315
1,0.06419250713314627,0.015775454470641315
2,0.06419250713314627,0.015775454470641315
3,0.06419250713314627,0.015775454470641315
4,0.06419250713314627,0.015775454470641315
5,0.06419250713314627,0.015775454470641315
