,beta,tau
0,2.8755575615628914e-15,0.014261703753771882
1,2.8755575615628914e-15,0.014261703753771882
2,2.8755575615628914e-15,0.014261703753771882
3,2.8755575615628914e-15,0.014261703753771882
4,2.8755575615628914e-15,0.014261703753771882
5,2.8755575615628914e-15,0.014261703753771882
