,beta,tau
0,0.17029555283153652,0.015906514155175733
1,0.17029555283153652,0.015906514155175733
2,0.17029555283153652,0.015906514155175733
3,0.17029555283153652,0.015906514155175733
4,0.17029555283153652,0.015906514155175733
5,0.17029555283153652,0.015906514155175733
6,0.17029555283153652,0.015906514155175733
7,0.17029555283153652,0.015906514155175733
8,0.17029555283153652,0.015906514155175733
9,0.17029555283153652,0.015906514155175733
10,0.17029555283153652,0.015906514155175733
