,beta,tau
0,0.5213379953253151,0.016865674194548975
1,0.5213379953253151,0.016865674194548975
2,0.5213379953253151,0.016865674194548975
3,0.5213379953253151,0.016865674194548975
4,0.5213379953253151,0.016865674194548975
5,0.5213379953253151,0.016865674194548975
