,beta,tau
0,0.02997445548523613,0.014152554381908867
1,0.02997445548523613,0.014152554381908867
2,0.02997445548523613,0.014152554381908867
3,0.02997445548523613,0.014152554381908867
4,0.02997445548523613,0.014152554381908867
5,0.02997445548523613,0.014152554381908867
