,beta,tau
0,0.6303070810974993,0.016712837712000262
1,0.6303070810974993,0.016712837712000262
2,0.6303070810974993,0.016712837712000262
3,0.6303070810974993,0.016712837712000262
4,0.6303070810974993,0.016712837712000262
5,0.6303070810974993,0.016712837712000262
