,beta,tau
0,0.9541298963567536,0.01206139630778379
1,0.9541298963567536,0.01206139630778379
2,0.9541298963567536,0.01206139630778379
3,0.9541298963567536,0.01206139630778379
4,0.9541298963567536,0.01206139630778379
5,0.9541298963567536,0.01206139630778379
