,beta,tau
0,0.05233982121497459,0.015073346019695111
1,0.05233982121497459,0.015073346019695111
2,0.05233982121497459,0.015073346019695111
3,0.05233982121497459,0.015073346019695111
4,0.05233982121497459,0.015073346019695111
5,0.05233982121497459,0.015073346019695111
