,beta,tau
0,0.3060996492726282,0.0166099630045503
1,0.3060996492726282,0.0166099630045503
2,0.3060996492726282,0.0166099630045503
3,0.3060996492726282,0.0166099630045503
4,0.3060996492726282,0.0166099630045503
5,0.3060996492726282,0.0166099630045503
