,beta,tau
0,6.551115123125783e-16,0.01313861094516432
1,6.551115123125783e-16,0.01313861094516432
2,6.551115123125783e-16,0.01313861094516432
3,6.551115123125783e-16,0.01313861094516432
4,6.551115123125783e-16,0.01313861094516432
5,6.551115123125783e-16,0.01313861094516432
6,6.551115123125783e-16,0.01313861094516432
7,6.551115123125783e-16,0.01313861094516432
8,6.551115123125783e-16,0.01313861094516432
9,6.551115123125783e-16,0.01313861094516432
10,6.551115123125783e-16,0.01313861094516432
