,beta,tau
0,1.2588403361621237,0.01841995902003578
1,1.2588403361621237,0.01841995902003578
2,1.2588403361621237,0.01841995902003578
3,1.2588403361621237,0.01841995902003578
4,1.2588403361621237,0.01841995902003578
5,1.2588403361621237,0.01841995902003578
