,beta,tau
0,0.11993412175681183,0.015778556638608266
1,0.11993412175681183,0.015778556638608266
2,0.11993412175681183,0.015778556638608266
3,0.11993412175681183,0.015778556638608266
4,0.11993412175681183,0.015778556638608266
5,0.11993412175681183,0.015778556638608266
