,beta,tau
0,0.07897695970397144,0.01584239359519245
1,0.07897695970397144,0.01584239359519245
2,0.07897695970397144,0.01584239359519245
3,0.07897695970397144,0.01584239359519245
4,0.07897695970397144,0.01584239359519245
5,0.07897695970397144,0.01584239359519245
