,beta,tau
0,0.7031517950749834,0.016870796980540493
1,0.7031517950749834,0.016870796980540493
2,0.7031517950749834,0.016870796980540493
3,0.7031517950749834,0.016870796980540493
4,0.7031517950749834,0.016870796980540493
5,0.7031517950749834,0.016870796980540493
6,0.7031517950749834,0.016870796980540493
7,0.7031517950749834,0.016870796980540493
8,0.7031517950749834,0.016870796980540493
9,0.7031517950749834,0.016870796980540493
10,0.7031517950749834,0.016870796980540493
