,beta,tau
0,0.027152545388604666,0.014960047484736217
1,0.027152545388604666,0.014960047484736217
2,0.027152545388604666,0.014960047484736217
3,0.027152545388604666,0.014960047484736217
4,0.027152545388604666,0.014960047484736217
5,0.027152545388604666,0.014960047484736217
