,beta,tau
0,0.418884849997065,0.01646285129585322
1,0.418884849997065,0.01646285129585322
2,0.418884849997065,0.01646285129585322
3,0.418884849997065,0.01646285129585322
4,0.418884849997065,0.01646285129585322
5,0.418884849997065,0.01646285129585322
6,0.418884849997065,0.01646285129585322
7,0.418884849997065,0.01646285129585322
8,0.418884849997065,0.01646285129585322
9,0.418884849997065,0.01646285129585322
10,0.418884849997065,0.01646285129585322
