,beta,tau
0,1e-16,0.013869736448728454
1,1e-16,0.013869736448728454
2,1e-16,0.013869736448728454
3,1e-16,0.013869736448728454
4,1e-16,0.013869736448728454
5,1e-16,0.013869736448728454
6,1e-16,0.013869736448728454
7,1e-16,0.013869736448728454
8,1e-16,0.013869736448728454
9,1e-16,0.013869736448728454
10,1e-16,0.013869736448728454
