,beta,tau
0,0.04568725609053979,0.014745384716000166
1,0.04568725609053979,0.014745384716000166
2,0.04568725609053979,0.014745384716000166
3,0.04568725609053979,0.014745384716000166
4,0.04568725609053979,0.014745384716000166
5,0.04568725609053979,0.014745384716000166
6,0.04568725609053979,0.014745384716000166
7,0.04568725609053979,0.014745384716000166
8,0.04568725609053979,0.014745384716000166
9,0.04568725609053979,0.014745384716000166
10,0.04568725609053979,0.014745384716000166
