,beta,tau
0,0.03821298439578412,0.014849539982428429
1,0.03821298439578412,0.014849539982428429
2,0.03821298439578412,0.014849539982428429
3,0.03821298439578412,0.014849539982428429
4,0.03821298439578412,0.014849539982428429
5,0.03821298439578412,0.014849539982428429
