,beta,tau
0,0.1030750236616552,0.015688369079096088
1,0.1030750236616552,0.015688369079096088
2,0.1030750236616552,0.015688369079096088
3,0.1030750236616552,0.015688369079096088
4,0.1030750236616552,0.015688369079096088
5,0.1030750236616552,0.015688369079096088
6,0.1030750236616552,0.015688369079096088
7,0.1030750236616552,0.015688369079096088
8,0.1030750236616552,0.015688369079096088
9,0.1030750236616552,0.015688369079096088
10,0.1030750236616552,0.015688369079096088
