,beta,tau
0,0.2894634712959633,0.016447176527419994
1,0.2894634712959633,0.016447176527419994
2,0.2894634712959633,0.016447176527419994
3,0.2894634712959633,0.016447176527419994
4,0.2894634712959633,0.016447176527419994
5,0.2894634712959633,0.016447176527419994
6,0.2894634712959633,0.016447176527419994
7,0.2894634712959633,0.016447176527419994
8,0.2894634712959633,0.016447176527419994
9,0.2894634712959633,0.016447176527419994
10,0.2894634712959633,0.016447176527419994
