,beta,tau
0,0.03173868317491789,0.013680571534081632
1,0.03173868317491789,0.013680571534081632
2,0.03173868317491789,0.013680571534081632
3,0.03173868317491789,0.013680571534081632
4,0.03173868317491789,0.013680571534081632
5,0.03173868317491789,0.013680571534081632
6,0.03173868317491789,0.013680571534081632
7,0.03173868317491789,0.013680571534081632
8,0.03173868317491789,0.013680571534081632
9,0.03173868317491789,0.013680571534081632
10,0.03173868317491789,0.013680571534081632
