,beta,tau
0,0.3084592401999515,0.01650268999221115
1,0.3084592401999515,0.01650268999221115
2,0.3084592401999515,0.01650268999221115
3,0.3084592401999515,0.01650268999221115
4,0.3084592401999515,0.01650268999221115
5,0.3084592401999515,0.01650268999221115
6,0.3084592401999515,0.01650268999221115
7,0.3084592401999515,0.01650268999221115
8,0.3084592401999515,0.01650268999221115
9,0.3084592401999515,0.01650268999221115
10,0.3084592401999515,0.01650268999221115
