,beta,tau
0,0.06504469586250404,0.015418316220118345
1,0.06504469586250404,0.015418316220118345
2,0.06504469586250404,0.015418316220118345
3,0.06504469586250404,0.015418316220118345
4,0.06504469586250404,0.015418316220118345
5,0.06504469586250404,0.015418316220118345
