,beta,tau
0,0.02385293762541939,0.014579928726269998
1,0.02385293762541939,0.014579928726269998
2,0.02385293762541939,0.014579928726269998
3,0.02385293762541939,0.014579928726269998
4,0.02385293762541939,0.014579928726269998
5,0.02385293762541939,0.014579928726269998
6,0.02385293762541939,0.014579928726269998
7,0.02385293762541939,0.014579928726269998
8,0.02385293762541939,0.014579928726269998
9,0.02385293762541939,0.014579928726269998
10,0.02385293762541939,0.014579928726269998
