,beta,tau
0,0.06758964346062611,0.01535211457625928
1,0.06758964346062611,0.01535211457625928
2,0.06758964346062611,0.01535211457625928
3,0.06758964346062611,0.01535211457625928
4,0.06758964346062611,0.01535211457625928
5,0.06758964346062611,0.01535211457625928
6,0.06758964346062611,0.01535211457625928
7,0.06758964346062611,0.01535211457625928
8,0.06758964346062611,0.01535211457625928
9,0.06758964346062611,0.01535211457625928
10,0.06758964346062611,0.01535211457625928
