,beta,tau
0,0.029990172521291537,0.014614770218608453
1,0.029990172521291537,0.014614770218608453
2,0.029990172521291537,0.014614770218608453
3,0.029990172521291537,0.014614770218608453
4,0.029990172521291537,0.014614770218608453
5,0.029990172521291537,0.014614770218608453
6,0.029990172521291537,0.014614770218608453
7,0.029990172521291537,0.014614770218608453
8,0.029990172521291537,0.014614770218608453
9,0.029990172521291537,0.014614770218608453
10,0.029990172521291537,0.014614770218608453
