,beta,tau
0,0.6077550922138715,0.016462547737264955
1,0.6077550922138715,0.016462547737264955
2,0.6077550922138715,0.016462547737264955
3,0.6077550922138715,0.016462547737264955
4,0.6077550922138715,0.016462547737264955
5,0.6077550922138715,0.016462547737264955
6,0.6077550922138715,0.016462547737264955
7,0.6077550922138715,0.016462547737264955
8,0.6077550922138715,0.016462547737264955
9,0.6077550922138715,0.016462547737264955
10,0.6077550922138715,0.016462547737264955
