,beta,tau
0,0.11667274773638169,0.015911117370286488
1,0.11667274773638169,0.015911117370286488
2,0.11667274773638169,0.015911117370286488
3,0.11667274773638169,0.015911117370286488
4,0.11667274773638169,0.015911117370286488
5,0.11667274773638169,0.015911117370286488
6,0.11667274773638169,0.015911117370286488
7,0.11667274773638169,0.015911117370286488
8,0.11667274773638169,0.015911117370286488
9,0.11667274773638169,0.015911117370286488
10,0.11667274773638169,0.015911117370286488
