,beta,tau
0,0.3057727031891434,0.016331504099019834
1,0.3057727031891434,0.016331504099019834
2,0.3057727031891434,0.016331504099019834
3,0.3057727031891434,0.016331504099019834
4,0.3057727031891434,0.016331504099019834
5,0.3057727031891434,0.016331504099019834
6,0.3057727031891434,0.016331504099019834
7,0.3057727031891434,0.016331504099019834
8,0.3057727031891434,0.016331504099019834
9,0.3057727031891434,0.016331504099019834
10,0.3057727031891434,0.016331504099019834
