,beta,tau
0,0.17718436318816488,0.01650981614759527
1,0.17718436318816488,0.01650981614759527
2,0.17718436318816488,0.01650981614759527
3,0.17718436318816488,0.01650981614759527
4,0.17718436318816488,0.01650981614759527
5,0.17718436318816488,0.01650981614759527
