,beta,tau
0,0.3455612360461847,0.01649210837594294
1,0.3455612360461847,0.01649210837594294
2,0.3455612360461847,0.01649210837594294
3,0.3455612360461847,0.01649210837594294
4,0.3455612360461847,0.01649210837594294
5,0.3455612360461847,0.01649210837594294
6,0.3455612360461847,0.01649210837594294
7,0.3455612360461847,0.01649210837594294
8,0.3455612360461847,0.01649210837594294
9,0.3455612360461847,0.01649210837594294
10,0.3455612360461847,0.01649210837594294
