,beta,tau
0,0.023748071212250744,0.015013395689828613
1,0.023748071212250744,0.015013395689828613
2,0.023748071212250744,0.015013395689828613
3,0.023748071212250744,0.015013395689828613
4,0.023748071212250744,0.015013395689828613
5,0.023748071212250744,0.015013395689828613
