,beta,tau
0,0.020940974679930602,0.01419883829126677
1,0.020940974679930602,0.01419883829126677
2,0.020940974679930602,0.01419883829126677
3,0.020940974679930602,0.01419883829126677
4,0.020940974679930602,0.01419883829126677
5,0.020940974679930602,0.01419883829126677
6,0.020940974679930602,0.01419883829126677
7,0.020940974679930602,0.01419883829126677
8,0.020940974679930602,0.01419883829126677
9,0.020940974679930602,0.01419883829126677
10,0.020940974679930602,0.01419883829126677
