,beta,tau
0,0.26463495522864655,0.016319271659363078
1,0.26463495522864655,0.016319271659363078
2,0.26463495522864655,0.016319271659363078
3,0.26463495522864655,0.016319271659363078
4,0.26463495522864655,0.016319271659363078
5,0.26463495522864655,0.016319271659363078
6,0.26463495522864655,0.016319271659363078
7,0.26463495522864655,0.016319271659363078
8,0.26463495522864655,0.016319271659363078
9,0.26463495522864655,0.016319271659363078
10,0.26463495522864655,0.016319271659363078
