,beta,tau
0,0.17893722570603354,0.016156857233543643
1,0.17893722570603354,0.016156857233543643
2,0.17893722570603354,0.016156857233543643
3,0.17893722570603354,0.016156857233543643
4,0.17893722570603354,0.016156857233543643
5,0.17893722570603354,0.016156857233543643
6,0.17893722570603354,0.016156857233543643
7,0.17893722570603354,0.016156857233543643
8,0.17893722570603354,0.016156857233543643
9,0.17893722570603354,0.016156857233543643
10,0.17893722570603354,0.016156857233543643
