,beta,tau,theta
0,9.999999999999796,9.999999999999012,9.94530434776949
1,9.999999999999796,9.999999999999012,9.94530434776949
2,9.999999999999796,9.999999999999012,9.94530434776949
3,9.999999999999796,9.999999999999012,9.94530434776949
4,9.999999999999796,9.999999999999012,9.94530434776949
5,9.999999999999796,9.999999999999012,9.94530434776949
