,tau,theta
0,9.999999999772294,9.999999999946025
1,9.999999999772294,9.999999999946025
2,9.999999999772294,9.999999999946025
3,9.999999999772294,9.999999999946025
4,9.999999999772294,9.999999999946025
5,9.999999999772294,9.999999999946025
6,9.999999999772294,9.999999999946025
7,9.999999999772294,9.999999999946025
8,9.999999999772294,9.999999999946025
9,9.999999999772294,9.999999999946025
10,9.999999999772294,9.999999999946025
