,beta,tau,theta
0,0.5977686592505467,1.0695744657119555,4.194007416812661
1,0.5977686592505467,1.0695744657119555,4.194007416812661
2,0.5977686592505467,1.0695744657119555,4.194007416812661
3,0.5977686592505467,1.0695744657119555,4.194007416812661
4,0.5977686592505467,1.0695744657119555,4.194007416812661
5,0.5977686592505467,1.0695744657119555,4.194007416812661
