,beta,tau,theta
0,0.021221659704126584,4.396059845987442,0.6162395943066241
1,0.021221659704126584,4.396059845987442,0.6162395943066241
2,0.021221659704126584,4.396059845987442,0.6162395943066241
3,0.021221659704126584,4.396059845987442,0.6162395943066241
4,0.021221659704126584,4.396059845987442,0.6162395943066241
5,0.021221659704126584,4.396059845987442,0.6162395943066241
