,beta,tau,theta
0,5.056903149764471,0.048365949035658704,0.8329475442769797
1,5.056903149764471,0.048365949035658704,0.8329475442769797
2,5.056903149764471,0.048365949035658704,0.8329475442769797
3,5.056903149764471,0.048365949035658704,0.8329475442769797
4,5.056903149764471,0.048365949035658704,0.8329475442769797
5,5.056903149764471,0.048365949035658704,0.8329475442769797
