,beta,tau,theta
0,0.3674376863281188,0.0008026899966269041,3.1008477422951106
1,0.3674376863281188,0.0008026899966269041,3.1008477422951106
2,0.3674376863281188,0.0008026899966269041,3.1008477422951106
3,0.3674376863281188,0.0008026899966269041,3.1008477422951106
4,0.3674376863281188,0.0008026899966269041,3.1008477422951106
5,0.3674376863281188,0.0008026899966269041,3.1008477422951106
