,beta,tau,theta
0,9.999999999999865,9.999999999998977,8.918057195863065
1,9.999999999999865,9.999999999998977,8.918057195863065
2,9.999999999999865,9.999999999998977,8.918057195863065
3,9.999999999999865,9.999999999998977,8.918057195863065
4,9.999999999999865,9.999999999998977,8.918057195863065
5,9.999999999999865,9.999999999998977,8.918057195863065
