,tau,theta
0,0.10777107828652054,9.999999998706075
1,0.10777107828652054,9.999999998706075
2,0.10777107828652054,9.999999998706075
3,0.10777107828652054,9.999999998706075
4,0.10777107828652054,9.999999998706075
5,0.10777107828652054,9.999999998706075
6,0.10777107828652054,9.999999998706075
7,0.10777107828652054,9.999999998706075
8,0.10777107828652054,9.999999998706075
9,0.10777107828652054,9.999999998706075
10,0.10777107828652054,9.999999998706075
