,beta,tau,theta
0,0.007738870213812687,9.999999999999238,0.02012655942420626
1,0.007738870213812687,9.999999999999238,0.02012655942420626
2,0.007738870213812687,9.999999999999238,0.02012655942420626
3,0.007738870213812687,9.999999999999238,0.02012655942420626
4,0.007738870213812687,9.999999999999238,0.02012655942420626
5,0.007738870213812687,9.999999999999238,0.02012655942420626
6,0.007738870213812687,9.999999999999238,0.02012655942420626
7,0.007738870213812687,9.999999999999238,0.02012655942420626
8,0.007738870213812687,9.999999999999238,0.02012655942420626
9,0.007738870213812687,9.999999999999238,0.02012655942420626
10,0.007738870213812687,9.999999999999238,0.02012655942420626
