,beta,tau,theta
0,0.07257075932816669,0.0010429627940068298,0.2791725125622553
1,0.07257075932816669,0.0010429627940068298,0.2791725125622553
2,0.07257075932816669,0.0010429627940068298,0.2791725125622553
3,0.07257075932816669,0.0010429627940068298,0.2791725125622553
4,0.07257075932816669,0.0010429627940068298,0.2791725125622553
5,0.07257075932816669,0.0010429627940068298,0.2791725125622553
