,beta,tau,theta
0,0.01794820722467071,0.000441787288549922,0.9137643936936597
1,0.01794820722467071,0.000441787288549922,0.9137643936936597
2,0.01794820722467071,0.000441787288549922,0.9137643936936597
3,0.01794820722467071,0.000441787288549922,0.9137643936936597
4,0.01794820722467071,0.000441787288549922,0.9137643936936597
5,0.01794820722467071,0.000441787288549922,0.9137643936936597
