,tau,theta
0,0.006682902004358049,1.0904249721751809
1,0.006682902004358049,1.0904249721751809
2,0.006682902004358049,1.0904249721751809
3,0.006682902004358049,1.0904249721751809
4,0.006682902004358049,1.0904249721751809
5,0.006682902004358049,1.0904249721751809
