,beta,tau,theta
0,0.6192140697826344,4.68498761552274e-07,2.876944860203822
1,0.6192140697826344,4.68498761552274e-07,2.876944860203822
2,0.6192140697826344,4.68498761552274e-07,2.876944860203822
3,0.6192140697826344,4.68498761552274e-07,2.876944860203822
4,0.6192140697826344,4.68498761552274e-07,2.876944860203822
5,0.6192140697826344,4.68498761552274e-07,2.876944860203822
6,0.6192140697826344,4.68498761552274e-07,2.876944860203822
7,0.6192140697826344,4.68498761552274e-07,2.876944860203822
8,0.6192140697826344,4.68498761552274e-07,2.876944860203822
9,0.6192140697826344,4.68498761552274e-07,2.876944860203822
10,0.6192140697826344,4.68498761552274e-07,2.876944860203822
