,tau,theta
0,0.029265251056691078,0.9096579777104786
1,0.029265251056691078,0.9096579777104786
2,0.029265251056691078,0.9096579777104786
3,0.029265251056691078,0.9096579777104786
4,0.029265251056691078,0.9096579777104786
5,0.029265251056691078,0.9096579777104786
