,beta,tau,theta
0,1e-16,0.26754338011264656,3.5157358790973696e-08
1,1e-16,0.26754338011264656,3.5157358790973696e-08
2,1e-16,0.26754338011264656,3.5157358790973696e-08
3,1e-16,0.26754338011264656,3.5157358790973696e-08
4,1e-16,0.26754338011264656,3.5157358790973696e-08
5,1e-16,0.26754338011264656,3.5157358790973696e-08
