,tau,theta
0,0.022311476388565777,2.4050834617024157
1,0.022311476388565777,2.4050834617024157
2,0.022311476388565777,2.4050834617024157
3,0.022311476388565777,2.4050834617024157
4,0.022311476388565777,2.4050834617024157
5,0.022311476388565777,2.4050834617024157
