,beta,tau,theta
0,0.22515016185565295,0.5723059677125837,1.081045218680246
1,0.22515016185565295,0.5723059677125837,1.081045218680246
2,0.22515016185565295,0.5723059677125837,1.081045218680246
3,0.22515016185565295,0.5723059677125837,1.081045218680246
4,0.22515016185565295,0.5723059677125837,1.081045218680246
5,0.22515016185565295,0.5723059677125837,1.081045218680246
6,0.22515016185565295,0.5723059677125837,1.081045218680246
7,0.22515016185565295,0.5723059677125837,1.081045218680246
8,0.22515016185565295,0.5723059677125837,1.081045218680246
9,0.22515016185565295,0.5723059677125837,1.081045218680246
10,0.22515016185565295,0.5723059677125837,1.081045218680246
