,tau,theta
0,0.015370431341685909,2.2657176201028206
1,0.015370431341685909,2.2657176201028206
2,0.015370431341685909,2.2657176201028206
3,0.015370431341685909,2.2657176201028206
4,0.015370431341685909,2.2657176201028206
5,0.015370431341685909,2.2657176201028206
