,tau,theta
0,9.999999999231115,9.99999999997475
1,9.999999999231115,9.99999999997475
2,9.999999999231115,9.99999999997475
3,9.999999999231115,9.99999999997475
4,9.999999999231115,9.99999999997475
5,9.999999999231115,9.99999999997475
6,9.999999999231115,9.99999999997475
7,9.999999999231115,9.99999999997475
8,9.999999999231115,9.99999999997475
9,9.999999999231115,9.99999999997475
10,9.999999999231115,9.99999999997475
