,beta,tau,theta
0,9.99999999999995,9.999999999999186,9.960537994993508
1,9.99999999999995,9.999999999999186,9.960537994993508
2,9.99999999999995,9.999999999999186,9.960537994993508
3,9.99999999999995,9.999999999999186,9.960537994993508
4,9.99999999999995,9.999999999999186,9.960537994993508
5,9.99999999999995,9.999999999999186,9.960537994993508
