,beta,tau,theta
0,0.14870169017015333,3.149273907218308e-08,1.5949999947619686
1,0.14870169017015333,3.149273907218308e-08,1.5949999947619686
2,0.14870169017015333,3.149273907218308e-08,1.5949999947619686
3,0.14870169017015333,3.149273907218308e-08,1.5949999947619686
4,0.14870169017015333,3.149273907218308e-08,1.5949999947619686
5,0.14870169017015333,3.149273907218308e-08,1.5949999947619686
6,0.14870169017015333,3.149273907218308e-08,1.5949999947619686
7,0.14870169017015333,3.149273907218308e-08,1.5949999947619686
8,0.14870169017015333,3.149273907218308e-08,1.5949999947619686
9,0.14870169017015333,3.149273907218308e-08,1.5949999947619686
10,0.14870169017015333,3.149273907218308e-08,1.5949999947619686
