,beta,tau,theta
0,0.0038737046311616455,0.30492849580732406,5.003608219378104
1,0.0038737046311616455,0.30492849580732406,5.003608219378104
2,0.0038737046311616455,0.30492849580732406,5.003608219378104
3,0.0038737046311616455,0.30492849580732406,5.003608219378104
4,0.0038737046311616455,0.30492849580732406,5.003608219378104
5,0.0038737046311616455,0.30492849580732406,5.003608219378104
