,beta,tau,theta
0,0.2164142405957371,5.10953678264591e-09,2.9554079247624063
1,0.2164142405957371,5.10953678264591e-09,2.9554079247624063
2,0.2164142405957371,5.10953678264591e-09,2.9554079247624063
3,0.2164142405957371,5.10953678264591e-09,2.9554079247624063
4,0.2164142405957371,5.10953678264591e-09,2.9554079247624063
5,0.2164142405957371,5.10953678264591e-09,2.9554079247624063
6,0.2164142405957371,5.10953678264591e-09,2.9554079247624063
7,0.2164142405957371,5.10953678264591e-09,2.9554079247624063
8,0.2164142405957371,5.10953678264591e-09,2.9554079247624063
9,0.2164142405957371,5.10953678264591e-09,2.9554079247624063
10,0.2164142405957371,5.10953678264591e-09,2.9554079247624063
