,beta,tau,theta
0,0.028169513991084905,0.12420232326830159,0.3887646662640222
1,0.028169513991084905,0.12420232326830159,0.3887646662640222
2,0.028169513991084905,0.12420232326830159,0.3887646662640222
3,0.028169513991084905,0.12420232326830159,0.3887646662640222
4,0.028169513991084905,0.12420232326830159,0.3887646662640222
5,0.028169513991084905,0.12420232326830159,0.3887646662640222
