,beta,tau,theta
0,9.999999999999964,9.99999999999999,9.930160165461146
1,9.999999999999964,9.99999999999999,9.930160165461146
2,9.999999999999964,9.99999999999999,9.930160165461146
3,9.999999999999964,9.99999999999999,9.930160165461146
4,9.999999999999964,9.99999999999999,9.930160165461146
5,9.999999999999964,9.99999999999999,9.930160165461146
