,tau,theta
0,9.999999999604514,9.999999999390699
1,9.999999999604514,9.999999999390699
2,9.999999999604514,9.999999999390699
3,9.999999999604514,9.999999999390699
4,9.999999999604514,9.999999999390699
5,9.999999999604514,9.999999999390699
6,9.999999999604514,9.999999999390699
7,9.999999999604514,9.999999999390699
8,9.999999999604514,9.999999999390699
9,9.999999999604514,9.999999999390699
10,9.999999999604514,9.999999999390699
