,beta,tau,theta
0,0.013853208395597328,0.48678804087127725,3.218971887348881
1,0.013853208395597328,0.48678804087127725,3.218971887348881
2,0.013853208395597328,0.48678804087127725,3.218971887348881
3,0.013853208395597328,0.48678804087127725,3.218971887348881
4,0.013853208395597328,0.48678804087127725,3.218971887348881
5,0.013853208395597328,0.48678804087127725,3.218971887348881
