,beta,tau,theta
0,9.999999999999863,10.0,9.414173545864767
1,9.999999999999863,10.0,9.414173545864767
2,9.999999999999863,10.0,9.414173545864767
3,9.999999999999863,10.0,9.414173545864767
4,9.999999999999863,10.0,9.414173545864767
5,9.999999999999863,10.0,9.414173545864767
