,beta,tau,theta
0,2.8930088526559867,0.5483776102572708,0.03998323704688343
1,2.8930088526559867,0.5483776102572708,0.03998323704688343
2,2.8930088526559867,0.5483776102572708,0.03998323704688343
3,2.8930088526559867,0.5483776102572708,0.03998323704688343
4,2.8930088526559867,0.5483776102572708,0.03998323704688343
5,2.8930088526559867,0.5483776102572708,0.03998323704688343
