,beta,tau,theta
0,0.032117480867005596,0.0033189535972734,0.4348248502535891
1,0.032117480867005596,0.0033189535972734,0.4348248502535891
2,0.032117480867005596,0.0033189535972734,0.4348248502535891
3,0.032117480867005596,0.0033189535972734,0.4348248502535891
4,0.032117480867005596,0.0033189535972734,0.4348248502535891
5,0.032117480867005596,0.0033189535972734,0.4348248502535891
