,beta,tau,theta
0,0.046104482123529675,0.9995317977688835,5.278979423247315
1,0.046104482123529675,0.9995317977688835,5.278979423247315
2,0.046104482123529675,0.9995317977688835,5.278979423247315
3,0.046104482123529675,0.9995317977688835,5.278979423247315
4,0.046104482123529675,0.9995317977688835,5.278979423247315
5,0.046104482123529675,0.9995317977688835,5.278979423247315
