,beta,tau,theta
0,9.99999999999998,9.999999999999991,5.5056874506894635
1,9.99999999999998,9.999999999999991,5.5056874506894635
2,9.99999999999998,9.999999999999991,5.5056874506894635
3,9.99999999999998,9.999999999999991,5.5056874506894635
4,9.99999999999998,9.999999999999991,5.5056874506894635
5,9.99999999999998,9.999999999999991,5.5056874506894635
