,beta,tau,theta
0,3.169760569284646,0.9028130627617971,0.0004170770722678908
1,3.169760569284646,0.9028130627617971,0.0004170770722678908
2,3.169760569284646,0.9028130627617971,0.0004170770722678908
3,3.169760569284646,0.9028130627617971,0.0004170770722678908
4,3.169760569284646,0.9028130627617971,0.0004170770722678908
5,3.169760569284646,0.9028130627617971,0.0004170770722678908
