,tau,theta
0,9.999999999769406,9.999999999536787
1,9.999999999769406,9.999999999536787
2,9.999999999769406,9.999999999536787
3,9.999999999769406,9.999999999536787
4,9.999999999769406,9.999999999536787
5,9.999999999769406,9.999999999536787
6,9.999999999769406,9.999999999536787
7,9.999999999769406,9.999999999536787
8,9.999999999769406,9.999999999536787
9,9.999999999769406,9.999999999536787
10,9.999999999769406,9.999999999536787
