,beta,tau,theta
0,4.668981229866194,0.7237275322416438,0.12111971304294654
1,4.668981229866194,0.7237275322416438,0.12111971304294654
2,4.668981229866194,0.7237275322416438,0.12111971304294654
3,4.668981229866194,0.7237275322416438,0.12111971304294654
4,4.668981229866194,0.7237275322416438,0.12111971304294654
5,4.668981229866194,0.7237275322416438,0.12111971304294654
