,tau,theta
0,9.9999999980846,9.999999999981188
1,9.9999999980846,9.999999999981188
2,9.9999999980846,9.999999999981188
3,9.9999999980846,9.999999999981188
4,9.9999999980846,9.999999999981188
5,9.9999999980846,9.999999999981188
6,9.9999999980846,9.999999999981188
7,9.9999999980846,9.999999999981188
8,9.9999999980846,9.999999999981188
9,9.9999999980846,9.999999999981188
10,9.9999999980846,9.999999999981188
