,beta,tau,theta
0,0.14026957271870433,1.0443973679267455,3.3500523991273443
1,0.14026957271870433,1.0443973679267455,3.3500523991273443
2,0.14026957271870433,1.0443973679267455,3.3500523991273443
3,0.14026957271870433,1.0443973679267455,3.3500523991273443
4,0.14026957271870433,1.0443973679267455,3.3500523991273443
5,0.14026957271870433,1.0443973679267455,3.3500523991273443
