,tau,theta
0,9.999999998983128,9.999999999892307
1,9.999999998983128,9.999999999892307
2,9.999999998983128,9.999999999892307
3,9.999999998983128,9.999999999892307
4,9.999999998983128,9.999999999892307
5,9.999999998983128,9.999999999892307
6,9.999999998983128,9.999999999892307
7,9.999999998983128,9.999999999892307
8,9.999999998983128,9.999999999892307
9,9.999999998983128,9.999999999892307
10,9.999999998983128,9.999999999892307
