,tau,theta
0,9.999999998882169,9.999999999980204
1,9.999999998882169,9.999999999980204
2,9.999999998882169,9.999999999980204
3,9.999999998882169,9.999999999980204
4,9.999999998882169,9.999999999980204
5,9.999999998882169,9.999999999980204
