,beta,tau,theta
0,9.999999999981844,9.999999999998915,8.277941539561278
1,9.999999999981844,9.999999999998915,8.277941539561278
2,9.999999999981844,9.999999999998915,8.277941539561278
3,9.999999999981844,9.999999999998915,8.277941539561278
4,9.999999999981844,9.999999999998915,8.277941539561278
5,9.999999999981844,9.999999999998915,8.277941539561278
