,beta,tau,theta
0,0.2481995169952751,1.422007896537092,2.2619088294563583
1,0.2481995169952751,1.422007896537092,2.2619088294563583
2,0.2481995169952751,1.422007896537092,2.2619088294563583
3,0.2481995169952751,1.422007896537092,2.2619088294563583
4,0.2481995169952751,1.422007896537092,2.2619088294563583
5,0.2481995169952751,1.422007896537092,2.2619088294563583
