,beta,tau,theta
0,0.23395525497490421,2.121792770907125,3.053647657688272
1,0.23395525497490421,2.121792770907125,3.053647657688272
2,0.23395525497490421,2.121792770907125,3.053647657688272
3,0.23395525497490421,2.121792770907125,3.053647657688272
4,0.23395525497490421,2.121792770907125,3.053647657688272
5,0.23395525497490421,2.121792770907125,3.053647657688272
6,0.23395525497490421,2.121792770907125,3.053647657688272
7,0.23395525497490421,2.121792770907125,3.053647657688272
8,0.23395525497490421,2.121792770907125,3.053647657688272
9,0.23395525497490421,2.121792770907125,3.053647657688272
10,0.23395525497490421,2.121792770907125,3.053647657688272
