,beta,tau,theta
0,0.04130526239161335,0.05191467053097097,0.689489079476714
1,0.04130526239161335,0.05191467053097097,0.689489079476714
2,0.04130526239161335,0.05191467053097097,0.689489079476714
3,0.04130526239161335,0.05191467053097097,0.689489079476714
4,0.04130526239161335,0.05191467053097097,0.689489079476714
5,0.04130526239161335,0.05191467053097097,0.689489079476714
