,beta,tau,theta
0,0.0036014260046353,9.999999999999991,1.213725813200877
1,0.0036014260046353,9.999999999999991,1.213725813200877
2,0.0036014260046353,9.999999999999991,1.213725813200877
3,0.0036014260046353,9.999999999999991,1.213725813200877
4,0.0036014260046353,9.999999999999991,1.213725813200877
5,0.0036014260046353,9.999999999999991,1.213725813200877
