,beta,tau,theta
0,9.999999999999936,10.0,5.586627537128731
1,9.999999999999936,10.0,5.586627537128731
2,9.999999999999936,10.0,5.586627537128731
3,9.999999999999936,10.0,5.586627537128731
4,9.999999999999936,10.0,5.586627537128731
5,9.999999999999936,10.0,5.586627537128731
