,tau,theta
0,9.999999998238621,9.999999999959712
1,9.999999998238621,9.999999999959712
2,9.999999998238621,9.999999999959712
3,9.999999998238621,9.999999999959712
4,9.999999998238621,9.999999999959712
5,9.999999998238621,9.999999999959712
