,tau,theta
0,9.999999999832536,9.999999999874401
1,9.999999999832536,9.999999999874401
2,9.999999999832536,9.999999999874401
3,9.999999999832536,9.999999999874401
4,9.999999999832536,9.999999999874401
5,9.999999999832536,9.999999999874401
