,beta,tau,theta
0,5.102172964027702,0.8629283621886686,0.0808032812012811
1,5.102172964027702,0.8629283621886686,0.0808032812012811
2,5.102172964027702,0.8629283621886686,0.0808032812012811
3,5.102172964027702,0.8629283621886686,0.0808032812012811
4,5.102172964027702,0.8629283621886686,0.0808032812012811
5,5.102172964027702,0.8629283621886686,0.0808032812012811
