,beta,tau,theta
0,1.0852939666071987e-10,0.0046931877364704165,9.999947792711117
1,1.0852939666071987e-10,0.0046931877364704165,9.999947792711117
2,1.0852939666071987e-10,0.0046931877364704165,9.999947792711117
3,1.0852939666071987e-10,0.0046931877364704165,9.999947792711117
4,1.0852939666071987e-10,0.0046931877364704165,9.999947792711117
5,1.0852939666071987e-10,0.0046931877364704165,9.999947792711117
