,beta,tau,theta
0,0.1441744981216021,1.9562902298897373e-09,2.5245116882789453
1,0.1441744981216021,1.9562902298897373e-09,2.5245116882789453
2,0.1441744981216021,1.9562902298897373e-09,2.5245116882789453
3,0.1441744981216021,1.9562902298897373e-09,2.5245116882789453
4,0.1441744981216021,1.9562902298897373e-09,2.5245116882789453
5,0.1441744981216021,1.9562902298897373e-09,2.5245116882789453
6,0.1441744981216021,1.9562902298897373e-09,2.5245116882789453
7,0.1441744981216021,1.9562902298897373e-09,2.5245116882789453
8,0.1441744981216021,1.9562902298897373e-09,2.5245116882789453
9,0.1441744981216021,1.9562902298897373e-09,2.5245116882789453
10,0.1441744981216021,1.9562902298897373e-09,2.5245116882789453
