,beta,tau,theta
0,0.6389566352814436,6.771453352491184e-08,0.338407989036535
1,0.6389566352814436,6.771453352491184e-08,0.338407989036535
2,0.6389566352814436,6.771453352491184e-08,0.338407989036535
3,0.6389566352814436,6.771453352491184e-08,0.338407989036535
4,0.6389566352814436,6.771453352491184e-08,0.338407989036535
5,0.6389566352814436,6.771453352491184e-08,0.338407989036535
6,0.6389566352814436,6.771453352491184e-08,0.338407989036535
7,0.6389566352814436,6.771453352491184e-08,0.338407989036535
8,0.6389566352814436,6.771453352491184e-08,0.338407989036535
9,0.6389566352814436,6.771453352491184e-08,0.338407989036535
10,0.6389566352814436,6.771453352491184e-08,0.338407989036535
