,tau,theta
0,0.024898396327793882,2.024986586927573
1,0.024898396327793882,2.024986586927573
2,0.024898396327793882,2.024986586927573
3,0.024898396327793882,2.024986586927573
4,0.024898396327793882,2.024986586927573
5,0.024898396327793882,2.024986586927573
6,0.024898396327793882,2.024986586927573
7,0.024898396327793882,2.024986586927573
8,0.024898396327793882,2.024986586927573
9,0.024898396327793882,2.024986586927573
10,0.024898396327793882,2.024986586927573
