,tau,theta
0,0.0347063211201971,1.0922137828542255
1,0.0347063211201971,1.0922137828542255
2,0.0347063211201971,1.0922137828542255
3,0.0347063211201971,1.0922137828542255
4,0.0347063211201971,1.0922137828542255
5,0.0347063211201971,1.0922137828542255
