,beta,tau,theta
0,0.2056507196680747,0.050783290259346456,5.696547604170351
1,0.2056507196680747,0.050783290259346456,5.696547604170351
2,0.2056507196680747,0.050783290259346456,5.696547604170351
3,0.2056507196680747,0.050783290259346456,5.696547604170351
4,0.2056507196680747,0.050783290259346456,5.696547604170351
5,0.2056507196680747,0.050783290259346456,5.696547604170351
