,beta,tau,theta
0,0.12749383944557224,0.41414930232634495,1.1669480533607306
1,0.12749383944557224,0.41414930232634495,1.1669480533607306
2,0.12749383944557224,0.41414930232634495,1.1669480533607306
3,0.12749383944557224,0.41414930232634495,1.1669480533607306
4,0.12749383944557224,0.41414930232634495,1.1669480533607306
5,0.12749383944557224,0.41414930232634495,1.1669480533607306
