,tau,theta
0,0.002756023516717432,0.2858271481248549
1,0.002756023516717432,0.2858271481248549
2,0.002756023516717432,0.2858271481248549
3,0.002756023516717432,0.2858271481248549
4,0.002756023516717432,0.2858271481248549
5,0.002756023516717432,0.2858271481248549
