,tau,theta
0,9.999999999888967,9.999999999763707
1,9.999999999888967,9.999999999763707
2,9.999999999888967,9.999999999763707
3,9.999999999888967,9.999999999763707
4,9.999999999888967,9.999999999763707
5,9.999999999888967,9.999999999763707
6,9.999999999888967,9.999999999763707
7,9.999999999888967,9.999999999763707
8,9.999999999888967,9.999999999763707
9,9.999999999888967,9.999999999763707
10,9.999999999888967,9.999999999763707
