,beta,tau,theta
0,0.6572060383063939,0.3570350377168764,2.45193681585035
1,0.6572060383063939,0.3570350377168764,2.45193681585035
2,0.6572060383063939,0.3570350377168764,2.45193681585035
3,0.6572060383063939,0.3570350377168764,2.45193681585035
4,0.6572060383063939,0.3570350377168764,2.45193681585035
5,0.6572060383063939,0.3570350377168764,2.45193681585035
6,0.6572060383063939,0.3570350377168764,2.45193681585035
7,0.6572060383063939,0.3570350377168764,2.45193681585035
8,0.6572060383063939,0.3570350377168764,2.45193681585035
9,0.6572060383063939,0.3570350377168764,2.45193681585035
10,0.6572060383063939,0.3570350377168764,2.45193681585035
