,beta,tau,theta
0,9.999999999971834,9.999999999999755,0.1238660251898439
1,9.999999999971834,9.999999999999755,0.1238660251898439
2,9.999999999971834,9.999999999999755,0.1238660251898439
3,9.999999999971834,9.999999999999755,0.1238660251898439
4,9.999999999971834,9.999999999999755,0.1238660251898439
5,9.999999999971834,9.999999999999755,0.1238660251898439
