,beta,tau,theta
0,0.0021964127090613353,0.6291014476674673,6.647777669450553
1,0.0021964127090613353,0.6291014476674673,6.647777669450553
2,0.0021964127090613353,0.6291014476674673,6.647777669450553
3,0.0021964127090613353,0.6291014476674673,6.647777669450553
4,0.0021964127090613353,0.6291014476674673,6.647777669450553
5,0.0021964127090613353,0.6291014476674673,6.647777669450553
