,beta,tau,theta
0,9.999999999967432,9.999999999983576,2.5167605863986964
1,9.999999999967432,9.999999999983576,2.5167605863986964
2,9.999999999967432,9.999999999983576,2.5167605863986964
3,9.999999999967432,9.999999999983576,2.5167605863986964
4,9.999999999967432,9.999999999983576,2.5167605863986964
5,9.999999999967432,9.999999999983576,2.5167605863986964
