,beta,tau,theta
0,0.33027982061423333,3.214372414914749,1.7507701814122145
1,0.33027982061423333,3.214372414914749,1.7507701814122145
2,0.33027982061423333,3.214372414914749,1.7507701814122145
3,0.33027982061423333,3.214372414914749,1.7507701814122145
4,0.33027982061423333,3.214372414914749,1.7507701814122145
5,0.33027982061423333,3.214372414914749,1.7507701814122145
