,beta,tau,theta
0,9.999999999999922,9.999999999999842,9.431786792632675
1,9.999999999999922,9.999999999999842,9.431786792632675
2,9.999999999999922,9.999999999999842,9.431786792632675
3,9.999999999999922,9.999999999999842,9.431786792632675
4,9.999999999999922,9.999999999999842,9.431786792632675
5,9.999999999999922,9.999999999999842,9.431786792632675
