,tau,theta
0,9.999999999990516,9.999999999694571
1,9.999999999990516,9.999999999694571
2,9.999999999990516,9.999999999694571
3,9.999999999990516,9.999999999694571
4,9.999999999990516,9.999999999694571
5,9.999999999990516,9.999999999694571
6,9.999999999990516,9.999999999694571
7,9.999999999990516,9.999999999694571
8,9.999999999990516,9.999999999694571
9,9.999999999990516,9.999999999694571
10,9.999999999990516,9.999999999694571
