,beta,tau,theta
0,9.999999999999876,9.999999999999714,7.599959653356457
1,9.999999999999876,9.999999999999714,7.599959653356457
2,9.999999999999876,9.999999999999714,7.599959653356457
3,9.999999999999876,9.999999999999714,7.599959653356457
4,9.999999999999876,9.999999999999714,7.599959653356457
5,9.999999999999876,9.999999999999714,7.599959653356457
