,beta,tau,theta
0,0.3830979725571322,9.278326394976054e-08,4.391429073001553
1,0.3830979725571322,9.278326394976054e-08,4.391429073001553
2,0.3830979725571322,9.278326394976054e-08,4.391429073001553
3,0.3830979725571322,9.278326394976054e-08,4.391429073001553
4,0.3830979725571322,9.278326394976054e-08,4.391429073001553
5,0.3830979725571322,9.278326394976054e-08,4.391429073001553
6,0.3830979725571322,9.278326394976054e-08,4.391429073001553
7,0.3830979725571322,9.278326394976054e-08,4.391429073001553
8,0.3830979725571322,9.278326394976054e-08,4.391429073001553
9,0.3830979725571322,9.278326394976054e-08,4.391429073001553
10,0.3830979725571322,9.278326394976054e-08,4.391429073001553
