,beta,tau,theta
0,0.10469452883434048,0.9775489678287853,1.1538830783644616
1,0.10469452883434048,0.9775489678287853,1.1538830783644616
2,0.10469452883434048,0.9775489678287853,1.1538830783644616
3,0.10469452883434048,0.9775489678287853,1.1538830783644616
4,0.10469452883434048,0.9775489678287853,1.1538830783644616
5,0.10469452883434048,0.9775489678287853,1.1538830783644616
