,tau,theta
0,0.0037823617844774285,3.9157033332428304
1,0.0037823617844774285,3.9157033332428304
2,0.0037823617844774285,3.9157033332428304
3,0.0037823617844774285,3.9157033332428304
4,0.0037823617844774285,3.9157033332428304
5,0.0037823617844774285,3.9157033332428304
