,tau,theta
0,9.99999999962503,9.999999999782592
1,9.99999999962503,9.999999999782592
2,9.99999999962503,9.999999999782592
3,9.99999999962503,9.999999999782592
4,9.99999999962503,9.999999999782592
5,9.99999999962503,9.999999999782592
6,9.99999999962503,9.999999999782592
7,9.99999999962503,9.999999999782592
8,9.99999999962503,9.999999999782592
9,9.99999999962503,9.999999999782592
10,9.99999999962503,9.999999999782592
