,tau,theta
0,9.999999999153067,9.999999999840302
1,9.999999999153067,9.999999999840302
2,9.999999999153067,9.999999999840302
3,9.999999999153067,9.999999999840302
4,9.999999999153067,9.999999999840302
5,9.999999999153067,9.999999999840302
6,9.999999999153067,9.999999999840302
7,9.999999999153067,9.999999999840302
8,9.999999999153067,9.999999999840302
9,9.999999999153067,9.999999999840302
10,9.999999999153067,9.999999999840302
