,beta,tau,theta
0,0.10002931219704424,0.6066961875304157,3.985611769609994
1,0.10002931219704424,0.6066961875304157,3.985611769609994
2,0.10002931219704424,0.6066961875304157,3.985611769609994
3,0.10002931219704424,0.6066961875304157,3.985611769609994
4,0.10002931219704424,0.6066961875304157,3.985611769609994
5,0.10002931219704424,0.6066961875304157,3.985611769609994
6,0.10002931219704424,0.6066961875304157,3.985611769609994
7,0.10002931219704424,0.6066961875304157,3.985611769609994
8,0.10002931219704424,0.6066961875304157,3.985611769609994
9,0.10002931219704424,0.6066961875304157,3.985611769609994
10,0.10002931219704424,0.6066961875304157,3.985611769609994
