,tau,theta
0,9.99999999995776,9.999999999690967
1,9.99999999995776,9.999999999690967
2,9.99999999995776,9.999999999690967
3,9.99999999995776,9.999999999690967
4,9.99999999995776,9.999999999690967
5,9.99999999995776,9.999999999690967
6,9.99999999995776,9.999999999690967
7,9.99999999995776,9.999999999690967
8,9.99999999995776,9.999999999690967
9,9.99999999995776,9.999999999690967
10,9.99999999995776,9.999999999690967
