,beta,tau,theta
0,0.11860228974799668,1.1600669414049128e-08,4.685217415076073
1,0.11860228974799668,1.1600669414049128e-08,4.685217415076073
2,0.11860228974799668,1.1600669414049128e-08,4.685217415076073
3,0.11860228974799668,1.1600669414049128e-08,4.685217415076073
4,0.11860228974799668,1.1600669414049128e-08,4.685217415076073
5,0.11860228974799668,1.1600669414049128e-08,4.685217415076073
6,0.11860228974799668,1.1600669414049128e-08,4.685217415076073
7,0.11860228974799668,1.1600669414049128e-08,4.685217415076073
8,0.11860228974799668,1.1600669414049128e-08,4.685217415076073
9,0.11860228974799668,1.1600669414049128e-08,4.685217415076073
10,0.11860228974799668,1.1600669414049128e-08,4.685217415076073
