,tau,theta
0,0.02308791944192933,1.0475077953689778
1,0.02308791944192933,1.0475077953689778
2,0.02308791944192933,1.0475077953689778
3,0.02308791944192933,1.0475077953689778
4,0.02308791944192933,1.0475077953689778
5,0.02308791944192933,1.0475077953689778
6,0.02308791944192933,1.0475077953689778
7,0.02308791944192933,1.0475077953689778
8,0.02308791944192933,1.0475077953689778
9,0.02308791944192933,1.0475077953689778
10,0.02308791944192933,1.0475077953689778
