,beta,tau,theta
0,0.11815079970591845,7.715886363248706e-09,0.7646754691643383
1,0.11815079970591845,7.715886363248706e-09,0.7646754691643383
2,0.11815079970591845,7.715886363248706e-09,0.7646754691643383
3,0.11815079970591845,7.715886363248706e-09,0.7646754691643383
4,0.11815079970591845,7.715886363248706e-09,0.7646754691643383
5,0.11815079970591845,7.715886363248706e-09,0.7646754691643383
