,beta,tau,theta
0,1e-16,0.07179797697046474,7.220148489092358e-08
1,1e-16,0.07179797697046474,7.220148489092358e-08
2,1e-16,0.07179797697046474,7.220148489092358e-08
3,1e-16,0.07179797697046474,7.220148489092358e-08
4,1e-16,0.07179797697046474,7.220148489092358e-08
5,1e-16,0.07179797697046474,7.220148489092358e-08
