,beta,tau,theta
0,0.08269194893449248,0.06218264427414587,0.6374897802569508
1,0.08269194893449248,0.06218264427414587,0.6374897802569508
2,0.08269194893449248,0.06218264427414587,0.6374897802569508
3,0.08269194893449248,0.06218264427414587,0.6374897802569508
4,0.08269194893449248,0.06218264427414587,0.6374897802569508
5,0.08269194893449248,0.06218264427414587,0.6374897802569508
