,beta,tau,theta
0,9.999999999994994,9.999999999987727,8.576620320123169
1,9.999999999994994,9.999999999987727,8.576620320123169
2,9.999999999994994,9.999999999987727,8.576620320123169
3,9.999999999994994,9.999999999987727,8.576620320123169
4,9.999999999994994,9.999999999987727,8.576620320123169
5,9.999999999994994,9.999999999987727,8.576620320123169
6,9.999999999994994,9.999999999987727,8.576620320123169
7,9.999999999994994,9.999999999987727,8.576620320123169
8,9.999999999994994,9.999999999987727,8.576620320123169
9,9.999999999994994,9.999999999987727,8.576620320123169
10,9.999999999994994,9.999999999987727,8.576620320123169
