,tau,theta
0,9.999999998526174,9.99999999994056
1,9.999999998526174,9.99999999994056
2,9.999999998526174,9.99999999994056
3,9.999999998526174,9.99999999994056
4,9.999999998526174,9.99999999994056
5,9.999999998526174,9.99999999994056
6,9.999999998526174,9.99999999994056
7,9.999999998526174,9.99999999994056
8,9.999999998526174,9.99999999994056
9,9.999999998526174,9.99999999994056
10,9.999999998526174,9.99999999994056
