,tau,theta
0,0.11972946544389028,9.999999997774427
1,0.11972946544389028,9.999999997774427
2,0.11972946544389028,9.999999997774427
3,0.11972946544389028,9.999999997774427
4,0.11972946544389028,9.999999997774427
5,0.11972946544389028,9.999999997774427
6,0.11972946544389028,9.999999997774427
7,0.11972946544389028,9.999999997774427
8,0.11972946544389028,9.999999997774427
9,0.11972946544389028,9.999999997774427
10,0.11972946544389028,9.999999997774427
