,beta,tau,theta
0,0.0067957237077610365,9.99999999999113,9.967573520644384
1,0.0067957237077610365,9.99999999999113,9.967573520644384
2,0.0067957237077610365,9.99999999999113,9.967573520644384
3,0.0067957237077610365,9.99999999999113,9.967573520644384
4,0.0067957237077610365,9.99999999999113,9.967573520644384
5,0.0067957237077610365,9.99999999999113,9.967573520644384
