,tau,theta
0,0.020782310919699832,0.6583775627190992
1,0.020782310919699832,0.6583775627190992
2,0.020782310919699832,0.6583775627190992
3,0.020782310919699832,0.6583775627190992
4,0.020782310919699832,0.6583775627190992
5,0.020782310919699832,0.6583775627190992
