,beta,tau,theta
0,0.0288122605661718,0.10594113701846329,0.32798222259353094
1,0.0288122605661718,0.10594113701846329,0.32798222259353094
2,0.0288122605661718,0.10594113701846329,0.32798222259353094
3,0.0288122605661718,0.10594113701846329,0.32798222259353094
4,0.0288122605661718,0.10594113701846329,0.32798222259353094
5,0.0288122605661718,0.10594113701846329,0.32798222259353094
