,beta,tau,theta
0,0.10957042921884273,1.0012550888474073e-08,0.42555058849272864
1,0.10957042921884273,1.0012550888474073e-08,0.42555058849272864
2,0.10957042921884273,1.0012550888474073e-08,0.42555058849272864
3,0.10957042921884273,1.0012550888474073e-08,0.42555058849272864
4,0.10957042921884273,1.0012550888474073e-08,0.42555058849272864
5,0.10957042921884273,1.0012550888474073e-08,0.42555058849272864
6,0.10957042921884273,1.0012550888474073e-08,0.42555058849272864
7,0.10957042921884273,1.0012550888474073e-08,0.42555058849272864
8,0.10957042921884273,1.0012550888474073e-08,0.42555058849272864
9,0.10957042921884273,1.0012550888474073e-08,0.42555058849272864
10,0.10957042921884273,1.0012550888474073e-08,0.42555058849272864
