,tau,theta
0,9.999999999641483,9.999999999996286
1,9.999999999641483,9.999999999996286
2,9.999999999641483,9.999999999996286
3,9.999999999641483,9.999999999996286
4,9.999999999641483,9.999999999996286
5,9.999999999641483,9.999999999996286
6,9.999999999641483,9.999999999996286
7,9.999999999641483,9.999999999996286
8,9.999999999641483,9.999999999996286
9,9.999999999641483,9.999999999996286
10,9.999999999641483,9.999999999996286
