,beta,tau,theta
0,0.0539698649372745,2.1119323300384085,9.406172352915544
1,0.0539698649372745,2.1119323300384085,9.406172352915544
2,0.0539698649372745,2.1119323300384085,9.406172352915544
3,0.0539698649372745,2.1119323300384085,9.406172352915544
4,0.0539698649372745,2.1119323300384085,9.406172352915544
5,0.0539698649372745,2.1119323300384085,9.406172352915544
6,0.0539698649372745,2.1119323300384085,9.406172352915544
7,0.0539698649372745,2.1119323300384085,9.406172352915544
8,0.0539698649372745,2.1119323300384085,9.406172352915544
9,0.0539698649372745,2.1119323300384085,9.406172352915544
10,0.0539698649372745,2.1119323300384085,9.406172352915544
