,tau,theta
0,9.999999999580078,9.999999999955758
1,9.999999999580078,9.999999999955758
2,9.999999999580078,9.999999999955758
3,9.999999999580078,9.999999999955758
4,9.999999999580078,9.999999999955758
5,9.999999999580078,9.999999999955758
6,9.999999999580078,9.999999999955758
7,9.999999999580078,9.999999999955758
8,9.999999999580078,9.999999999955758
9,9.999999999580078,9.999999999955758
10,9.999999999580078,9.999999999955758
