,beta,tau,theta
0,0.8225878706324659,0.13860533776632888,9.260282499246123e-06
1,0.8225878706324659,0.13860533776632888,9.260282499246123e-06
2,0.8225878706324659,0.13860533776632888,9.260282499246123e-06
3,0.8225878706324659,0.13860533776632888,9.260282499246123e-06
4,0.8225878706324659,0.13860533776632888,9.260282499246123e-06
5,0.8225878706324659,0.13860533776632888,9.260282499246123e-06
