,beta,tau,theta
0,9.999999999988535,9.999999999997758,8.394976055551084
1,9.999999999988535,9.999999999997758,8.394976055551084
2,9.999999999988535,9.999999999997758,8.394976055551084
3,9.999999999988535,9.999999999997758,8.394976055551084
4,9.999999999988535,9.999999999997758,8.394976055551084
5,9.999999999988535,9.999999999997758,8.394976055551084
