,beta,tau,theta
0,0.00036729175810666935,3.1213835328187276,2.333894757328201
1,0.00036729175810666935,3.1213835328187276,2.333894757328201
2,0.00036729175810666935,3.1213835328187276,2.333894757328201
3,0.00036729175810666935,3.1213835328187276,2.333894757328201
4,0.00036729175810666935,3.1213835328187276,2.333894757328201
5,0.00036729175810666935,3.1213835328187276,2.333894757328201
