,beta,tau,theta
0,0.08075740380164408,3.212114084724326e-08,2.723825622593674
1,0.08075740380164408,3.212114084724326e-08,2.723825622593674
2,0.08075740380164408,3.212114084724326e-08,2.723825622593674
3,0.08075740380164408,3.212114084724326e-08,2.723825622593674
4,0.08075740380164408,3.212114084724326e-08,2.723825622593674
5,0.08075740380164408,3.212114084724326e-08,2.723825622593674
6,0.08075740380164408,3.212114084724326e-08,2.723825622593674
7,0.08075740380164408,3.212114084724326e-08,2.723825622593674
8,0.08075740380164408,3.212114084724326e-08,2.723825622593674
9,0.08075740380164408,3.212114084724326e-08,2.723825622593674
10,0.08075740380164408,3.212114084724326e-08,2.723825622593674
