,beta,tau,theta
0,0.03994583847679377,1.4132210610772629,4.322923833378825
1,0.03994583847679377,1.4132210610772629,4.322923833378825
2,0.03994583847679377,1.4132210610772629,4.322923833378825
3,0.03994583847679377,1.4132210610772629,4.322923833378825
4,0.03994583847679377,1.4132210610772629,4.322923833378825
5,0.03994583847679377,1.4132210610772629,4.322923833378825
