,beta,tau,theta
0,5.355796192442622,0.12094928999372544,0.13534271862299674
1,5.355796192442622,0.12094928999372544,0.13534271862299674
2,5.355796192442622,0.12094928999372544,0.13534271862299674
3,5.355796192442622,0.12094928999372544,0.13534271862299674
4,5.355796192442622,0.12094928999372544,0.13534271862299674
5,5.355796192442622,0.12094928999372544,0.13534271862299674
