,beta,tau,theta
0,6.678245989522197,0.7629449572784393,0.019017695892998388
1,6.678245989522197,0.7629449572784393,0.019017695892998388
2,6.678245989522197,0.7629449572784393,0.019017695892998388
3,6.678245989522197,0.7629449572784393,0.019017695892998388
4,6.678245989522197,0.7629449572784393,0.019017695892998388
5,6.678245989522197,0.7629449572784393,0.019017695892998388
