,beta,tau,theta
0,0.03980165518313715,2.5751542109899707e-08,7.838684306556008
1,0.03980165518313715,2.5751542109899707e-08,7.838684306556008
2,0.03980165518313715,2.5751542109899707e-08,7.838684306556008
3,0.03980165518313715,2.5751542109899707e-08,7.838684306556008
4,0.03980165518313715,2.5751542109899707e-08,7.838684306556008
5,0.03980165518313715,2.5751542109899707e-08,7.838684306556008
6,0.03980165518313715,2.5751542109899707e-08,7.838684306556008
7,0.03980165518313715,2.5751542109899707e-08,7.838684306556008
8,0.03980165518313715,2.5751542109899707e-08,7.838684306556008
9,0.03980165518313715,2.5751542109899707e-08,7.838684306556008
10,0.03980165518313715,2.5751542109899707e-08,7.838684306556008
