,beta,tau,theta
0,0.006304478891126053,0.328652200191656,4.1622372632786355
1,0.006304478891126053,0.328652200191656,4.1622372632786355
2,0.006304478891126053,0.328652200191656,4.1622372632786355
3,0.006304478891126053,0.328652200191656,4.1622372632786355
4,0.006304478891126053,0.328652200191656,4.1622372632786355
5,0.006304478891126053,0.328652200191656,4.1622372632786355
