,beta,tau,theta
0,10.0,9.999999999997542,7.997593620920619
1,10.0,9.999999999997542,7.997593620920619
2,10.0,9.999999999997542,7.997593620920619
3,10.0,9.999999999997542,7.997593620920619
4,10.0,9.999999999997542,7.997593620920619
5,10.0,9.999999999997542,7.997593620920619
6,10.0,9.999999999997542,7.997593620920619
7,10.0,9.999999999997542,7.997593620920619
8,10.0,9.999999999997542,7.997593620920619
9,10.0,9.999999999997542,7.997593620920619
10,10.0,9.999999999997542,7.997593620920619
