,tau,theta
0,0.01032151351203391,2.022559245130201
1,0.01032151351203391,2.022559245130201
2,0.01032151351203391,2.022559245130201
3,0.01032151351203391,2.022559245130201
4,0.01032151351203391,2.022559245130201
5,0.01032151351203391,2.022559245130201
