,beta,tau,theta
0,0.006333669257786545,9.999999999812028,2.7161325873989552
1,0.006333669257786545,9.999999999812028,2.7161325873989552
2,0.006333669257786545,9.999999999812028,2.7161325873989552
3,0.006333669257786545,9.999999999812028,2.7161325873989552
4,0.006333669257786545,9.999999999812028,2.7161325873989552
5,0.006333669257786545,9.999999999812028,2.7161325873989552
6,0.006333669257786545,9.999999999812028,2.7161325873989552
7,0.006333669257786545,9.999999999812028,2.7161325873989552
8,0.006333669257786545,9.999999999812028,2.7161325873989552
9,0.006333669257786545,9.999999999812028,2.7161325873989552
10,0.006333669257786545,9.999999999812028,2.7161325873989552
