,beta,tau,theta
0,9.999999999999993,9.999999999999964,9.331860098236477
1,9.999999999999993,9.999999999999964,9.331860098236477
2,9.999999999999993,9.999999999999964,9.331860098236477
3,9.999999999999993,9.999999999999964,9.331860098236477
4,9.999999999999993,9.999999999999964,9.331860098236477
5,9.999999999999993,9.999999999999964,9.331860098236477
