,tau,theta
0,9.999999997946823,9.999999999998938
1,9.999999997946823,9.999999999998938
2,9.999999997946823,9.999999999998938
3,9.999999997946823,9.999999999998938
4,9.999999997946823,9.999999999998938
5,9.999999997946823,9.999999999998938
6,9.999999997946823,9.999999999998938
7,9.999999997946823,9.999999999998938
8,9.999999997946823,9.999999999998938
9,9.999999997946823,9.999999999998938
10,9.999999997946823,9.999999999998938
