,tau,theta
0,0.020369039194070394,2.3174849730314513
1,0.020369039194070394,2.3174849730314513
2,0.020369039194070394,2.3174849730314513
3,0.020369039194070394,2.3174849730314513
4,0.020369039194070394,2.3174849730314513
5,0.020369039194070394,2.3174849730314513
