,beta,tau,theta
0,0.14900851461213238,0.0009795382806455533,9.999999998202
1,0.14900851461213238,0.0009795382806455533,9.999999998202
2,0.14900851461213238,0.0009795382806455533,9.999999998202
3,0.14900851461213238,0.0009795382806455533,9.999999998202
4,0.14900851461213238,0.0009795382806455533,9.999999998202
5,0.14900851461213238,0.0009795382806455533,9.999999998202
