,beta,tau,theta
0,10.0,9.999999999999975,7.928047040359517
1,10.0,9.999999999999975,7.928047040359517
2,10.0,9.999999999999975,7.928047040359517
3,10.0,9.999999999999975,7.928047040359517
4,10.0,9.999999999999975,7.928047040359517
5,10.0,9.999999999999975,7.928047040359517
6,10.0,9.999999999999975,7.928047040359517
7,10.0,9.999999999999975,7.928047040359517
8,10.0,9.999999999999975,7.928047040359517
9,10.0,9.999999999999975,7.928047040359517
10,10.0,9.999999999999975,7.928047040359517
