,tau,theta
0,0.12530593692679237,9.999999999137303
1,0.12530593692679237,9.999999999137303
2,0.12530593692679237,9.999999999137303
3,0.12530593692679237,9.999999999137303
4,0.12530593692679237,9.999999999137303
5,0.12530593692679237,9.999999999137303
6,0.12530593692679237,9.999999999137303
7,0.12530593692679237,9.999999999137303
8,0.12530593692679237,9.999999999137303
9,0.12530593692679237,9.999999999137303
10,0.12530593692679237,9.999999999137303
