,beta,tau,theta
0,0.00743777314564108,0.6276820668892659,3.1715893521969587
1,0.00743777314564108,0.6276820668892659,3.1715893521969587
2,0.00743777314564108,0.6276820668892659,3.1715893521969587
3,0.00743777314564108,0.6276820668892659,3.1715893521969587
4,0.00743777314564108,0.6276820668892659,3.1715893521969587
5,0.00743777314564108,0.6276820668892659,3.1715893521969587
