,beta,tau,theta
0,0.188575008509569,1.328674087509244,1.3292802141197324
1,0.188575008509569,1.328674087509244,1.3292802141197324
2,0.188575008509569,1.328674087509244,1.3292802141197324
3,0.188575008509569,1.328674087509244,1.3292802141197324
4,0.188575008509569,1.328674087509244,1.3292802141197324
5,0.188575008509569,1.328674087509244,1.3292802141197324
