,beta,tau,theta
0,0.12875532572985693,0.004205818020064467,0.35276818156045064
1,0.12875532572985693,0.004205818020064467,0.35276818156045064
2,0.12875532572985693,0.004205818020064467,0.35276818156045064
3,0.12875532572985693,0.004205818020064467,0.35276818156045064
4,0.12875532572985693,0.004205818020064467,0.35276818156045064
5,0.12875532572985693,0.004205818020064467,0.35276818156045064
