,tau,theta
0,9.999999999696774,9.999999999782283
1,9.999999999696774,9.999999999782283
2,9.999999999696774,9.999999999782283
3,9.999999999696774,9.999999999782283
4,9.999999999696774,9.999999999782283
5,9.999999999696774,9.999999999782283
6,9.999999999696774,9.999999999782283
7,9.999999999696774,9.999999999782283
8,9.999999999696774,9.999999999782283
9,9.999999999696774,9.999999999782283
10,9.999999999696774,9.999999999782283
