,beta,tau,theta
0,0.24410716091187012,0.00020950396406492773,8.81575480674866
1,0.24410716091187012,0.00020950396406492773,8.81575480674866
2,0.24410716091187012,0.00020950396406492773,8.81575480674866
3,0.24410716091187012,0.00020950396406492773,8.81575480674866
4,0.24410716091187012,0.00020950396406492773,8.81575480674866
5,0.24410716091187012,0.00020950396406492773,8.81575480674866
