,beta,tau,theta
0,0.11083307842891309,1.893693618633825,9.322106435853604
1,0.11083307842891309,1.893693618633825,9.322106435853604
2,0.11083307842891309,1.893693618633825,9.322106435853604
3,0.11083307842891309,1.893693618633825,9.322106435853604
4,0.11083307842891309,1.893693618633825,9.322106435853604
5,0.11083307842891309,1.893693618633825,9.322106435853604
6,0.11083307842891309,1.893693618633825,9.322106435853604
7,0.11083307842891309,1.893693618633825,9.322106435853604
8,0.11083307842891309,1.893693618633825,9.322106435853604
9,0.11083307842891309,1.893693618633825,9.322106435853604
10,0.11083307842891309,1.893693618633825,9.322106435853604
