,tau,theta
0,9.999999998103702,9.999999999972758
1,9.999999998103702,9.999999999972758
2,9.999999998103702,9.999999999972758
3,9.999999998103702,9.999999999972758
4,9.999999998103702,9.999999999972758
5,9.999999998103702,9.999999999972758
6,9.999999998103702,9.999999999972758
7,9.999999998103702,9.999999999972758
8,9.999999998103702,9.999999999972758
9,9.999999998103702,9.999999999972758
10,9.999999998103702,9.999999999972758
