,beta,tau,theta
0,0.07497549656872891,2.148406639361358,8.347355005539578
1,0.07497549656872891,2.148406639361358,8.347355005539578
2,0.07497549656872891,2.148406639361358,8.347355005539578
3,0.07497549656872891,2.148406639361358,8.347355005539578
4,0.07497549656872891,2.148406639361358,8.347355005539578
5,0.07497549656872891,2.148406639361358,8.347355005539578
6,0.07497549656872891,2.148406639361358,8.347355005539578
7,0.07497549656872891,2.148406639361358,8.347355005539578
8,0.07497549656872891,2.148406639361358,8.347355005539578
9,0.07497549656872891,2.148406639361358,8.347355005539578
10,0.07497549656872891,2.148406639361358,8.347355005539578
