,beta,tau,theta
0,0.1778038656779447,0.013622942237352487,0.7569510387726498
1,0.1778038656779447,0.013622942237352487,0.7569510387726498
2,0.1778038656779447,0.013622942237352487,0.7569510387726498
3,0.1778038656779447,0.013622942237352487,0.7569510387726498
4,0.1778038656779447,0.013622942237352487,0.7569510387726498
5,0.1778038656779447,0.013622942237352487,0.7569510387726498
