,beta,tau,theta
0,1e-16,0.11815078973903391,1.6914629928929335e-07
1,1e-16,0.11815078973903391,1.6914629928929335e-07
2,1e-16,0.11815078973903391,1.6914629928929335e-07
3,1e-16,0.11815078973903391,1.6914629928929335e-07
4,1e-16,0.11815078973903391,1.6914629928929335e-07
5,1e-16,0.11815078973903391,1.6914629928929335e-07
