,tau,theta
0,9.999999999139002,9.999999999711742
1,9.999999999139002,9.999999999711742
2,9.999999999139002,9.999999999711742
3,9.999999999139002,9.999999999711742
4,9.999999999139002,9.999999999711742
5,9.999999999139002,9.999999999711742
