,beta,tau,theta
0,1.6593040504990253,0.1598159043780385,0.17509869090630137
1,1.6593040504990253,0.1598159043780385,0.17509869090630137
2,1.6593040504990253,0.1598159043780385,0.17509869090630137
3,1.6593040504990253,0.1598159043780385,0.17509869090630137
4,1.6593040504990253,0.1598159043780385,0.17509869090630137
5,1.6593040504990253,0.1598159043780385,0.17509869090630137
