,beta,tau,theta
0,0.14349989930996188,1.9640816850765565e-08,6.286267964180192
1,0.14349989930996188,1.9640816850765565e-08,6.286267964180192
2,0.14349989930996188,1.9640816850765565e-08,6.286267964180192
3,0.14349989930996188,1.9640816850765565e-08,6.286267964180192
4,0.14349989930996188,1.9640816850765565e-08,6.286267964180192
5,0.14349989930996188,1.9640816850765565e-08,6.286267964180192
6,0.14349989930996188,1.9640816850765565e-08,6.286267964180192
7,0.14349989930996188,1.9640816850765565e-08,6.286267964180192
8,0.14349989930996188,1.9640816850765565e-08,6.286267964180192
9,0.14349989930996188,1.9640816850765565e-08,6.286267964180192
10,0.14349989930996188,1.9640816850765565e-08,6.286267964180192
