,tau,theta
0,9.99999999967974,9.999999999758046
1,9.99999999967974,9.999999999758046
2,9.99999999967974,9.999999999758046
3,9.99999999967974,9.999999999758046
4,9.99999999967974,9.999999999758046
5,9.99999999967974,9.999999999758046
