,tau,theta
0,9.999999999993396,9.999999999507478
1,9.999999999993396,9.999999999507478
2,9.999999999993396,9.999999999507478
3,9.999999999993396,9.999999999507478
4,9.999999999993396,9.999999999507478
5,9.999999999993396,9.999999999507478
