,tau,theta
0,9.999999999167432,9.999999999916385
1,9.999999999167432,9.999999999916385
2,9.999999999167432,9.999999999916385
3,9.999999999167432,9.999999999916385
4,9.999999999167432,9.999999999916385
5,9.999999999167432,9.999999999916385
6,9.999999999167432,9.999999999916385
7,9.999999999167432,9.999999999916385
8,9.999999999167432,9.999999999916385
9,9.999999999167432,9.999999999916385
10,9.999999999167432,9.999999999916385
