,beta,tau,theta
0,1.1377078554985132,0.010324171366649194,3.1296047194976673
1,1.1377078554985132,0.010324171366649194,3.1296047194976673
2,1.1377078554985132,0.010324171366649194,3.1296047194976673
3,1.1377078554985132,0.010324171366649194,3.1296047194976673
4,1.1377078554985132,0.010324171366649194,3.1296047194976673
5,1.1377078554985132,0.010324171366649194,3.1296047194976673
