,beta,tau,theta
0,0.006161493622207181,3.66866101718006,2.4961937965135244
1,0.006161493622207181,3.66866101718006,2.4961937965135244
2,0.006161493622207181,3.66866101718006,2.4961937965135244
3,0.006161493622207181,3.66866101718006,2.4961937965135244
4,0.006161493622207181,3.66866101718006,2.4961937965135244
5,0.006161493622207181,3.66866101718006,2.4961937965135244
