,tau,theta
0,1.6605237225132097e-06,4.345629373640794
1,1.6605237225132097e-06,4.345629373640794
2,1.6605237225132097e-06,4.345629373640794
3,1.6605237225132097e-06,4.345629373640794
4,1.6605237225132097e-06,4.345629373640794
5,1.6605237225132097e-06,4.345629373640794
