,beta,tau,theta
0,4.663146695807813,1.267794419535675,0.017436878937973733
1,4.663146695807813,1.267794419535675,0.017436878937973733
2,4.663146695807813,1.267794419535675,0.017436878937973733
3,4.663146695807813,1.267794419535675,0.017436878937973733
4,4.663146695807813,1.267794419535675,0.017436878937973733
5,4.663146695807813,1.267794419535675,0.017436878937973733
