,beta,tau,theta
0,0.009893486775081162,2.927060826238459,3.875711905220436
1,0.009893486775081162,2.927060826238459,3.875711905220436
2,0.009893486775081162,2.927060826238459,3.875711905220436
3,0.009893486775081162,2.927060826238459,3.875711905220436
4,0.009893486775081162,2.927060826238459,3.875711905220436
5,0.009893486775081162,2.927060826238459,3.875711905220436
