,beta,tau,theta
0,0.01016334862181344,9.999999999999973,0.1308124425948416
1,0.01016334862181344,9.999999999999973,0.1308124425948416
2,0.01016334862181344,9.999999999999973,0.1308124425948416
3,0.01016334862181344,9.999999999999973,0.1308124425948416
4,0.01016334862181344,9.999999999999973,0.1308124425948416
5,0.01016334862181344,9.999999999999973,0.1308124425948416
6,0.01016334862181344,9.999999999999973,0.1308124425948416
7,0.01016334862181344,9.999999999999973,0.1308124425948416
8,0.01016334862181344,9.999999999999973,0.1308124425948416
9,0.01016334862181344,9.999999999999973,0.1308124425948416
10,0.01016334862181344,9.999999999999973,0.1308124425948416
