,beta,tau,theta
0,0.0013379458575192183,0.31236056304226556,3.5623202608312967
1,0.0013379458575192183,0.31236056304226556,3.5623202608312967
2,0.0013379458575192183,0.31236056304226556,3.5623202608312967
3,0.0013379458575192183,0.31236056304226556,3.5623202608312967
4,0.0013379458575192183,0.31236056304226556,3.5623202608312967
5,0.0013379458575192183,0.31236056304226556,3.5623202608312967
