,beta,tau,theta
0,0.062343366153537846,1.182633749032091,3.8253247566608257
1,0.062343366153537846,1.182633749032091,3.8253247566608257
2,0.062343366153537846,1.182633749032091,3.8253247566608257
3,0.062343366153537846,1.182633749032091,3.8253247566608257
4,0.062343366153537846,1.182633749032091,3.8253247566608257
5,0.062343366153537846,1.182633749032091,3.8253247566608257
