,beta,tau,theta
0,10.0,9.999999999999785,0.6761317599981277
1,10.0,9.999999999999785,0.6761317599981277
2,10.0,9.999999999999785,0.6761317599981277
3,10.0,9.999999999999785,0.6761317599981277
4,10.0,9.999999999999785,0.6761317599981277
5,10.0,9.999999999999785,0.6761317599981277
