,beta,tau,theta
0,0.007418033522871392,2.1006487661947046,5.062291052989223
1,0.007418033522871392,2.1006487661947046,5.062291052989223
2,0.007418033522871392,2.1006487661947046,5.062291052989223
3,0.007418033522871392,2.1006487661947046,5.062291052989223
4,0.007418033522871392,2.1006487661947046,5.062291052989223
5,0.007418033522871392,2.1006487661947046,5.062291052989223
6,0.007418033522871392,2.1006487661947046,5.062291052989223
7,0.007418033522871392,2.1006487661947046,5.062291052989223
8,0.007418033522871392,2.1006487661947046,5.062291052989223
9,0.007418033522871392,2.1006487661947046,5.062291052989223
10,0.007418033522871392,2.1006487661947046,5.062291052989223
