,beta,tau,theta
0,0.011235319795371946,9.480743533582191e-08,9.261928833713345
1,0.011235319795371946,9.480743533582191e-08,9.261928833713345
2,0.011235319795371946,9.480743533582191e-08,9.261928833713345
3,0.011235319795371946,9.480743533582191e-08,9.261928833713345
4,0.011235319795371946,9.480743533582191e-08,9.261928833713345
5,0.011235319795371946,9.480743533582191e-08,9.261928833713345
