,beta,tau,theta
0,7.082183246999337,0.3471757285819389,0.03861282583622459
1,7.082183246999337,0.3471757285819389,0.03861282583622459
2,7.082183246999337,0.3471757285819389,0.03861282583622459
3,7.082183246999337,0.3471757285819389,0.03861282583622459
4,7.082183246999337,0.3471757285819389,0.03861282583622459
5,7.082183246999337,0.3471757285819389,0.03861282583622459
