,beta,tau,theta
0,9.999999999999963,9.999999999999424,6.284310512312109
1,9.999999999999963,9.999999999999424,6.284310512312109
2,9.999999999999963,9.999999999999424,6.284310512312109
3,9.999999999999963,9.999999999999424,6.284310512312109
4,9.999999999999963,9.999999999999424,6.284310512312109
5,9.999999999999963,9.999999999999424,6.284310512312109
