,beta,tau,theta
0,2.4988956942492226,0.5717344228862787,0.0478198562157751
1,2.4988956942492226,0.5717344228862787,0.0478198562157751
2,2.4988956942492226,0.5717344228862787,0.0478198562157751
3,2.4988956942492226,0.5717344228862787,0.0478198562157751
4,2.4988956942492226,0.5717344228862787,0.0478198562157751
5,2.4988956942492226,0.5717344228862787,0.0478198562157751
