,beta,tau,theta
0,1e-16,1.7559829325420235,1.160135712596846e-06
1,1e-16,1.7559829325420235,1.160135712596846e-06
2,1e-16,1.7559829325420235,1.160135712596846e-06
3,1e-16,1.7559829325420235,1.160135712596846e-06
4,1e-16,1.7559829325420235,1.160135712596846e-06
5,1e-16,1.7559829325420235,1.160135712596846e-06
