,tau,theta
0,0.10968795192344515,9.999999998734205
1,0.10968795192344515,9.999999998734205
2,0.10968795192344515,9.999999998734205
3,0.10968795192344515,9.999999998734205
4,0.10968795192344515,9.999999998734205
5,0.10968795192344515,9.999999998734205
6,0.10968795192344515,9.999999998734205
7,0.10968795192344515,9.999999998734205
8,0.10968795192344515,9.999999998734205
9,0.10968795192344515,9.999999998734205
10,0.10968795192344515,9.999999998734205
