,beta,tau,theta
0,0.0019492487846335283,0.09571571049215531,7.363132677937987
1,0.0019492487846335283,0.09571571049215531,7.363132677937987
2,0.0019492487846335283,0.09571571049215531,7.363132677937987
3,0.0019492487846335283,0.09571571049215531,7.363132677937987
4,0.0019492487846335283,0.09571571049215531,7.363132677937987
5,0.0019492487846335283,0.09571571049215531,7.363132677937987
