,beta,tau,theta
0,0.08294955747398923,1.9048767691326696,3.645258335799718
1,0.08294955747398923,1.9048767691326696,3.645258335799718
2,0.08294955747398923,1.9048767691326696,3.645258335799718
3,0.08294955747398923,1.9048767691326696,3.645258335799718
4,0.08294955747398923,1.9048767691326696,3.645258335799718
5,0.08294955747398923,1.9048767691326696,3.645258335799718
