,beta,tau,theta
0,0.5232971272793142,0.11797656209255279,5.223020772929626
1,0.5232971272793142,0.11797656209255279,5.223020772929626
2,0.5232971272793142,0.11797656209255279,5.223020772929626
3,0.5232971272793142,0.11797656209255279,5.223020772929626
4,0.5232971272793142,0.11797656209255279,5.223020772929626
5,0.5232971272793142,0.11797656209255279,5.223020772929626
6,0.5232971272793142,0.11797656209255279,5.223020772929626
7,0.5232971272793142,0.11797656209255279,5.223020772929626
8,0.5232971272793142,0.11797656209255279,5.223020772929626
9,0.5232971272793142,0.11797656209255279,5.223020772929626
10,0.5232971272793142,0.11797656209255279,5.223020772929626
