,tau,theta
0,9.99999999815358,9.999999999988873
1,9.99999999815358,9.999999999988873
2,9.99999999815358,9.999999999988873
3,9.99999999815358,9.999999999988873
4,9.99999999815358,9.999999999988873
5,9.99999999815358,9.999999999988873
6,9.99999999815358,9.999999999988873
7,9.99999999815358,9.999999999988873
8,9.99999999815358,9.999999999988873
9,9.99999999815358,9.999999999988873
10,9.99999999815358,9.999999999988873
