,beta,tau,theta
0,0.001473593962074793,2.8487266164387846,3.9510541629022082
1,0.001473593962074793,2.8487266164387846,3.9510541629022082
2,0.001473593962074793,2.8487266164387846,3.9510541629022082
3,0.001473593962074793,2.8487266164387846,3.9510541629022082
4,0.001473593962074793,2.8487266164387846,3.9510541629022082
5,0.001473593962074793,2.8487266164387846,3.9510541629022082
