,tau,theta
0,9.999999999945482,9.999999999482881
1,9.999999999945482,9.999999999482881
2,9.999999999945482,9.999999999482881
3,9.999999999945482,9.999999999482881
4,9.999999999945482,9.999999999482881
5,9.999999999945482,9.999999999482881
6,9.999999999945482,9.999999999482881
7,9.999999999945482,9.999999999482881
8,9.999999999945482,9.999999999482881
9,9.999999999945482,9.999999999482881
10,9.999999999945482,9.999999999482881
