,beta,tau,theta
0,9.999999999771338,9.999999999995875,9.122471905649936
1,9.999999999771338,9.999999999995875,9.122471905649936
2,9.999999999771338,9.999999999995875,9.122471905649936
3,9.999999999771338,9.999999999995875,9.122471905649936
4,9.999999999771338,9.999999999995875,9.122471905649936
5,9.999999999771338,9.999999999995875,9.122471905649936
