,tau,theta
0,9.999999998532758,9.999999999809084
1,9.999999998532758,9.999999999809084
2,9.999999998532758,9.999999999809084
3,9.999999998532758,9.999999999809084
4,9.999999998532758,9.999999999809084
5,9.999999998532758,9.999999999809084
6,9.999999998532758,9.999999999809084
7,9.999999998532758,9.999999999809084
8,9.999999998532758,9.999999999809084
9,9.999999998532758,9.999999999809084
10,9.999999998532758,9.999999999809084
