,beta,tau,theta
0,9.999999999933891,9.999999999975573,8.73194119171432
1,9.999999999933891,9.999999999975573,8.73194119171432
2,9.999999999933891,9.999999999975573,8.73194119171432
3,9.999999999933891,9.999999999975573,8.73194119171432
4,9.999999999933891,9.999999999975573,8.73194119171432
5,9.999999999933891,9.999999999975573,8.73194119171432
