,tau,theta
0,9.999999998463434,9.99999999997405
1,9.999999998463434,9.99999999997405
2,9.999999998463434,9.99999999997405
3,9.999999998463434,9.99999999997405
4,9.999999998463434,9.99999999997405
5,9.999999998463434,9.99999999997405
6,9.999999998463434,9.99999999997405
7,9.999999998463434,9.99999999997405
8,9.999999998463434,9.99999999997405
9,9.999999998463434,9.99999999997405
10,9.999999998463434,9.99999999997405
