,beta,tau,theta
0,0.29874431617692276,1.1985481033228602,2.46864543002319
1,0.29874431617692276,1.1985481033228602,2.46864543002319
2,0.29874431617692276,1.1985481033228602,2.46864543002319
3,0.29874431617692276,1.1985481033228602,2.46864543002319
4,0.29874431617692276,1.1985481033228602,2.46864543002319
5,0.29874431617692276,1.1985481033228602,2.46864543002319
