,beta,tau,theta
0,9.999999999945857,9.999999999998488,2.347588173698707
1,9.999999999945857,9.999999999998488,2.347588173698707
2,9.999999999945857,9.999999999998488,2.347588173698707
3,9.999999999945857,9.999999999998488,2.347588173698707
4,9.999999999945857,9.999999999998488,2.347588173698707
5,9.999999999945857,9.999999999998488,2.347588173698707
