,beta,tau,theta
0,1e-16,0.1504386064933878,9.683182987671123e-08
1,1e-16,0.1504386064933878,9.683182987671123e-08
2,1e-16,0.1504386064933878,9.683182987671123e-08
3,1e-16,0.1504386064933878,9.683182987671123e-08
4,1e-16,0.1504386064933878,9.683182987671123e-08
5,1e-16,0.1504386064933878,9.683182987671123e-08
