,tau,theta
0,9.999999999608955,9.999999999926342
1,9.999999999608955,9.999999999926342
2,9.999999999608955,9.999999999926342
3,9.999999999608955,9.999999999926342
4,9.999999999608955,9.999999999926342
5,9.999999999608955,9.999999999926342
6,9.999999999608955,9.999999999926342
7,9.999999999608955,9.999999999926342
8,9.999999999608955,9.999999999926342
9,9.999999999608955,9.999999999926342
10,9.999999999608955,9.999999999926342
