,beta,tau,theta
0,6.902273697744229,0.909161718008913,0.17038015856576616
1,6.902273697744229,0.909161718008913,0.17038015856576616
2,6.902273697744229,0.909161718008913,0.17038015856576616
3,6.902273697744229,0.909161718008913,0.17038015856576616
4,6.902273697744229,0.909161718008913,0.17038015856576616
5,6.902273697744229,0.909161718008913,0.17038015856576616
