,beta,tau,theta
0,0.03592533031830723,0.0009208819571866367,0.23717611505716008
1,0.03592533031830723,0.0009208819571866367,0.23717611505716008
2,0.03592533031830723,0.0009208819571866367,0.23717611505716008
3,0.03592533031830723,0.0009208819571866367,0.23717611505716008
4,0.03592533031830723,0.0009208819571866367,0.23717611505716008
5,0.03592533031830723,0.0009208819571866367,0.23717611505716008
