,tau,theta
0,0.003077970582601275,0.7475797270992469
1,0.003077970582601275,0.7475797270992469
2,0.003077970582601275,0.7475797270992469
3,0.003077970582601275,0.7475797270992469
4,0.003077970582601275,0.7475797270992469
5,0.003077970582601275,0.7475797270992469
