,beta,tau,theta
0,3.7988635865927405,0.3452901877016047,0.18646955948732902
1,3.7988635865927405,0.3452901877016047,0.18646955948732902
2,3.7988635865927405,0.3452901877016047,0.18646955948732902
3,3.7988635865927405,0.3452901877016047,0.18646955948732902
4,3.7988635865927405,0.3452901877016047,0.18646955948732902
5,3.7988635865927405,0.3452901877016047,0.18646955948732902
