,tau,theta
0,0.023875120553648144,0.06990535353699544
1,0.023875120553648144,0.06990535353699544
2,0.023875120553648144,0.06990535353699544
3,0.023875120553648144,0.06990535353699544
4,0.023875120553648144,0.06990535353699544
5,0.023875120553648144,0.06990535353699544
