,beta,tau,theta
0,0.07910002589536179,0.018387819795833805,8.402142364399923
1,0.07910002589536179,0.018387819795833805,8.402142364399923
2,0.07910002589536179,0.018387819795833805,8.402142364399923
3,0.07910002589536179,0.018387819795833805,8.402142364399923
4,0.07910002589536179,0.018387819795833805,8.402142364399923
5,0.07910002589536179,0.018387819795833805,8.402142364399923
