,beta,tau,theta
0,2.441145172975512,0.42835677395105143,0.0030328728902924043
1,2.441145172975512,0.42835677395105143,0.0030328728902924043
2,2.441145172975512,0.42835677395105143,0.0030328728902924043
3,2.441145172975512,0.42835677395105143,0.0030328728902924043
4,2.441145172975512,0.42835677395105143,0.0030328728902924043
5,2.441145172975512,0.42835677395105143,0.0030328728902924043
