,beta,tau,theta
0,9.999999999992745,9.999999999999648,8.527085247296046
1,9.999999999992745,9.999999999999648,8.527085247296046
2,9.999999999992745,9.999999999999648,8.527085247296046
3,9.999999999992745,9.999999999999648,8.527085247296046
4,9.999999999992745,9.999999999999648,8.527085247296046
5,9.999999999992745,9.999999999999648,8.527085247296046
