,beta,tau,theta
0,0.00016810245518149587,0.008763297916351099,2.0407195708250034
1,0.00016810245518149587,0.008763297916351099,2.0407195708250034
2,0.00016810245518149587,0.008763297916351099,2.0407195708250034
3,0.00016810245518149587,0.008763297916351099,2.0407195708250034
4,0.00016810245518149587,0.008763297916351099,2.0407195708250034
5,0.00016810245518149587,0.008763297916351099,2.0407195708250034
