,beta,tau,theta
0,0.07401451865423579,0.015752306716487297,7.397179457236303
1,0.07401451865423579,0.015752306716487297,7.397179457236303
2,0.07401451865423579,0.015752306716487297,7.397179457236303
3,0.07401451865423579,0.015752306716487297,7.397179457236303
4,0.07401451865423579,0.015752306716487297,7.397179457236303
5,0.07401451865423579,0.015752306716487297,7.397179457236303
