,tau,theta
0,0.02888361586111342,0.3982426483233127
1,0.02888361586111342,0.3982426483233127
2,0.02888361586111342,0.3982426483233127
3,0.02888361586111342,0.3982426483233127
4,0.02888361586111342,0.3982426483233127
5,0.02888361586111342,0.3982426483233127
6,0.02888361586111342,0.3982426483233127
7,0.02888361586111342,0.3982426483233127
8,0.02888361586111342,0.3982426483233127
9,0.02888361586111342,0.3982426483233127
10,0.02888361586111342,0.3982426483233127
