,beta,tau,theta
0,0.11235489168844047,1.6209662825027378,4.725118385619343
1,0.11235489168844047,1.6209662825027378,4.725118385619343
2,0.11235489168844047,1.6209662825027378,4.725118385619343
3,0.11235489168844047,1.6209662825027378,4.725118385619343
4,0.11235489168844047,1.6209662825027378,4.725118385619343
5,0.11235489168844047,1.6209662825027378,4.725118385619343
6,0.11235489168844047,1.6209662825027378,4.725118385619343
7,0.11235489168844047,1.6209662825027378,4.725118385619343
8,0.11235489168844047,1.6209662825027378,4.725118385619343
9,0.11235489168844047,1.6209662825027378,4.725118385619343
10,0.11235489168844047,1.6209662825027378,4.725118385619343
