,beta,tau,theta
0,0.009744947818586359,1.882642201798681,3.309208553927844
1,0.009744947818586359,1.882642201798681,3.309208553927844
2,0.009744947818586359,1.882642201798681,3.309208553927844
3,0.009744947818586359,1.882642201798681,3.309208553927844
4,0.009744947818586359,1.882642201798681,3.309208553927844
5,0.009744947818586359,1.882642201798681,3.309208553927844
