,beta,tau,theta
0,0.12213744196955655,0.5347341753338448,4.3025848612766415
1,0.12213744196955655,0.5347341753338448,4.3025848612766415
2,0.12213744196955655,0.5347341753338448,4.3025848612766415
3,0.12213744196955655,0.5347341753338448,4.3025848612766415
4,0.12213744196955655,0.5347341753338448,4.3025848612766415
5,0.12213744196955655,0.5347341753338448,4.3025848612766415
