,tau,theta
0,0.0018996444602066176,1.3095190297123005
1,0.0018996444602066176,1.3095190297123005
2,0.0018996444602066176,1.3095190297123005
3,0.0018996444602066176,1.3095190297123005
4,0.0018996444602066176,1.3095190297123005
5,0.0018996444602066176,1.3095190297123005
