,beta,tau,theta
0,0.08369154354727247,0.4755454449869563,3.186534119849908
1,0.08369154354727247,0.4755454449869563,3.186534119849908
2,0.08369154354727247,0.4755454449869563,3.186534119849908
3,0.08369154354727247,0.4755454449869563,3.186534119849908
4,0.08369154354727247,0.4755454449869563,3.186534119849908
5,0.08369154354727247,0.4755454449869563,3.186534119849908
