,beta,tau,theta
0,1e-16,0.10083038061309511,2.142991524124138e-07
1,1e-16,0.10083038061309511,2.142991524124138e-07
2,1e-16,0.10083038061309511,2.142991524124138e-07
3,1e-16,0.10083038061309511,2.142991524124138e-07
4,1e-16,0.10083038061309511,2.142991524124138e-07
5,1e-16,0.10083038061309511,2.142991524124138e-07
