,tau,theta
0,0.10723225516946831,9.999999998989606
1,0.10723225516946831,9.999999998989606
2,0.10723225516946831,9.999999998989606
3,0.10723225516946831,9.999999998989606
4,0.10723225516946831,9.999999998989606
5,0.10723225516946831,9.999999998989606
6,0.10723225516946831,9.999999998989606
7,0.10723225516946831,9.999999998989606
8,0.10723225516946831,9.999999998989606
9,0.10723225516946831,9.999999998989606
10,0.10723225516946831,9.999999998989606
