,tau,theta
0,9.99999999992594,9.99999999976333
1,9.99999999992594,9.99999999976333
2,9.99999999992594,9.99999999976333
3,9.99999999992594,9.99999999976333
4,9.99999999992594,9.99999999976333
5,9.99999999992594,9.99999999976333
6,9.99999999992594,9.99999999976333
7,9.99999999992594,9.99999999976333
8,9.99999999992594,9.99999999976333
9,9.99999999992594,9.99999999976333
10,9.99999999992594,9.99999999976333
