,beta,tau,theta
0,0.011403575584472237,2.195906679649821,1.0683515281238976
1,0.011403575584472237,2.195906679649821,1.0683515281238976
2,0.011403575584472237,2.195906679649821,1.0683515281238976
3,0.011403575584472237,2.195906679649821,1.0683515281238976
4,0.011403575584472237,2.195906679649821,1.0683515281238976
5,0.011403575584472237,2.195906679649821,1.0683515281238976
