,beta,tau,theta
0,0.10499993858769772,2.0405569684781217,3.0481705732827162
1,0.10499993858769772,2.0405569684781217,3.0481705732827162
2,0.10499993858769772,2.0405569684781217,3.0481705732827162
3,0.10499993858769772,2.0405569684781217,3.0481705732827162
4,0.10499993858769772,2.0405569684781217,3.0481705732827162
5,0.10499993858769772,2.0405569684781217,3.0481705732827162
6,0.10499993858769772,2.0405569684781217,3.0481705732827162
7,0.10499993858769772,2.0405569684781217,3.0481705732827162
8,0.10499993858769772,2.0405569684781217,3.0481705732827162
9,0.10499993858769772,2.0405569684781217,3.0481705732827162
10,0.10499993858769772,2.0405569684781217,3.0481705732827162
