,beta,tau,theta
0,10.0,9.99999999999974,2.3125499550050415
1,10.0,9.99999999999974,2.3125499550050415
2,10.0,9.99999999999974,2.3125499550050415
3,10.0,9.99999999999974,2.3125499550050415
4,10.0,9.99999999999974,2.3125499550050415
5,10.0,9.99999999999974,2.3125499550050415
6,10.0,9.99999999999974,2.3125499550050415
7,10.0,9.99999999999974,2.3125499550050415
8,10.0,9.99999999999974,2.3125499550050415
9,10.0,9.99999999999974,2.3125499550050415
10,10.0,9.99999999999974,2.3125499550050415
