,tau,theta
0,9.999999998900659,9.99999999996988
1,9.999999998900659,9.99999999996988
2,9.999999998900659,9.99999999996988
3,9.999999998900659,9.99999999996988
4,9.999999998900659,9.99999999996988
5,9.999999998900659,9.99999999996988
6,9.999999998900659,9.99999999996988
7,9.999999998900659,9.99999999996988
8,9.999999998900659,9.99999999996988
9,9.999999998900659,9.99999999996988
10,9.999999998900659,9.99999999996988
