,beta,tau,theta
0,7.324823077981931,0.3844571580184021,0.02221296506127689
1,7.324823077981931,0.3844571580184021,0.02221296506127689
2,7.324823077981931,0.3844571580184021,0.02221296506127689
3,7.324823077981931,0.3844571580184021,0.02221296506127689
4,7.324823077981931,0.3844571580184021,0.02221296506127689
5,7.324823077981931,0.3844571580184021,0.02221296506127689
