,beta,tau,theta
0,4.165895392214212,0.013578148246888955,3.3991453693484717
1,4.165895392214212,0.013578148246888955,3.3991453693484717
2,4.165895392214212,0.013578148246888955,3.3991453693484717
3,4.165895392214212,0.013578148246888955,3.3991453693484717
4,4.165895392214212,0.013578148246888955,3.3991453693484717
5,4.165895392214212,0.013578148246888955,3.3991453693484717
