,tau,theta
0,9.999999999652552,9.999999999897005
1,9.999999999652552,9.999999999897005
2,9.999999999652552,9.999999999897005
3,9.999999999652552,9.999999999897005
4,9.999999999652552,9.999999999897005
5,9.999999999652552,9.999999999897005
6,9.999999999652552,9.999999999897005
7,9.999999999652552,9.999999999897005
8,9.999999999652552,9.999999999897005
9,9.999999999652552,9.999999999897005
10,9.999999999652552,9.999999999897005
