,beta,tau,theta
0,0.005405417572498339,9.99999999999979,0.011012246663024795
1,0.005405417572498339,9.99999999999979,0.011012246663024795
2,0.005405417572498339,9.99999999999979,0.011012246663024795
3,0.005405417572498339,9.99999999999979,0.011012246663024795
4,0.005405417572498339,9.99999999999979,0.011012246663024795
5,0.005405417572498339,9.99999999999979,0.011012246663024795
6,0.005405417572498339,9.99999999999979,0.011012246663024795
7,0.005405417572498339,9.99999999999979,0.011012246663024795
8,0.005405417572498339,9.99999999999979,0.011012246663024795
9,0.005405417572498339,9.99999999999979,0.011012246663024795
10,0.005405417572498339,9.99999999999979,0.011012246663024795
