,beta,tau,theta
0,0.004778306104021401,2.0689864558061806,1.1152045877857404
1,0.004778306104021401,2.0689864558061806,1.1152045877857404
2,0.004778306104021401,2.0689864558061806,1.1152045877857404
3,0.004778306104021401,2.0689864558061806,1.1152045877857404
4,0.004778306104021401,2.0689864558061806,1.1152045877857404
5,0.004778306104021401,2.0689864558061806,1.1152045877857404
