,beta,tau,theta
0,9.99999999999958,9.999999999999725,8.887255453549232
1,9.99999999999958,9.999999999999725,8.887255453549232
2,9.99999999999958,9.999999999999725,8.887255453549232
3,9.99999999999958,9.999999999999725,8.887255453549232
4,9.99999999999958,9.999999999999725,8.887255453549232
5,9.99999999999958,9.999999999999725,8.887255453549232
