,beta,tau,theta
0,9.999999999963991,9.999999999993205,7.255837550388783
1,9.999999999963991,9.999999999993205,7.255837550388783
2,9.999999999963991,9.999999999993205,7.255837550388783
3,9.999999999963991,9.999999999993205,7.255837550388783
4,9.999999999963991,9.999999999993205,7.255837550388783
5,9.999999999963991,9.999999999993205,7.255837550388783
