,beta,tau,theta
0,0.18838741536972803,0.0676526287066299,7.087955652053385
1,0.18838741536972803,0.0676526287066299,7.087955652053385
2,0.18838741536972803,0.0676526287066299,7.087955652053385
3,0.18838741536972803,0.0676526287066299,7.087955652053385
4,0.18838741536972803,0.0676526287066299,7.087955652053385
5,0.18838741536972803,0.0676526287066299,7.087955652053385
