,tau,theta
0,9.999999999598973,9.99999999938875
1,9.999999999598973,9.99999999938875
2,9.999999999598973,9.99999999938875
3,9.999999999598973,9.99999999938875
4,9.999999999598973,9.99999999938875
5,9.999999999598973,9.99999999938875
6,9.999999999598973,9.99999999938875
7,9.999999999598973,9.99999999938875
8,9.999999999598973,9.99999999938875
9,9.999999999598973,9.99999999938875
10,9.999999999598973,9.99999999938875
