,tau,theta
0,1.8642495824748684,9.999999998902027
1,1.8642495824748684,9.999999998902027
2,1.8642495824748684,9.999999998902027
3,1.8642495824748684,9.999999998902027
4,1.8642495824748684,9.999999998902027
5,1.8642495824748684,9.999999998902027
6,1.8642495824748684,9.999999998902027
7,1.8642495824748684,9.999999998902027
8,1.8642495824748684,9.999999998902027
9,1.8642495824748684,9.999999998902027
10,1.8642495824748684,9.999999998902027
