,tau,theta
0,0.00016660358475649735,4.147673653594065
1,0.00016660358475649735,4.147673653594065
2,0.00016660358475649735,4.147673653594065
3,0.00016660358475649735,4.147673653594065
4,0.00016660358475649735,4.147673653594065
5,0.00016660358475649735,4.147673653594065
