,beta,tau,theta
0,0.023275121773502872,1.2159489672058343,3.253833184436157
1,0.023275121773502872,1.2159489672058343,3.253833184436157
2,0.023275121773502872,1.2159489672058343,3.253833184436157
3,0.023275121773502872,1.2159489672058343,3.253833184436157
4,0.023275121773502872,1.2159489672058343,3.253833184436157
5,0.023275121773502872,1.2159489672058343,3.253833184436157
