,beta,tau,theta
0,0.15280581739960453,5.624945609374868e-09,5.878116203258038
1,0.15280581739960453,5.624945609374868e-09,5.878116203258038
2,0.15280581739960453,5.624945609374868e-09,5.878116203258038
3,0.15280581739960453,5.624945609374868e-09,5.878116203258038
4,0.15280581739960453,5.624945609374868e-09,5.878116203258038
5,0.15280581739960453,5.624945609374868e-09,5.878116203258038
6,0.15280581739960453,5.624945609374868e-09,5.878116203258038
7,0.15280581739960453,5.624945609374868e-09,5.878116203258038
8,0.15280581739960453,5.624945609374868e-09,5.878116203258038
9,0.15280581739960453,5.624945609374868e-09,5.878116203258038
10,0.15280581739960453,5.624945609374868e-09,5.878116203258038
