,tau,theta
0,0.0005293945772933851,3.7227963540084543
1,0.0005293945772933851,3.7227963540084543
2,0.0005293945772933851,3.7227963540084543
3,0.0005293945772933851,3.7227963540084543
4,0.0005293945772933851,3.7227963540084543
5,0.0005293945772933851,3.7227963540084543
