,tau,theta
0,9.999999999284263,9.99999999994297
1,9.999999999284263,9.99999999994297
2,9.999999999284263,9.99999999994297
3,9.999999999284263,9.99999999994297
4,9.999999999284263,9.99999999994297
5,9.999999999284263,9.99999999994297
6,9.999999999284263,9.99999999994297
7,9.999999999284263,9.99999999994297
8,9.999999999284263,9.99999999994297
9,9.999999999284263,9.99999999994297
10,9.999999999284263,9.99999999994297
