,beta,tau,theta
0,6.6708750434602534e-12,9.999999996570534,9.999999999974847
1,6.6708750434602534e-12,9.999999996570534,9.999999999974847
2,6.6708750434602534e-12,9.999999996570534,9.999999999974847
3,6.6708750434602534e-12,9.999999996570534,9.999999999974847
4,6.6708750434602534e-12,9.999999996570534,9.999999999974847
5,6.6708750434602534e-12,9.999999996570534,9.999999999974847
