,beta,tau,theta
0,0.14389343165986068,0.6031385523103578,4.405181860367039
1,0.14389343165986068,0.6031385523103578,4.405181860367039
2,0.14389343165986068,0.6031385523103578,4.405181860367039
3,0.14389343165986068,0.6031385523103578,4.405181860367039
4,0.14389343165986068,0.6031385523103578,4.405181860367039
5,0.14389343165986068,0.6031385523103578,4.405181860367039
6,0.14389343165986068,0.6031385523103578,4.405181860367039
7,0.14389343165986068,0.6031385523103578,4.405181860367039
8,0.14389343165986068,0.6031385523103578,4.405181860367039
9,0.14389343165986068,0.6031385523103578,4.405181860367039
10,0.14389343165986068,0.6031385523103578,4.405181860367039
