,tau,theta
0,9.99999999934878,9.99999999998398
1,9.99999999934878,9.99999999998398
2,9.99999999934878,9.99999999998398
3,9.99999999934878,9.99999999998398
4,9.99999999934878,9.99999999998398
5,9.99999999934878,9.99999999998398
6,9.99999999934878,9.99999999998398
7,9.99999999934878,9.99999999998398
8,9.99999999934878,9.99999999998398
9,9.99999999934878,9.99999999998398
10,9.99999999934878,9.99999999998398
