,tau,theta
0,0.0007795577677200849,1.5688358760252181
1,0.0007795577677200849,1.5688358760252181
2,0.0007795577677200849,1.5688358760252181
3,0.0007795577677200849,1.5688358760252181
4,0.0007795577677200849,1.5688358760252181
5,0.0007795577677200849,1.5688358760252181
