,beta,tau,theta
0,9.999999999999998,9.999999999999991,9.739702237981668
1,9.999999999999998,9.999999999999991,9.739702237981668
2,9.999999999999998,9.999999999999991,9.739702237981668
3,9.999999999999998,9.999999999999991,9.739702237981668
4,9.999999999999998,9.999999999999991,9.739702237981668
5,9.999999999999998,9.999999999999991,9.739702237981668
