,tau,theta
0,9.999999999485834,9.999999999794701
1,9.999999999485834,9.999999999794701
2,9.999999999485834,9.999999999794701
3,9.999999999485834,9.999999999794701
4,9.999999999485834,9.999999999794701
5,9.999999999485834,9.999999999794701
6,9.999999999485834,9.999999999794701
7,9.999999999485834,9.999999999794701
8,9.999999999485834,9.999999999794701
9,9.999999999485834,9.999999999794701
10,9.999999999485834,9.999999999794701
