,beta,tau,theta
0,0.060291273854744074,0.0007608279330213353,7.914804703650424
1,0.060291273854744074,0.0007608279330213353,7.914804703650424
2,0.060291273854744074,0.0007608279330213353,7.914804703650424
3,0.060291273854744074,0.0007608279330213353,7.914804703650424
4,0.060291273854744074,0.0007608279330213353,7.914804703650424
5,0.060291273854744074,0.0007608279330213353,7.914804703650424
