,tau,theta
0,9.999999998902783,9.999999999838252
1,9.999999998902783,9.999999999838252
2,9.999999998902783,9.999999999838252
3,9.999999998902783,9.999999999838252
4,9.999999998902783,9.999999999838252
5,9.999999998902783,9.999999999838252
