,beta,tau,theta
0,4.617257239373656,1.0805391530194814,0.00532789618769024
1,4.617257239373656,1.0805391530194814,0.00532789618769024
2,4.617257239373656,1.0805391530194814,0.00532789618769024
3,4.617257239373656,1.0805391530194814,0.00532789618769024
4,4.617257239373656,1.0805391530194814,0.00532789618769024
5,4.617257239373656,1.0805391530194814,0.00532789618769024
