,tau,theta
0,9.99999999973398,9.999999999999833
1,9.99999999973398,9.999999999999833
2,9.99999999973398,9.999999999999833
3,9.99999999973398,9.999999999999833
4,9.99999999973398,9.999999999999833
5,9.99999999973398,9.999999999999833
6,9.99999999973398,9.999999999999833
7,9.99999999973398,9.999999999999833
8,9.99999999973398,9.999999999999833
9,9.99999999973398,9.999999999999833
10,9.99999999973398,9.999999999999833
