,beta,tau,theta
0,0.06100003020041776,0.9223295780505965,4.025984498722504
1,0.06100003020041776,0.9223295780505965,4.025984498722504
2,0.06100003020041776,0.9223295780505965,4.025984498722504
3,0.06100003020041776,0.9223295780505965,4.025984498722504
4,0.06100003020041776,0.9223295780505965,4.025984498722504
5,0.06100003020041776,0.9223295780505965,4.025984498722504
