,tau,theta
0,9.999999998007702,9.999999999338234
1,9.999999998007702,9.999999999338234
2,9.999999998007702,9.999999999338234
3,9.999999998007702,9.999999999338234
4,9.999999998007702,9.999999999338234
5,9.999999998007702,9.999999999338234
