,beta,tau,theta
0,1.122330779523919e-06,0.24295267851472024,0.4800027141398834
1,1.122330779523919e-06,0.24295267851472024,0.4800027141398834
2,1.122330779523919e-06,0.24295267851472024,0.4800027141398834
3,1.122330779523919e-06,0.24295267851472024,0.4800027141398834
4,1.122330779523919e-06,0.24295267851472024,0.4800027141398834
5,1.122330779523919e-06,0.24295267851472024,0.4800027141398834
