,tau,theta
0,9.999999999028116,9.999999999893078
1,9.999999999028116,9.999999999893078
2,9.999999999028116,9.999999999893078
3,9.999999999028116,9.999999999893078
4,9.999999999028116,9.999999999893078
5,9.999999999028116,9.999999999893078
6,9.999999999028116,9.999999999893078
7,9.999999999028116,9.999999999893078
8,9.999999999028116,9.999999999893078
9,9.999999999028116,9.999999999893078
10,9.999999999028116,9.999999999893078
