,tau,theta
0,0.0464035060051977,0.8513580648176162
1,0.0464035060051977,0.8513580648176162
2,0.0464035060051977,0.8513580648176162
3,0.0464035060051977,0.8513580648176162
4,0.0464035060051977,0.8513580648176162
5,0.0464035060051977,0.8513580648176162
