,beta,tau,theta
0,0.1265329792269122,0.1797777808054719,2.8638994473675905
1,0.1265329792269122,0.1797777808054719,2.8638994473675905
2,0.1265329792269122,0.1797777808054719,2.8638994473675905
3,0.1265329792269122,0.1797777808054719,2.8638994473675905
4,0.1265329792269122,0.1797777808054719,2.8638994473675905
5,0.1265329792269122,0.1797777808054719,2.8638994473675905
6,0.1265329792269122,0.1797777808054719,2.8638994473675905
7,0.1265329792269122,0.1797777808054719,2.8638994473675905
8,0.1265329792269122,0.1797777808054719,2.8638994473675905
9,0.1265329792269122,0.1797777808054719,2.8638994473675905
10,0.1265329792269122,0.1797777808054719,2.8638994473675905
