,beta,tau,theta
0,0.9242151242823677,0.00523619942252983,2.060809272846174
1,0.9242151242823677,0.00523619942252983,2.060809272846174
2,0.9242151242823677,0.00523619942252983,2.060809272846174
3,0.9242151242823677,0.00523619942252983,2.060809272846174
4,0.9242151242823677,0.00523619942252983,2.060809272846174
5,0.9242151242823677,0.00523619942252983,2.060809272846174
