,beta,tau,theta
0,0.1052270230736758,0.5601816461745031,3.6574944610274502
1,0.1052270230736758,0.5601816461745031,3.6574944610274502
2,0.1052270230736758,0.5601816461745031,3.6574944610274502
3,0.1052270230736758,0.5601816461745031,3.6574944610274502
4,0.1052270230736758,0.5601816461745031,3.6574944610274502
5,0.1052270230736758,0.5601816461745031,3.6574944610274502
