,tau,theta
0,9.99999999794791,9.999999999804208
1,9.99999999794791,9.999999999804208
2,9.99999999794791,9.999999999804208
3,9.99999999794791,9.999999999804208
4,9.99999999794791,9.999999999804208
5,9.99999999794791,9.999999999804208
