,tau,theta
0,9.999999999593596,9.999999999974749
1,9.999999999593596,9.999999999974749
2,9.999999999593596,9.999999999974749
3,9.999999999593596,9.999999999974749
4,9.999999999593596,9.999999999974749
5,9.999999999593596,9.999999999974749
6,9.999999999593596,9.999999999974749
7,9.999999999593596,9.999999999974749
8,9.999999999593596,9.999999999974749
9,9.999999999593596,9.999999999974749
10,9.999999999593596,9.999999999974749
