,beta,tau,theta
0,9.999999999998195,9.999999999999849,9.887622132950217
1,9.999999999998195,9.999999999999849,9.887622132950217
2,9.999999999998195,9.999999999999849,9.887622132950217
3,9.999999999998195,9.999999999999849,9.887622132950217
4,9.999999999998195,9.999999999999849,9.887622132950217
5,9.999999999998195,9.999999999999849,9.887622132950217
