,tau,theta
0,0.0502481725843341,0.582502527640893
1,0.0502481725843341,0.582502527640893
2,0.0502481725843341,0.582502527640893
3,0.0502481725843341,0.582502527640893
4,0.0502481725843341,0.582502527640893
5,0.0502481725843341,0.582502527640893
