,beta,tau,theta
0,1.0647118733938986e-14,9.999999998240618,9.999999998681805
1,1.0647118733938986e-14,9.999999998240618,9.999999998681805
2,1.0647118733938986e-14,9.999999998240618,9.999999998681805
3,1.0647118733938986e-14,9.999999998240618,9.999999998681805
4,1.0647118733938986e-14,9.999999998240618,9.999999998681805
5,1.0647118733938986e-14,9.999999998240618,9.999999998681805
