,tau,theta
0,9.999999998714017,9.999999999984812
1,9.999999998714017,9.999999999984812
2,9.999999998714017,9.999999999984812
3,9.999999998714017,9.999999999984812
4,9.999999998714017,9.999999999984812
5,9.999999998714017,9.999999999984812
