,tau,theta
0,0.04359981175863291,0.7797691980997735
1,0.04359981175863291,0.7797691980997735
2,0.04359981175863291,0.7797691980997735
3,0.04359981175863291,0.7797691980997735
4,0.04359981175863291,0.7797691980997735
5,0.04359981175863291,0.7797691980997735
