,tau,theta
0,0.018957855042316497,1.5267170658284623
1,0.018957855042316497,1.5267170658284623
2,0.018957855042316497,1.5267170658284623
3,0.018957855042316497,1.5267170658284623
4,0.018957855042316497,1.5267170658284623
5,0.018957855042316497,1.5267170658284623
