,tau,theta
0,0.0017707639137466314,1.5349803447720483
1,0.0017707639137466314,1.5349803447720483
2,0.0017707639137466314,1.5349803447720483
3,0.0017707639137466314,1.5349803447720483
4,0.0017707639137466314,1.5349803447720483
5,0.0017707639137466314,1.5349803447720483
