,beta,tau,theta
0,0.008179239785143889,0.3306152388772916,2.869835686928334
1,0.008179239785143889,0.3306152388772916,2.869835686928334
2,0.008179239785143889,0.3306152388772916,2.869835686928334
3,0.008179239785143889,0.3306152388772916,2.869835686928334
4,0.008179239785143889,0.3306152388772916,2.869835686928334
5,0.008179239785143889,0.3306152388772916,2.869835686928334
6,0.008179239785143889,0.3306152388772916,2.869835686928334
7,0.008179239785143889,0.3306152388772916,2.869835686928334
8,0.008179239785143889,0.3306152388772916,2.869835686928334
9,0.008179239785143889,0.3306152388772916,2.869835686928334
10,0.008179239785143889,0.3306152388772916,2.869835686928334
