,beta,tau,theta
0,9.999999999991426,9.999999999999948,9.525357780466933
1,9.999999999991426,9.999999999999948,9.525357780466933
2,9.999999999991426,9.999999999999948,9.525357780466933
3,9.999999999991426,9.999999999999948,9.525357780466933
4,9.999999999991426,9.999999999999948,9.525357780466933
5,9.999999999991426,9.999999999999948,9.525357780466933
6,9.999999999991426,9.999999999999948,9.525357780466933
7,9.999999999991426,9.999999999999948,9.525357780466933
8,9.999999999991426,9.999999999999948,9.525357780466933
9,9.999999999991426,9.999999999999948,9.525357780466933
10,9.999999999991426,9.999999999999948,9.525357780466933
