,beta,tau,theta
0,0.05059834579410959,0.039146290983686036,4.053328608905154
1,0.05059834579410959,0.039146290983686036,4.053328608905154
2,0.05059834579410959,0.039146290983686036,4.053328608905154
3,0.05059834579410959,0.039146290983686036,4.053328608905154
4,0.05059834579410959,0.039146290983686036,4.053328608905154
5,0.05059834579410959,0.039146290983686036,4.053328608905154
