,beta,tau,theta
0,9.999999999999748,10.0,7.050828226758727
1,9.999999999999748,10.0,7.050828226758727
2,9.999999999999748,10.0,7.050828226758727
3,9.999999999999748,10.0,7.050828226758727
4,9.999999999999748,10.0,7.050828226758727
5,9.999999999999748,10.0,7.050828226758727
6,9.999999999999748,10.0,7.050828226758727
7,9.999999999999748,10.0,7.050828226758727
8,9.999999999999748,10.0,7.050828226758727
9,9.999999999999748,10.0,7.050828226758727
10,9.999999999999748,10.0,7.050828226758727
