,tau,theta
0,9.999999999789711,9.999999999924595
1,9.999999999789711,9.999999999924595
2,9.999999999789711,9.999999999924595
3,9.999999999789711,9.999999999924595
4,9.999999999789711,9.999999999924595
5,9.999999999789711,9.999999999924595
6,9.999999999789711,9.999999999924595
7,9.999999999789711,9.999999999924595
8,9.999999999789711,9.999999999924595
9,9.999999999789711,9.999999999924595
10,9.999999999789711,9.999999999924595
