,beta,tau,theta
0,0.24062409776090599,0.2034145566781227,2.0658762264768056
1,0.24062409776090599,0.2034145566781227,2.0658762264768056
2,0.24062409776090599,0.2034145566781227,2.0658762264768056
3,0.24062409776090599,0.2034145566781227,2.0658762264768056
4,0.24062409776090599,0.2034145566781227,2.0658762264768056
5,0.24062409776090599,0.2034145566781227,2.0658762264768056
