,beta,tau,theta
0,1.2759958241130591,0.004666688152202936,1.775285967251059
1,1.2759958241130591,0.004666688152202936,1.775285967251059
2,1.2759958241130591,0.004666688152202936,1.775285967251059
3,1.2759958241130591,0.004666688152202936,1.775285967251059
4,1.2759958241130591,0.004666688152202936,1.775285967251059
5,1.2759958241130591,0.004666688152202936,1.775285967251059
