,beta,tau,theta
0,9.999999999993374,9.999999999998968,7.017982930298724
1,9.999999999993374,9.999999999998968,7.017982930298724
2,9.999999999993374,9.999999999998968,7.017982930298724
3,9.999999999993374,9.999999999998968,7.017982930298724
4,9.999999999993374,9.999999999998968,7.017982930298724
5,9.999999999993374,9.999999999998968,7.017982930298724
