,tau,theta
0,0.11419534674733732,9.99999999887011
1,0.11419534674733732,9.99999999887011
2,0.11419534674733732,9.99999999887011
3,0.11419534674733732,9.99999999887011
4,0.11419534674733732,9.99999999887011
5,0.11419534674733732,9.99999999887011
6,0.11419534674733732,9.99999999887011
7,0.11419534674733732,9.99999999887011
8,0.11419534674733732,9.99999999887011
9,0.11419534674733732,9.99999999887011
10,0.11419534674733732,9.99999999887011
