,tau,theta
0,0.13229097415438162,9.999999997501785
1,0.13229097415438162,9.999999997501785
2,0.13229097415438162,9.999999997501785
3,0.13229097415438162,9.999999997501785
4,0.13229097415438162,9.999999997501785
5,0.13229097415438162,9.999999997501785
6,0.13229097415438162,9.999999997501785
7,0.13229097415438162,9.999999997501785
8,0.13229097415438162,9.999999997501785
9,0.13229097415438162,9.999999997501785
10,0.13229097415438162,9.999999997501785
