,beta,tau,theta
0,0.04851097101652556,1.9259327612238115,0.4877651411472729
1,0.04851097101652556,1.9259327612238115,0.4877651411472729
2,0.04851097101652556,1.9259327612238115,0.4877651411472729
3,0.04851097101652556,1.9259327612238115,0.4877651411472729
4,0.04851097101652556,1.9259327612238115,0.4877651411472729
5,0.04851097101652556,1.9259327612238115,0.4877651411472729
