,tau,theta
0,9.99999999929665,9.999999999999183
1,9.99999999929665,9.999999999999183
2,9.99999999929665,9.999999999999183
3,9.99999999929665,9.999999999999183
4,9.99999999929665,9.999999999999183
5,9.99999999929665,9.999999999999183
