,beta,tau,theta
0,2.367432978070372,0.602161009277329,0.07427671607835705
1,2.367432978070372,0.602161009277329,0.07427671607835705
2,2.367432978070372,0.602161009277329,0.07427671607835705
3,2.367432978070372,0.602161009277329,0.07427671607835705
4,2.367432978070372,0.602161009277329,0.07427671607835705
5,2.367432978070372,0.602161009277329,0.07427671607835705
6,2.367432978070372,0.602161009277329,0.07427671607835705
7,2.367432978070372,0.602161009277329,0.07427671607835705
8,2.367432978070372,0.602161009277329,0.07427671607835705
9,2.367432978070372,0.602161009277329,0.07427671607835705
10,2.367432978070372,0.602161009277329,0.07427671607835705
