,beta,tau,theta
0,0.08989536809966402,3.9174909527508455e-08,4.277700651039991
1,0.08989536809966402,3.9174909527508455e-08,4.277700651039991
2,0.08989536809966402,3.9174909527508455e-08,4.277700651039991
3,0.08989536809966402,3.9174909527508455e-08,4.277700651039991
4,0.08989536809966402,3.9174909527508455e-08,4.277700651039991
5,0.08989536809966402,3.9174909527508455e-08,4.277700651039991
6,0.08989536809966402,3.9174909527508455e-08,4.277700651039991
7,0.08989536809966402,3.9174909527508455e-08,4.277700651039991
8,0.08989536809966402,3.9174909527508455e-08,4.277700651039991
9,0.08989536809966402,3.9174909527508455e-08,4.277700651039991
10,0.08989536809966402,3.9174909527508455e-08,4.277700651039991
