,beta,tau,theta
0,0.07051703758492743,2.607984269339052,3.7609029975663413
1,0.07051703758492743,2.607984269339052,3.7609029975663413
2,0.07051703758492743,2.607984269339052,3.7609029975663413
3,0.07051703758492743,2.607984269339052,3.7609029975663413
4,0.07051703758492743,2.607984269339052,3.7609029975663413
5,0.07051703758492743,2.607984269339052,3.7609029975663413
6,0.07051703758492743,2.607984269339052,3.7609029975663413
7,0.07051703758492743,2.607984269339052,3.7609029975663413
8,0.07051703758492743,2.607984269339052,3.7609029975663413
9,0.07051703758492743,2.607984269339052,3.7609029975663413
10,0.07051703758492743,2.607984269339052,3.7609029975663413
