,beta,tau,theta
0,0.07243902747605956,2.088753683470665,0.5407830835733464
1,0.07243902747605956,2.088753683470665,0.5407830835733464
2,0.07243902747605956,2.088753683470665,0.5407830835733464
3,0.07243902747605956,2.088753683470665,0.5407830835733464
4,0.07243902747605956,2.088753683470665,0.5407830835733464
5,0.07243902747605956,2.088753683470665,0.5407830835733464
