,tau,theta
0,9.999999998861561,9.999999999847642
1,9.999999998861561,9.999999999847642
2,9.999999998861561,9.999999999847642
3,9.999999998861561,9.999999999847642
4,9.999999998861561,9.999999999847642
5,9.999999998861561,9.999999999847642
