,beta,tau,theta
0,9.999999999996879,9.999999999998531,0.740368348066694
1,9.999999999996879,9.999999999998531,0.740368348066694
2,9.999999999996879,9.999999999998531,0.740368348066694
3,9.999999999996879,9.999999999998531,0.740368348066694
4,9.999999999996879,9.999999999998531,0.740368348066694
5,9.999999999996879,9.999999999998531,0.740368348066694
