,tau,theta
0,9.999999999014745,9.999999999842748
1,9.999999999014745,9.999999999842748
2,9.999999999014745,9.999999999842748
3,9.999999999014745,9.999999999842748
4,9.999999999014745,9.999999999842748
5,9.999999999014745,9.999999999842748
