,beta,tau,theta
0,6.551115123125783e-16,0.05463843623263308,0.8355679387618987
1,6.551115123125783e-16,0.05463843623263308,0.8355679387618987
2,6.551115123125783e-16,0.05463843623263308,0.8355679387618987
3,6.551115123125783e-16,0.05463843623263308,0.8355679387618987
4,6.551115123125783e-16,0.05463843623263308,0.8355679387618987
5,6.551115123125783e-16,0.05463843623263308,0.8355679387618987
