,beta,tau,theta
0,9.999999999658485,9.999999999980426,7.703893164806703
1,9.999999999658485,9.999999999980426,7.703893164806703
2,9.999999999658485,9.999999999980426,7.703893164806703
3,9.999999999658485,9.999999999980426,7.703893164806703
4,9.999999999658485,9.999999999980426,7.703893164806703
5,9.999999999658485,9.999999999980426,7.703893164806703
