,beta,tau,theta
0,9.999999999994055,9.99999999999777,9.166533053961807
1,9.999999999994055,9.99999999999777,9.166533053961807
2,9.999999999994055,9.99999999999777,9.166533053961807
3,9.999999999994055,9.99999999999777,9.166533053961807
4,9.999999999994055,9.99999999999777,9.166533053961807
5,9.999999999994055,9.99999999999777,9.166533053961807
