,tau,theta
0,9.99999999970855,9.999999999334237
1,9.99999999970855,9.999999999334237
2,9.99999999970855,9.999999999334237
3,9.99999999970855,9.999999999334237
4,9.99999999970855,9.999999999334237
5,9.99999999970855,9.999999999334237
6,9.99999999970855,9.999999999334237
7,9.99999999970855,9.999999999334237
8,9.99999999970855,9.999999999334237
9,9.99999999970855,9.999999999334237
10,9.99999999970855,9.999999999334237
