,beta,tau,theta
0,1e-16,1.2606975444524449,1.2581715276183925e-06
1,1e-16,1.2606975444524449,1.2581715276183925e-06
2,1e-16,1.2606975444524449,1.2581715276183925e-06
3,1e-16,1.2606975444524449,1.2581715276183925e-06
4,1e-16,1.2606975444524449,1.2581715276183925e-06
5,1e-16,1.2606975444524449,1.2581715276183925e-06
