,beta,tau,theta
0,0.47394562161430076,1.5462547711833508,3.528359860681589
1,0.47394562161430076,1.5462547711833508,3.528359860681589
2,0.47394562161430076,1.5462547711833508,3.528359860681589
3,0.47394562161430076,1.5462547711833508,3.528359860681589
4,0.47394562161430076,1.5462547711833508,3.528359860681589
5,0.47394562161430076,1.5462547711833508,3.528359860681589
