,tau,theta
0,9.999999999366647,9.99999999998456
1,9.999999999366647,9.99999999998456
2,9.999999999366647,9.99999999998456
3,9.999999999366647,9.99999999998456
4,9.999999999366647,9.99999999998456
5,9.999999999366647,9.99999999998456
