,beta,tau,theta
0,0.006537236076275643,0.5077736868996348,2.057941416905023
1,0.006537236076275643,0.5077736868996348,2.057941416905023
2,0.006537236076275643,0.5077736868996348,2.057941416905023
3,0.006537236076275643,0.5077736868996348,2.057941416905023
4,0.006537236076275643,0.5077736868996348,2.057941416905023
5,0.006537236076275643,0.5077736868996348,2.057941416905023
