,beta,tau,theta
0,0.09495806650036419,0.6097072451523162,5.493573436159003
1,0.09495806650036419,0.6097072451523162,5.493573436159003
2,0.09495806650036419,0.6097072451523162,5.493573436159003
3,0.09495806650036419,0.6097072451523162,5.493573436159003
4,0.09495806650036419,0.6097072451523162,5.493573436159003
5,0.09495806650036419,0.6097072451523162,5.493573436159003
