,beta,tau,theta
0,4.518928189257175,1.5203523323093326,4.127277584541352e-05
1,4.518928189257175,1.5203523323093326,4.127277584541352e-05
2,4.518928189257175,1.5203523323093326,4.127277584541352e-05
3,4.518928189257175,1.5203523323093326,4.127277584541352e-05
4,4.518928189257175,1.5203523323093326,4.127277584541352e-05
5,4.518928189257175,1.5203523323093326,4.127277584541352e-05
