,tau,theta
0,9.999999999979279,9.999999999088917
1,9.999999999979279,9.999999999088917
2,9.999999999979279,9.999999999088917
3,9.999999999979279,9.999999999088917
4,9.999999999979279,9.999999999088917
5,9.999999999979279,9.999999999088917
6,9.999999999979279,9.999999999088917
7,9.999999999979279,9.999999999088917
8,9.999999999979279,9.999999999088917
9,9.999999999979279,9.999999999088917
10,9.999999999979279,9.999999999088917
