,beta,tau,theta
0,2.0639125955565397e-14,0.028721407171683023,2.1425021752553377
1,2.0639125955565397e-14,0.028721407171683023,2.1425021752553377
2,2.0639125955565397e-14,0.028721407171683023,2.1425021752553377
3,2.0639125955565397e-14,0.028721407171683023,2.1425021752553377
4,2.0639125955565397e-14,0.028721407171683023,2.1425021752553377
5,2.0639125955565397e-14,0.028721407171683023,2.1425021752553377
