,beta,tau,theta
0,0.6021805052513491,9.404767030715354e-08,3.2716892295408115
1,0.6021805052513491,9.404767030715354e-08,3.2716892295408115
2,0.6021805052513491,9.404767030715354e-08,3.2716892295408115
3,0.6021805052513491,9.404767030715354e-08,3.2716892295408115
4,0.6021805052513491,9.404767030715354e-08,3.2716892295408115
5,0.6021805052513491,9.404767030715354e-08,3.2716892295408115
