,beta,tau,theta
0,0.10712244224719235,0.0068475646201383465,0.3041446397558357
1,0.10712244224719235,0.0068475646201383465,0.3041446397558357
2,0.10712244224719235,0.0068475646201383465,0.3041446397558357
3,0.10712244224719235,0.0068475646201383465,0.3041446397558357
4,0.10712244224719235,0.0068475646201383465,0.3041446397558357
5,0.10712244224719235,0.0068475646201383465,0.3041446397558357
