,beta,tau,theta
0,0.2777396942391853,0.00047129572213709957,6.528699798017112
1,0.2777396942391853,0.00047129572213709957,6.528699798017112
2,0.2777396942391853,0.00047129572213709957,6.528699798017112
3,0.2777396942391853,0.00047129572213709957,6.528699798017112
4,0.2777396942391853,0.00047129572213709957,6.528699798017112
5,0.2777396942391853,0.00047129572213709957,6.528699798017112
