,beta,tau,theta
0,0.3385947679536778,0.001483039724918911,9.99999999778138
1,0.3385947679536778,0.001483039724918911,9.99999999778138
2,0.3385947679536778,0.001483039724918911,9.99999999778138
3,0.3385947679536778,0.001483039724918911,9.99999999778138
4,0.3385947679536778,0.001483039724918911,9.99999999778138
5,0.3385947679536778,0.001483039724918911,9.99999999778138
