,beta,tau,theta
0,9.99999999999266,9.999999999999917,9.05427425653976
1,9.99999999999266,9.999999999999917,9.05427425653976
2,9.99999999999266,9.999999999999917,9.05427425653976
3,9.99999999999266,9.999999999999917,9.05427425653976
4,9.99999999999266,9.999999999999917,9.05427425653976
5,9.99999999999266,9.999999999999917,9.05427425653976
