,beta,tau,theta
0,0.06222879569266325,0.0964258734187846,0.5071090708112753
1,0.06222879569266325,0.0964258734187846,0.5071090708112753
2,0.06222879569266325,0.0964258734187846,0.5071090708112753
3,0.06222879569266325,0.0964258734187846,0.5071090708112753
4,0.06222879569266325,0.0964258734187846,0.5071090708112753
5,0.06222879569266325,0.0964258734187846,0.5071090708112753
