,tau,theta
0,0.006215642835880708,2.1252382471940665
1,0.006215642835880708,2.1252382471940665
2,0.006215642835880708,2.1252382471940665
3,0.006215642835880708,2.1252382471940665
4,0.006215642835880708,2.1252382471940665
5,0.006215642835880708,2.1252382471940665
6,0.006215642835880708,2.1252382471940665
7,0.006215642835880708,2.1252382471940665
8,0.006215642835880708,2.1252382471940665
9,0.006215642835880708,2.1252382471940665
10,0.006215642835880708,2.1252382471940665
