,tau,theta
0,0.02714752486846893,1.412635030887499
1,0.02714752486846893,1.412635030887499
2,0.02714752486846893,1.412635030887499
3,0.02714752486846893,1.412635030887499
4,0.02714752486846893,1.412635030887499
5,0.02714752486846893,1.412635030887499
