,beta,tau,theta
0,0.02347653731757503,2.2884926158848424,2.3308924664603485
1,0.02347653731757503,2.2884926158848424,2.3308924664603485
2,0.02347653731757503,2.2884926158848424,2.3308924664603485
3,0.02347653731757503,2.2884926158848424,2.3308924664603485
4,0.02347653731757503,2.2884926158848424,2.3308924664603485
5,0.02347653731757503,2.2884926158848424,2.3308924664603485
