,beta,tau,theta
0,9.99999999997626,9.999999999995936,7.66751039393667
1,9.99999999997626,9.999999999995936,7.66751039393667
2,9.99999999997626,9.999999999995936,7.66751039393667
3,9.99999999997626,9.999999999995936,7.66751039393667
4,9.99999999997626,9.999999999995936,7.66751039393667
5,9.99999999997626,9.999999999995936,7.66751039393667
