,beta,tau,theta
0,0.022728929891364758,2.067410770356894,3.428381876338711
1,0.022728929891364758,2.067410770356894,3.428381876338711
2,0.022728929891364758,2.067410770356894,3.428381876338711
3,0.022728929891364758,2.067410770356894,3.428381876338711
4,0.022728929891364758,2.067410770356894,3.428381876338711
5,0.022728929891364758,2.067410770356894,3.428381876338711
