,beta,tau,theta
0,0.032382298193710066,5.200948060825415,2.52159689058728
1,0.032382298193710066,5.200948060825415,2.52159689058728
2,0.032382298193710066,5.200948060825415,2.52159689058728
3,0.032382298193710066,5.200948060825415,2.52159689058728
4,0.032382298193710066,5.200948060825415,2.52159689058728
5,0.032382298193710066,5.200948060825415,2.52159689058728
6,0.032382298193710066,5.200948060825415,2.52159689058728
7,0.032382298193710066,5.200948060825415,2.52159689058728
8,0.032382298193710066,5.200948060825415,2.52159689058728
9,0.032382298193710066,5.200948060825415,2.52159689058728
10,0.032382298193710066,5.200948060825415,2.52159689058728
