,tau,theta
0,0.00018161453954067548,0.6291810909643965
1,0.00018161453954067548,0.6291810909643965
2,0.00018161453954067548,0.6291810909643965
3,0.00018161453954067548,0.6291810909643965
4,0.00018161453954067548,0.6291810909643965
5,0.00018161453954067548,0.6291810909643965
