,beta,tau,theta
0,0.015654924231451418,3.224380006048756,3.3639473057018208
1,0.015654924231451418,3.224380006048756,3.3639473057018208
2,0.015654924231451418,3.224380006048756,3.3639473057018208
3,0.015654924231451418,3.224380006048756,3.3639473057018208
4,0.015654924231451418,3.224380006048756,3.3639473057018208
5,0.015654924231451418,3.224380006048756,3.3639473057018208
