,beta,tau,theta
0,9.999999999999865,9.999999999999998,9.383163396844862
1,9.999999999999865,9.999999999999998,9.383163396844862
2,9.999999999999865,9.999999999999998,9.383163396844862
3,9.999999999999865,9.999999999999998,9.383163396844862
4,9.999999999999865,9.999999999999998,9.383163396844862
5,9.999999999999865,9.999999999999998,9.383163396844862
