,tau,theta
0,0.03974914012513052,0.8746717537145611
1,0.03974914012513052,0.8746717537145611
2,0.03974914012513052,0.8746717537145611
3,0.03974914012513052,0.8746717537145611
4,0.03974914012513052,0.8746717537145611
5,0.03974914012513052,0.8746717537145611
