,beta,tau,theta
0,9.999999999994898,9.999999999935437,2.1434830963288714
1,9.999999999994898,9.999999999935437,2.1434830963288714
2,9.999999999994898,9.999999999935437,2.1434830963288714
3,9.999999999994898,9.999999999935437,2.1434830963288714
4,9.999999999994898,9.999999999935437,2.1434830963288714
5,9.999999999994898,9.999999999935437,2.1434830963288714
