,beta,tau,theta
0,9.999999999967766,9.999999999932733,4.52187921399603
1,9.999999999967766,9.999999999932733,4.52187921399603
2,9.999999999967766,9.999999999932733,4.52187921399603
3,9.999999999967766,9.999999999932733,4.52187921399603
4,9.999999999967766,9.999999999932733,4.52187921399603
5,9.999999999967766,9.999999999932733,4.52187921399603
