,beta,tau,theta
0,1.6355464038113976,0.0006491954725097338,1.0877581014337538
1,1.6355464038113976,0.0006491954725097338,1.0877581014337538
2,1.6355464038113976,0.0006491954725097338,1.0877581014337538
3,1.6355464038113976,0.0006491954725097338,1.0877581014337538
4,1.6355464038113976,0.0006491954725097338,1.0877581014337538
5,1.6355464038113976,0.0006491954725097338,1.0877581014337538
