,beta,tau,theta
0,0.07059320475318774,0.8736507554983642,4.241075577446351
1,0.07059320475318774,0.8736507554983642,4.241075577446351
2,0.07059320475318774,0.8736507554983642,4.241075577446351
3,0.07059320475318774,0.8736507554983642,4.241075577446351
4,0.07059320475318774,0.8736507554983642,4.241075577446351
5,0.07059320475318774,0.8736507554983642,4.241075577446351
6,0.07059320475318774,0.8736507554983642,4.241075577446351
7,0.07059320475318774,0.8736507554983642,4.241075577446351
8,0.07059320475318774,0.8736507554983642,4.241075577446351
9,0.07059320475318774,0.8736507554983642,4.241075577446351
10,0.07059320475318774,0.8736507554983642,4.241075577446351
