,tau,theta
0,0.00815268145323077,1.0572445703991868
1,0.00815268145323077,1.0572445703991868
2,0.00815268145323077,1.0572445703991868
3,0.00815268145323077,1.0572445703991868
4,0.00815268145323077,1.0572445703991868
5,0.00815268145323077,1.0572445703991868
