,tau,theta
0,0.018184659660476877,1.3358804081561475
1,0.018184659660476877,1.3358804081561475
2,0.018184659660476877,1.3358804081561475
3,0.018184659660476877,1.3358804081561475
4,0.018184659660476877,1.3358804081561475
5,0.018184659660476877,1.3358804081561475
