,tau,theta
0,0.0009301730303713396,0.48052079671137515
1,0.0009301730303713396,0.48052079671137515
2,0.0009301730303713396,0.48052079671137515
3,0.0009301730303713396,0.48052079671137515
4,0.0009301730303713396,0.48052079671137515
5,0.0009301730303713396,0.48052079671137515
