,beta,tau,theta
0,0.019358525373766134,2.7652711700010615,3.4959097583416954
1,0.019358525373766134,2.7652711700010615,3.4959097583416954
2,0.019358525373766134,2.7652711700010615,3.4959097583416954
3,0.019358525373766134,2.7652711700010615,3.4959097583416954
4,0.019358525373766134,2.7652711700010615,3.4959097583416954
5,0.019358525373766134,2.7652711700010615,3.4959097583416954
