,beta,tau,theta
0,0.49543010579685864,0.08630884295911866,4.058890686472955
1,0.49543010579685864,0.08630884295911866,4.058890686472955
2,0.49543010579685864,0.08630884295911866,4.058890686472955
3,0.49543010579685864,0.08630884295911866,4.058890686472955
4,0.49543010579685864,0.08630884295911866,4.058890686472955
5,0.49543010579685864,0.08630884295911866,4.058890686472955
