,beta,tau,theta
0,1e-16,0.210811849335651,7.293890057499473e-08
1,1e-16,0.210811849335651,7.293890057499473e-08
2,1e-16,0.210811849335651,7.293890057499473e-08
3,1e-16,0.210811849335651,7.293890057499473e-08
4,1e-16,0.210811849335651,7.293890057499473e-08
5,1e-16,0.210811849335651,7.293890057499473e-08
