,beta,tau,theta
0,0.05566883906755869,0.07640603289298174,2.007437641310768
1,0.05566883906755869,0.07640603289298174,2.007437641310768
2,0.05566883906755869,0.07640603289298174,2.007437641310768
3,0.05566883906755869,0.07640603289298174,2.007437641310768
4,0.05566883906755869,0.07640603289298174,2.007437641310768
5,0.05566883906755869,0.07640603289298174,2.007437641310768
