,beta,tau,theta
0,9.999999999992063,9.999999999992786,8.069932181071673
1,9.999999999992063,9.999999999992786,8.069932181071673
2,9.999999999992063,9.999999999992786,8.069932181071673
3,9.999999999992063,9.999999999992786,8.069932181071673
4,9.999999999992063,9.999999999992786,8.069932181071673
5,9.999999999992063,9.999999999992786,8.069932181071673
