,beta,tau,theta
0,0.0030701135585765485,9.999999999974303,6.026023401329011
1,0.0030701135585765485,9.999999999974303,6.026023401329011
2,0.0030701135585765485,9.999999999974303,6.026023401329011
3,0.0030701135585765485,9.999999999974303,6.026023401329011
4,0.0030701135585765485,9.999999999974303,6.026023401329011
5,0.0030701135585765485,9.999999999974303,6.026023401329011
