,tau,theta
0,9.999999998869015,9.999999999900638
1,9.999999998869015,9.999999999900638
2,9.999999998869015,9.999999999900638
3,9.999999998869015,9.999999999900638
4,9.999999998869015,9.999999999900638
5,9.999999998869015,9.999999999900638
6,9.999999998869015,9.999999999900638
7,9.999999998869015,9.999999999900638
8,9.999999998869015,9.999999999900638
9,9.999999998869015,9.999999999900638
10,9.999999998869015,9.999999999900638
