,beta,tau,theta
0,0.04857939921532005,1.2617465661706007,1.37535602769436
1,0.04857939921532005,1.2617465661706007,1.37535602769436
2,0.04857939921532005,1.2617465661706007,1.37535602769436
3,0.04857939921532005,1.2617465661706007,1.37535602769436
4,0.04857939921532005,1.2617465661706007,1.37535602769436
5,0.04857939921532005,1.2617465661706007,1.37535602769436
6,0.04857939921532005,1.2617465661706007,1.37535602769436
7,0.04857939921532005,1.2617465661706007,1.37535602769436
8,0.04857939921532005,1.2617465661706007,1.37535602769436
9,0.04857939921532005,1.2617465661706007,1.37535602769436
10,0.04857939921532005,1.2617465661706007,1.37535602769436
