,tau,theta
0,9.999999997962728,9.999999999856948
1,9.999999997962728,9.999999999856948
2,9.999999997962728,9.999999999856948
3,9.999999997962728,9.999999999856948
4,9.999999997962728,9.999999999856948
5,9.999999997962728,9.999999999856948
