,beta,tau,theta
0,9.999999999999932,9.999999999983979,2.256039984323055
1,9.999999999999932,9.999999999983979,2.256039984323055
2,9.999999999999932,9.999999999983979,2.256039984323055
3,9.999999999999932,9.999999999983979,2.256039984323055
4,9.999999999999932,9.999999999983979,2.256039984323055
5,9.999999999999932,9.999999999983979,2.256039984323055
