,beta,tau,theta
0,0.12188020161357736,1.5191975357630776,3.0267825423787675
1,0.12188020161357736,1.5191975357630776,3.0267825423787675
2,0.12188020161357736,1.5191975357630776,3.0267825423787675
3,0.12188020161357736,1.5191975357630776,3.0267825423787675
4,0.12188020161357736,1.5191975357630776,3.0267825423787675
5,0.12188020161357736,1.5191975357630776,3.0267825423787675
6,0.12188020161357736,1.5191975357630776,3.0267825423787675
7,0.12188020161357736,1.5191975357630776,3.0267825423787675
8,0.12188020161357736,1.5191975357630776,3.0267825423787675
9,0.12188020161357736,1.5191975357630776,3.0267825423787675
10,0.12188020161357736,1.5191975357630776,3.0267825423787675
