,tau,theta
0,0.015531063410955216,1.2568449227856138
1,0.015531063410955216,1.2568449227856138
2,0.015531063410955216,1.2568449227856138
3,0.015531063410955216,1.2568449227856138
4,0.015531063410955216,1.2568449227856138
5,0.015531063410955216,1.2568449227856138
6,0.015531063410955216,1.2568449227856138
7,0.015531063410955216,1.2568449227856138
8,0.015531063410955216,1.2568449227856138
9,0.015531063410955216,1.2568449227856138
10,0.015531063410955216,1.2568449227856138
