,tau,theta
0,0.000998286507847379,0.23800232077619066
1,0.000998286507847379,0.23800232077619066
2,0.000998286507847379,0.23800232077619066
3,0.000998286507847379,0.23800232077619066
4,0.000998286507847379,0.23800232077619066
5,0.000998286507847379,0.23800232077619066
