,tau,theta
0,0.05173614346677523,0.26267175774642393
1,0.05173614346677523,0.26267175774642393
2,0.05173614346677523,0.26267175774642393
3,0.05173614346677523,0.26267175774642393
4,0.05173614346677523,0.26267175774642393
5,0.05173614346677523,0.26267175774642393
