,tau,theta
0,0.127824832088544,9.999999999011317
1,0.127824832088544,9.999999999011317
2,0.127824832088544,9.999999999011317
3,0.127824832088544,9.999999999011317
4,0.127824832088544,9.999999999011317
5,0.127824832088544,9.999999999011317
6,0.127824832088544,9.999999999011317
7,0.127824832088544,9.999999999011317
8,0.127824832088544,9.999999999011317
9,0.127824832088544,9.999999999011317
10,0.127824832088544,9.999999999011317
