,beta,tau,theta
0,8.17567857643975,2.048247809865391,0.007738569081124458
1,8.17567857643975,2.048247809865391,0.007738569081124458
2,8.17567857643975,2.048247809865391,0.007738569081124458
3,8.17567857643975,2.048247809865391,0.007738569081124458
4,8.17567857643975,2.048247809865391,0.007738569081124458
5,8.17567857643975,2.048247809865391,0.007738569081124458
