,beta,tau,theta
0,0.15058768593361094,4.568038825061285e-09,1.4156714556884071
1,0.15058768593361094,4.568038825061285e-09,1.4156714556884071
2,0.15058768593361094,4.568038825061285e-09,1.4156714556884071
3,0.15058768593361094,4.568038825061285e-09,1.4156714556884071
4,0.15058768593361094,4.568038825061285e-09,1.4156714556884071
5,0.15058768593361094,4.568038825061285e-09,1.4156714556884071
