,tau,theta
0,9.999999999405576,9.999999999464931
1,9.999999999405576,9.999999999464931
2,9.999999999405576,9.999999999464931
3,9.999999999405576,9.999999999464931
4,9.999999999405576,9.999999999464931
5,9.999999999405576,9.999999999464931
6,9.999999999405576,9.999999999464931
7,9.999999999405576,9.999999999464931
8,9.999999999405576,9.999999999464931
9,9.999999999405576,9.999999999464931
10,9.999999999405576,9.999999999464931
