,beta,tau,theta
0,3.377221850503218,0.01472350478053618,2.6796689257798616
1,3.377221850503218,0.01472350478053618,2.6796689257798616
2,3.377221850503218,0.01472350478053618,2.6796689257798616
3,3.377221850503218,0.01472350478053618,2.6796689257798616
4,3.377221850503218,0.01472350478053618,2.6796689257798616
5,3.377221850503218,0.01472350478053618,2.6796689257798616
