,tau,theta
0,9.999999999024475,9.99999999993706
1,9.999999999024475,9.99999999993706
2,9.999999999024475,9.99999999993706
3,9.999999999024475,9.99999999993706
4,9.999999999024475,9.99999999993706
5,9.999999999024475,9.99999999993706
