,tau,theta
0,9.999999999999003,9.999999999787835
1,9.999999999999003,9.999999999787835
2,9.999999999999003,9.999999999787835
3,9.999999999999003,9.999999999787835
4,9.999999999999003,9.999999999787835
5,9.999999999999003,9.999999999787835
