,beta,tau,theta
0,1e-16,0.033598630412368755,3.972764682788287e-08
1,1e-16,0.033598630412368755,3.972764682788287e-08
2,1e-16,0.033598630412368755,3.972764682788287e-08
3,1e-16,0.033598630412368755,3.972764682788287e-08
4,1e-16,0.033598630412368755,3.972764682788287e-08
5,1e-16,0.033598630412368755,3.972764682788287e-08
