,beta,tau,theta
0,0.018273132237157198,1.9494378243136334,4.452730269332183
1,0.018273132237157198,1.9494378243136334,4.452730269332183
2,0.018273132237157198,1.9494378243136334,4.452730269332183
3,0.018273132237157198,1.9494378243136334,4.452730269332183
4,0.018273132237157198,1.9494378243136334,4.452730269332183
5,0.018273132237157198,1.9494378243136334,4.452730269332183
