,beta,tau,theta
0,2.850223711525522,1.3008019981595047,1.356603629331107e-05
1,2.850223711525522,1.3008019981595047,1.356603629331107e-05
2,2.850223711525522,1.3008019981595047,1.356603629331107e-05
3,2.850223711525522,1.3008019981595047,1.356603629331107e-05
4,2.850223711525522,1.3008019981595047,1.356603629331107e-05
5,2.850223711525522,1.3008019981595047,1.356603629331107e-05
