,beta,tau,theta
0,3.992133698233251,0.01262174983084129,4.019303134021338
1,3.992133698233251,0.01262174983084129,4.019303134021338
2,3.992133698233251,0.01262174983084129,4.019303134021338
3,3.992133698233251,0.01262174983084129,4.019303134021338
4,3.992133698233251,0.01262174983084129,4.019303134021338
5,3.992133698233251,0.01262174983084129,4.019303134021338
