,beta,tau,theta
0,3.035757477232996,0.010124419923065554,2.478794654604301
1,3.035757477232996,0.010124419923065554,2.478794654604301
2,3.035757477232996,0.010124419923065554,2.478794654604301
3,3.035757477232996,0.010124419923065554,2.478794654604301
4,3.035757477232996,0.010124419923065554,2.478794654604301
5,3.035757477232996,0.010124419923065554,2.478794654604301
