,beta,tau,theta
0,2.1194237467877975e-14,0.1694979823303956,2.008284757799206
1,2.1194237467877975e-14,0.1694979823303956,2.008284757799206
2,2.1194237467877975e-14,0.1694979823303956,2.008284757799206
3,2.1194237467877975e-14,0.1694979823303956,2.008284757799206
4,2.1194237467877975e-14,0.1694979823303956,2.008284757799206
5,2.1194237467877975e-14,0.1694979823303956,2.008284757799206
