,beta,tau,theta
0,1.2102230246251566e-15,0.14297437431993698,1.3717845612640138
1,1.2102230246251566e-15,0.14297437431993698,1.3717845612640138
2,1.2102230246251566e-15,0.14297437431993698,1.3717845612640138
3,1.2102230246251566e-15,0.14297437431993698,1.3717845612640138
4,1.2102230246251566e-15,0.14297437431993698,1.3717845612640138
5,1.2102230246251566e-15,0.14297437431993698,1.3717845612640138
