,tau,theta
0,9.99999999907632,9.999999999819007
1,9.99999999907632,9.999999999819007
2,9.99999999907632,9.999999999819007
3,9.99999999907632,9.999999999819007
4,9.99999999907632,9.999999999819007
5,9.99999999907632,9.999999999819007
6,9.99999999907632,9.999999999819007
7,9.99999999907632,9.999999999819007
8,9.99999999907632,9.999999999819007
9,9.99999999907632,9.999999999819007
10,9.99999999907632,9.999999999819007
