,tau,theta
0,9.999999999193419,9.99999999957591
1,9.999999999193419,9.99999999957591
2,9.999999999193419,9.99999999957591
3,9.999999999193419,9.99999999957591
4,9.999999999193419,9.99999999957591
5,9.999999999193419,9.99999999957591
6,9.999999999193419,9.99999999957591
7,9.999999999193419,9.99999999957591
8,9.999999999193419,9.99999999957591
9,9.999999999193419,9.99999999957591
10,9.999999999193419,9.99999999957591
