,beta,tau,theta
0,0.47274561568827544,0.00012277543614501736,6.82717304496631
1,0.47274561568827544,0.00012277543614501736,6.82717304496631
2,0.47274561568827544,0.00012277543614501736,6.82717304496631
3,0.47274561568827544,0.00012277543614501736,6.82717304496631
4,0.47274561568827544,0.00012277543614501736,6.82717304496631
5,0.47274561568827544,0.00012277543614501736,6.82717304496631
