,beta,tau,theta
0,0.08664695100609919,0.0009794140167152965,0.3712178977760584
1,0.08664695100609919,0.0009794140167152965,0.3712178977760584
2,0.08664695100609919,0.0009794140167152965,0.3712178977760584
3,0.08664695100609919,0.0009794140167152965,0.3712178977760584
4,0.08664695100609919,0.0009794140167152965,0.3712178977760584
5,0.08664695100609919,0.0009794140167152965,0.3712178977760584
