,beta,tau,theta
0,0.03822208508534995,1.4679390161944768,7.569164321434309
1,0.03822208508534995,1.4679390161944768,7.569164321434309
2,0.03822208508534995,1.4679390161944768,7.569164321434309
3,0.03822208508534995,1.4679390161944768,7.569164321434309
4,0.03822208508534995,1.4679390161944768,7.569164321434309
5,0.03822208508534995,1.4679390161944768,7.569164321434309
