,beta,tau,theta
0,9.999999999999998,9.999999999999993,9.851887166057514
1,9.999999999999998,9.999999999999993,9.851887166057514
2,9.999999999999998,9.999999999999993,9.851887166057514
3,9.999999999999998,9.999999999999993,9.851887166057514
4,9.999999999999998,9.999999999999993,9.851887166057514
5,9.999999999999998,9.999999999999993,9.851887166057514
