,tau,theta
0,0.003817258513487787,1.2755698005408407
1,0.003817258513487787,1.2755698005408407
2,0.003817258513487787,1.2755698005408407
3,0.003817258513487787,1.2755698005408407
4,0.003817258513487787,1.2755698005408407
5,0.003817258513487787,1.2755698005408407
6,0.003817258513487787,1.2755698005408407
7,0.003817258513487787,1.2755698005408407
8,0.003817258513487787,1.2755698005408407
9,0.003817258513487787,1.2755698005408407
10,0.003817258513487787,1.2755698005408407
