,beta,tau,theta
0,0.9651172193021036,1.2028708218263906,4.630506036039957
1,0.9651172193021036,1.2028708218263906,4.630506036039957
2,0.9651172193021036,1.2028708218263906,4.630506036039957
3,0.9651172193021036,1.2028708218263906,4.630506036039957
4,0.9651172193021036,1.2028708218263906,4.630506036039957
5,0.9651172193021036,1.2028708218263906,4.630506036039957
