,beta,tau,theta
0,1.2507640135675873,1.5059634412446616,0.39402080541840756
1,1.2507640135675873,1.5059634412446616,0.39402080541840756
2,1.2507640135675873,1.5059634412446616,0.39402080541840756
3,1.2507640135675873,1.5059634412446616,0.39402080541840756
4,1.2507640135675873,1.5059634412446616,0.39402080541840756
5,1.2507640135675873,1.5059634412446616,0.39402080541840756
6,1.2507640135675873,1.5059634412446616,0.39402080541840756
7,1.2507640135675873,1.5059634412446616,0.39402080541840756
8,1.2507640135675873,1.5059634412446616,0.39402080541840756
9,1.2507640135675873,1.5059634412446616,0.39402080541840756
10,1.2507640135675873,1.5059634412446616,0.39402080541840756
