,beta,tau,theta
0,9.999999999999961,9.999999999999908,7.823207379543509
1,9.999999999999961,9.999999999999908,7.823207379543509
2,9.999999999999961,9.999999999999908,7.823207379543509
3,9.999999999999961,9.999999999999908,7.823207379543509
4,9.999999999999961,9.999999999999908,7.823207379543509
5,9.999999999999961,9.999999999999908,7.823207379543509
