,tau,theta
0,9.999999999999998,9.99999999972034
1,9.999999999999998,9.99999999972034
2,9.999999999999998,9.99999999972034
3,9.999999999999998,9.99999999972034
4,9.999999999999998,9.99999999972034
5,9.999999999999998,9.99999999972034
6,9.999999999999998,9.99999999972034
7,9.999999999999998,9.99999999972034
8,9.999999999999998,9.99999999972034
9,9.999999999999998,9.99999999972034
10,9.999999999999998,9.99999999972034
