,beta,tau,theta
0,0.0002154944040589802,2.7320393947920882,4.16252786611083
1,0.0002154944040589802,2.7320393947920882,4.16252786611083
2,0.0002154944040589802,2.7320393947920882,4.16252786611083
3,0.0002154944040589802,2.7320393947920882,4.16252786611083
4,0.0002154944040589802,2.7320393947920882,4.16252786611083
5,0.0002154944040589802,2.7320393947920882,4.16252786611083
