,beta,tau,theta
0,9.999999999972042,9.999999999976493,0.3557519539661559
1,9.999999999972042,9.999999999976493,0.3557519539661559
2,9.999999999972042,9.999999999976493,0.3557519539661559
3,9.999999999972042,9.999999999976493,0.3557519539661559
4,9.999999999972042,9.999999999976493,0.3557519539661559
5,9.999999999972042,9.999999999976493,0.3557519539661559
