,beta,tau,theta
0,0.11372840856772991,0.9507232179223114,5.3681264030742994
1,0.11372840856772991,0.9507232179223114,5.3681264030742994
2,0.11372840856772991,0.9507232179223114,5.3681264030742994
3,0.11372840856772991,0.9507232179223114,5.3681264030742994
4,0.11372840856772991,0.9507232179223114,5.3681264030742994
5,0.11372840856772991,0.9507232179223114,5.3681264030742994
