,beta,tau,theta
0,0.006084405454513486,9.99999999999351,0.2934234119153435
1,0.006084405454513486,9.99999999999351,0.2934234119153435
2,0.006084405454513486,9.99999999999351,0.2934234119153435
3,0.006084405454513486,9.99999999999351,0.2934234119153435
4,0.006084405454513486,9.99999999999351,0.2934234119153435
5,0.006084405454513486,9.99999999999351,0.2934234119153435
6,0.006084405454513486,9.99999999999351,0.2934234119153435
7,0.006084405454513486,9.99999999999351,0.2934234119153435
8,0.006084405454513486,9.99999999999351,0.2934234119153435
9,0.006084405454513486,9.99999999999351,0.2934234119153435
10,0.006084405454513486,9.99999999999351,0.2934234119153435
