,beta,tau,theta
0,1.1757341758564143e-14,0.007006811733554874,9.999999999291184
1,1.1757341758564143e-14,0.007006811733554874,9.999999999291184
2,1.1757341758564143e-14,0.007006811733554874,9.999999999291184
3,1.1757341758564143e-14,0.007006811733554874,9.999999999291184
4,1.1757341758564143e-14,0.007006811733554874,9.999999999291184
5,1.1757341758564143e-14,0.007006811733554874,9.999999999291184
