,beta,tau,theta
0,0.11131359293096064,0.36016592571910044,7.750442738424342
1,0.11131359293096064,0.36016592571910044,7.750442738424342
2,0.11131359293096064,0.36016592571910044,7.750442738424342
3,0.11131359293096064,0.36016592571910044,7.750442738424342
4,0.11131359293096064,0.36016592571910044,7.750442738424342
5,0.11131359293096064,0.36016592571910044,7.750442738424342
