,tau,theta
0,9.999999999629,9.999999998910976
1,9.999999999629,9.999999998910976
2,9.999999999629,9.999999998910976
3,9.999999999629,9.999999998910976
4,9.999999999629,9.999999998910976
5,9.999999999629,9.999999998910976
6,9.999999999629,9.999999998910976
7,9.999999999629,9.999999998910976
8,9.999999999629,9.999999998910976
9,9.999999999629,9.999999998910976
10,9.999999999629,9.999999998910976
