,beta,tau,theta
0,9.999999999994841,9.999999999973252,6.547100612524352
1,9.999999999994841,9.999999999973252,6.547100612524352
2,9.999999999994841,9.999999999973252,6.547100612524352
3,9.999999999994841,9.999999999973252,6.547100612524352
4,9.999999999994841,9.999999999973252,6.547100612524352
5,9.999999999994841,9.999999999973252,6.547100612524352
6,9.999999999994841,9.999999999973252,6.547100612524352
7,9.999999999994841,9.999999999973252,6.547100612524352
8,9.999999999994841,9.999999999973252,6.547100612524352
9,9.999999999994841,9.999999999973252,6.547100612524352
10,9.999999999994841,9.999999999973252,6.547100612524352
