,tau,theta
0,0.04366368712163014,1.1437122744824841
1,0.04366368712163014,1.1437122744824841
2,0.04366368712163014,1.1437122744824841
3,0.04366368712163014,1.1437122744824841
4,0.04366368712163014,1.1437122744824841
5,0.04366368712163014,1.1437122744824841
