,beta,tau,theta
0,0.24254240799493076,1.1457594013859458,3.7879148218389154
1,0.24254240799493076,1.1457594013859458,3.7879148218389154
2,0.24254240799493076,1.1457594013859458,3.7879148218389154
3,0.24254240799493076,1.1457594013859458,3.7879148218389154
4,0.24254240799493076,1.1457594013859458,3.7879148218389154
5,0.24254240799493076,1.1457594013859458,3.7879148218389154
