,beta,tau,theta
0,0.02003433977236634,1.6031568162441456,3.1153086130695766
1,0.02003433977236634,1.6031568162441456,3.1153086130695766
2,0.02003433977236634,1.6031568162441456,3.1153086130695766
3,0.02003433977236634,1.6031568162441456,3.1153086130695766
4,0.02003433977236634,1.6031568162441456,3.1153086130695766
5,0.02003433977236634,1.6031568162441456,3.1153086130695766
