,tau,theta
0,0.0003113223973689628,2.1164468950347235
1,0.0003113223973689628,2.1164468950347235
2,0.0003113223973689628,2.1164468950347235
3,0.0003113223973689628,2.1164468950347235
4,0.0003113223973689628,2.1164468950347235
5,0.0003113223973689628,2.1164468950347235
