,tau,theta
0,0.006914871347159057,0.657130982327025
1,0.006914871347159057,0.657130982327025
2,0.006914871347159057,0.657130982327025
3,0.006914871347159057,0.657130982327025
4,0.006914871347159057,0.657130982327025
5,0.006914871347159057,0.657130982327025
