,beta,tau,theta
0,0.2156511902498338,0.38099612461873444,3.529175987090854
1,0.2156511902498338,0.38099612461873444,3.529175987090854
2,0.2156511902498338,0.38099612461873444,3.529175987090854
3,0.2156511902498338,0.38099612461873444,3.529175987090854
4,0.2156511902498338,0.38099612461873444,3.529175987090854
5,0.2156511902498338,0.38099612461873444,3.529175987090854
