,tau,theta
0,0.016738171104525124,3.1327303451838535
1,0.016738171104525124,3.1327303451838535
2,0.016738171104525124,3.1327303451838535
3,0.016738171104525124,3.1327303451838535
4,0.016738171104525124,3.1327303451838535
5,0.016738171104525124,3.1327303451838535
6,0.016738171104525124,3.1327303451838535
7,0.016738171104525124,3.1327303451838535
8,0.016738171104525124,3.1327303451838535
9,0.016738171104525124,3.1327303451838535
10,0.016738171104525124,3.1327303451838535
