,beta,tau,theta
0,8.238803539278992,1.0173346630466384,0.17388314498624502
1,8.238803539278992,1.0173346630466384,0.17388314498624502
2,8.238803539278992,1.0173346630466384,0.17388314498624502
3,8.238803539278992,1.0173346630466384,0.17388314498624502
4,8.238803539278992,1.0173346630466384,0.17388314498624502
5,8.238803539278992,1.0173346630466384,0.17388314498624502
