,tau,theta
0,9.999999999172681,9.999999999997385
1,9.999999999172681,9.999999999997385
2,9.999999999172681,9.999999999997385
3,9.999999999172681,9.999999999997385
4,9.999999999172681,9.999999999997385
5,9.999999999172681,9.999999999997385
