,beta,tau,theta
0,1.195282176190701e-05,1.3665565016100985,2.2940983274557816
1,1.195282176190701e-05,1.3665565016100985,2.2940983274557816
2,1.195282176190701e-05,1.3665565016100985,2.2940983274557816
3,1.195282176190701e-05,1.3665565016100985,2.2940983274557816
4,1.195282176190701e-05,1.3665565016100985,2.2940983274557816
5,1.195282176190701e-05,1.3665565016100985,2.2940983274557816
