,beta,tau,theta
0,9.999999999999996,9.999999999999998,9.570876369088971
1,9.999999999999996,9.999999999999998,9.570876369088971
2,9.999999999999996,9.999999999999998,9.570876369088971
3,9.999999999999996,9.999999999999998,9.570876369088971
4,9.999999999999996,9.999999999999998,9.570876369088971
5,9.999999999999996,9.999999999999998,9.570876369088971
