,beta,tau,theta
0,0.0013762527790496138,1.3882791618045331,4.077644111144185
1,0.0013762527790496138,1.3882791618045331,4.077644111144185
2,0.0013762527790496138,1.3882791618045331,4.077644111144185
3,0.0013762527790496138,1.3882791618045331,4.077644111144185
4,0.0013762527790496138,1.3882791618045331,4.077644111144185
5,0.0013762527790496138,1.3882791618045331,4.077644111144185
