,beta,tau,theta
0,9.99999999999855,9.999999999998474,8.194928593314557
1,9.99999999999855,9.999999999998474,8.194928593314557
2,9.99999999999855,9.999999999998474,8.194928593314557
3,9.99999999999855,9.999999999998474,8.194928593314557
4,9.99999999999855,9.999999999998474,8.194928593314557
5,9.99999999999855,9.999999999998474,8.194928593314557
