,beta,tau,theta
0,9.999999999992843,9.99999999999189,9.630254811108742
1,9.999999999992843,9.99999999999189,9.630254811108742
2,9.999999999992843,9.99999999999189,9.630254811108742
3,9.999999999992843,9.99999999999189,9.630254811108742
4,9.999999999992843,9.99999999999189,9.630254811108742
5,9.999999999992843,9.99999999999189,9.630254811108742
