,tau,theta
0,9.999999999181606,9.999999999861743
1,9.999999999181606,9.999999999861743
2,9.999999999181606,9.999999999861743
3,9.999999999181606,9.999999999861743
4,9.999999999181606,9.999999999861743
5,9.999999999181606,9.999999999861743
