,beta,tau,theta
0,0.0018201008604990965,1.0533888180856543,1.2992031950813114
1,0.0018201008604990965,1.0533888180856543,1.2992031950813114
2,0.0018201008604990965,1.0533888180856543,1.2992031950813114
3,0.0018201008604990965,1.0533888180856543,1.2992031950813114
4,0.0018201008604990965,1.0533888180856543,1.2992031950813114
5,0.0018201008604990965,1.0533888180856543,1.2992031950813114
