,beta,tau,theta
0,3.735947909607289,1.481695331074151,0.0014506442250162733
1,3.735947909607289,1.481695331074151,0.0014506442250162733
2,3.735947909607289,1.481695331074151,0.0014506442250162733
3,3.735947909607289,1.481695331074151,0.0014506442250162733
4,3.735947909607289,1.481695331074151,0.0014506442250162733
5,3.735947909607289,1.481695331074151,0.0014506442250162733
