,beta,tau,theta
0,0.00045099878477238296,0.7207924453557714,2.3371613027806153
1,0.00045099878477238296,0.7207924453557714,2.3371613027806153
2,0.00045099878477238296,0.7207924453557714,2.3371613027806153
3,0.00045099878477238296,0.7207924453557714,2.3371613027806153
4,0.00045099878477238296,0.7207924453557714,2.3371613027806153
5,0.00045099878477238296,0.7207924453557714,2.3371613027806153
6,0.00045099878477238296,0.7207924453557714,2.3371613027806153
7,0.00045099878477238296,0.7207924453557714,2.3371613027806153
8,0.00045099878477238296,0.7207924453557714,2.3371613027806153
9,0.00045099878477238296,0.7207924453557714,2.3371613027806153
10,0.00045099878477238296,0.7207924453557714,2.3371613027806153
