,beta,tau,theta
0,0.1251653928131059,0.78304197840688,1.8077968341040207
1,0.1251653928131059,0.78304197840688,1.8077968341040207
2,0.1251653928131059,0.78304197840688,1.8077968341040207
3,0.1251653928131059,0.78304197840688,1.8077968341040207
4,0.1251653928131059,0.78304197840688,1.8077968341040207
5,0.1251653928131059,0.78304197840688,1.8077968341040207
