,beta,tau,theta
0,9.999999999999998,10.0,7.870970860692063
1,9.999999999999998,10.0,7.870970860692063
2,9.999999999999998,10.0,7.870970860692063
3,9.999999999999998,10.0,7.870970860692063
4,9.999999999999998,10.0,7.870970860692063
5,9.999999999999998,10.0,7.870970860692063
6,9.999999999999998,10.0,7.870970860692063
7,9.999999999999998,10.0,7.870970860692063
8,9.999999999999998,10.0,7.870970860692063
9,9.999999999999998,10.0,7.870970860692063
10,9.999999999999998,10.0,7.870970860692063
