,tau,theta
0,0.014559256508881003,1.6663914592484275
1,0.014559256508881003,1.6663914592484275
2,0.014559256508881003,1.6663914592484275
3,0.014559256508881003,1.6663914592484275
4,0.014559256508881003,1.6663914592484275
5,0.014559256508881003,1.6663914592484275
6,0.014559256508881003,1.6663914592484275
7,0.014559256508881003,1.6663914592484275
8,0.014559256508881003,1.6663914592484275
9,0.014559256508881003,1.6663914592484275
10,0.014559256508881003,1.6663914592484275
