,tau,theta
0,0.0005648137615311577,0.9637967458064712
1,0.0005648137615311577,0.9637967458064712
2,0.0005648137615311577,0.9637967458064712
3,0.0005648137615311577,0.9637967458064712
4,0.0005648137615311577,0.9637967458064712
5,0.0005648137615311577,0.9637967458064712
