,beta,tau,theta
0,0.2108118514607772,7.66809650110911e-08,4.65865637901049
1,0.2108118514607772,7.66809650110911e-08,4.65865637901049
2,0.2108118514607772,7.66809650110911e-08,4.65865637901049
3,0.2108118514607772,7.66809650110911e-08,4.65865637901049
4,0.2108118514607772,7.66809650110911e-08,4.65865637901049
5,0.2108118514607772,7.66809650110911e-08,4.65865637901049
