,beta,tau,theta
0,0.023876653854765884,0.00013876820686608012,6.668703501476568
1,0.023876653854765884,0.00013876820686608012,6.668703501476568
2,0.023876653854765884,0.00013876820686608012,6.668703501476568
3,0.023876653854765884,0.00013876820686608012,6.668703501476568
4,0.023876653854765884,0.00013876820686608012,6.668703501476568
5,0.023876653854765884,0.00013876820686608012,6.668703501476568
