,tau,theta
0,9.999999999124258,9.999999999955204
1,9.999999999124258,9.999999999955204
2,9.999999999124258,9.999999999955204
3,9.999999999124258,9.999999999955204
4,9.999999999124258,9.999999999955204
5,9.999999999124258,9.999999999955204
6,9.999999999124258,9.999999999955204
7,9.999999999124258,9.999999999955204
8,9.999999999124258,9.999999999955204
9,9.999999999124258,9.999999999955204
10,9.999999999124258,9.999999999955204
