,beta,tau,theta
0,0.27972859836995057,5.815146763018752e-08,1.0832490360928997
1,0.27972859836995057,5.815146763018752e-08,1.0832490360928997
2,0.27972859836995057,5.815146763018752e-08,1.0832490360928997
3,0.27972859836995057,5.815146763018752e-08,1.0832490360928997
4,0.27972859836995057,5.815146763018752e-08,1.0832490360928997
5,0.27972859836995057,5.815146763018752e-08,1.0832490360928997
6,0.27972859836995057,5.815146763018752e-08,1.0832490360928997
7,0.27972859836995057,5.815146763018752e-08,1.0832490360928997
8,0.27972859836995057,5.815146763018752e-08,1.0832490360928997
9,0.27972859836995057,5.815146763018752e-08,1.0832490360928997
10,0.27972859836995057,5.815146763018752e-08,1.0832490360928997
