,tau,theta
0,9.999999998974399,9.999999999495092
1,9.999999998974399,9.999999999495092
2,9.999999998974399,9.999999999495092
3,9.999999998974399,9.999999999495092
4,9.999999998974399,9.999999999495092
5,9.999999998974399,9.999999999495092
6,9.999999998974399,9.999999999495092
7,9.999999998974399,9.999999999495092
8,9.999999998974399,9.999999999495092
9,9.999999998974399,9.999999999495092
10,9.999999998974399,9.999999999495092
