,beta,tau,theta
0,0.12108980474980334,0.8625609284256814,3.5581140358638597
1,0.12108980474980334,0.8625609284256814,3.5581140358638597
2,0.12108980474980334,0.8625609284256814,3.5581140358638597
3,0.12108980474980334,0.8625609284256814,3.5581140358638597
4,0.12108980474980334,0.8625609284256814,3.5581140358638597
5,0.12108980474980334,0.8625609284256814,3.5581140358638597
6,0.12108980474980334,0.8625609284256814,3.5581140358638597
7,0.12108980474980334,0.8625609284256814,3.5581140358638597
8,0.12108980474980334,0.8625609284256814,3.5581140358638597
9,0.12108980474980334,0.8625609284256814,3.5581140358638597
10,0.12108980474980334,0.8625609284256814,3.5581140358638597
