,beta,tau,theta
0,9.99999999999665,9.999999999980595,7.152070607122263
1,9.99999999999665,9.999999999980595,7.152070607122263
2,9.99999999999665,9.999999999980595,7.152070607122263
3,9.99999999999665,9.999999999980595,7.152070607122263
4,9.99999999999665,9.999999999980595,7.152070607122263
5,9.99999999999665,9.999999999980595,7.152070607122263
