,beta,tau,theta
0,0.05825462343599773,0.8906532056209194,4.668367611890306
1,0.05825462343599773,0.8906532056209194,4.668367611890306
2,0.05825462343599773,0.8906532056209194,4.668367611890306
3,0.05825462343599773,0.8906532056209194,4.668367611890306
4,0.05825462343599773,0.8906532056209194,4.668367611890306
5,0.05825462343599773,0.8906532056209194,4.668367611890306
6,0.05825462343599773,0.8906532056209194,4.668367611890306
7,0.05825462343599773,0.8906532056209194,4.668367611890306
8,0.05825462343599773,0.8906532056209194,4.668367611890306
9,0.05825462343599773,0.8906532056209194,4.668367611890306
10,0.05825462343599773,0.8906532056209194,4.668367611890306
