,beta,tau,theta
0,0.06325165454800173,1.9769770310939239,2.3127939149923233
1,0.06325165454800173,1.9769770310939239,2.3127939149923233
2,0.06325165454800173,1.9769770310939239,2.3127939149923233
3,0.06325165454800173,1.9769770310939239,2.3127939149923233
4,0.06325165454800173,1.9769770310939239,2.3127939149923233
5,0.06325165454800173,1.9769770310939239,2.3127939149923233
6,0.06325165454800173,1.9769770310939239,2.3127939149923233
7,0.06325165454800173,1.9769770310939239,2.3127939149923233
8,0.06325165454800173,1.9769770310939239,2.3127939149923233
9,0.06325165454800173,1.9769770310939239,2.3127939149923233
10,0.06325165454800173,1.9769770310939239,2.3127939149923233
