,tau,theta
0,9.999999999903542,9.99999999988212
1,9.999999999903542,9.99999999988212
2,9.999999999903542,9.99999999988212
3,9.999999999903542,9.99999999988212
4,9.999999999903542,9.99999999988212
5,9.999999999903542,9.99999999988212
