,beta,tau,theta
0,9.999999999947226,9.999999999908608,1.1205328296526633
1,9.999999999947226,9.999999999908608,1.1205328296526633
2,9.999999999947226,9.999999999908608,1.1205328296526633
3,9.999999999947226,9.999999999908608,1.1205328296526633
4,9.999999999947226,9.999999999908608,1.1205328296526633
5,9.999999999947226,9.999999999908608,1.1205328296526633
6,9.999999999947226,9.999999999908608,1.1205328296526633
7,9.999999999947226,9.999999999908608,1.1205328296526633
8,9.999999999947226,9.999999999908608,1.1205328296526633
9,9.999999999947226,9.999999999908608,1.1205328296526633
10,9.999999999947226,9.999999999908608,1.1205328296526633
