,beta,tau,theta
0,0.29375732975709845,2.4858842827554463e-07,1.8647265786348666
1,0.29375732975709845,2.4858842827554463e-07,1.8647265786348666
2,0.29375732975709845,2.4858842827554463e-07,1.8647265786348666
3,0.29375732975709845,2.4858842827554463e-07,1.8647265786348666
4,0.29375732975709845,2.4858842827554463e-07,1.8647265786348666
5,0.29375732975709845,2.4858842827554463e-07,1.8647265786348666
6,0.29375732975709845,2.4858842827554463e-07,1.8647265786348666
7,0.29375732975709845,2.4858842827554463e-07,1.8647265786348666
8,0.29375732975709845,2.4858842827554463e-07,1.8647265786348666
9,0.29375732975709845,2.4858842827554463e-07,1.8647265786348666
10,0.29375732975709845,2.4858842827554463e-07,1.8647265786348666
