,beta,tau,theta
0,0.027780107992420134,1.92558895745691,0.6858253381994079
1,0.027780107992420134,1.92558895745691,0.6858253381994079
2,0.027780107992420134,1.92558895745691,0.6858253381994079
3,0.027780107992420134,1.92558895745691,0.6858253381994079
4,0.027780107992420134,1.92558895745691,0.6858253381994079
5,0.027780107992420134,1.92558895745691,0.6858253381994079
