,beta,tau,theta
0,9.99999999995175,9.999999999946688,7.844041141804898
1,9.99999999995175,9.999999999946688,7.844041141804898
2,9.99999999995175,9.999999999946688,7.844041141804898
3,9.99999999995175,9.999999999946688,7.844041141804898
4,9.99999999995175,9.999999999946688,7.844041141804898
5,9.99999999995175,9.999999999946688,7.844041141804898
