,tau,theta
0,9.999999999981464,9.999999998815866
1,9.999999999981464,9.999999998815866
2,9.999999999981464,9.999999998815866
3,9.999999999981464,9.999999998815866
4,9.999999999981464,9.999999998815866
5,9.999999999981464,9.999999998815866
6,9.999999999981464,9.999999998815866
7,9.999999999981464,9.999999998815866
8,9.999999999981464,9.999999998815866
9,9.999999999981464,9.999999998815866
10,9.999999999981464,9.999999998815866
