,beta,tau,theta
0,0.0012524307460793805,1.0628405871403779,0.43418172342760863
1,0.0012524307460793805,1.0628405871403779,0.43418172342760863
2,0.0012524307460793805,1.0628405871403779,0.43418172342760863
3,0.0012524307460793805,1.0628405871403779,0.43418172342760863
4,0.0012524307460793805,1.0628405871403779,0.43418172342760863
5,0.0012524307460793805,1.0628405871403779,0.43418172342760863
