,beta,tau,theta
0,0.08007664967223115,2.804678383669218,3.846303393996614
1,0.08007664967223115,2.804678383669218,3.846303393996614
2,0.08007664967223115,2.804678383669218,3.846303393996614
3,0.08007664967223115,2.804678383669218,3.846303393996614
4,0.08007664967223115,2.804678383669218,3.846303393996614
5,0.08007664967223115,2.804678383669218,3.846303393996614
6,0.08007664967223115,2.804678383669218,3.846303393996614
7,0.08007664967223115,2.804678383669218,3.846303393996614
8,0.08007664967223115,2.804678383669218,3.846303393996614
9,0.08007664967223115,2.804678383669218,3.846303393996614
10,0.08007664967223115,2.804678383669218,3.846303393996614
