,tau,theta
0,0.0017271254375690215,3.9152922160092474
1,0.0017271254375690215,3.9152922160092474
2,0.0017271254375690215,3.9152922160092474
3,0.0017271254375690215,3.9152922160092474
4,0.0017271254375690215,3.9152922160092474
5,0.0017271254375690215,3.9152922160092474
