,beta,tau,theta
0,1e-16,0.01123531998535775,1.346328094454474e-07
1,1e-16,0.01123531998535775,1.346328094454474e-07
2,1e-16,0.01123531998535775,1.346328094454474e-07
3,1e-16,0.01123531998535775,1.346328094454474e-07
4,1e-16,0.01123531998535775,1.346328094454474e-07
5,1e-16,0.01123531998535775,1.346328094454474e-07
