,beta,tau,theta
0,0.11739634970020517,0.8490821477429068,4.587184144053434
1,0.11739634970020517,0.8490821477429068,4.587184144053434
2,0.11739634970020517,0.8490821477429068,4.587184144053434
3,0.11739634970020517,0.8490821477429068,4.587184144053434
4,0.11739634970020517,0.8490821477429068,4.587184144053434
5,0.11739634970020517,0.8490821477429068,4.587184144053434
