,tau,theta
0,9.999999999696199,9.999999999939392
1,9.999999999696199,9.999999999939392
2,9.999999999696199,9.999999999939392
3,9.999999999696199,9.999999999939392
4,9.999999999696199,9.999999999939392
5,9.999999999696199,9.999999999939392
6,9.999999999696199,9.999999999939392
7,9.999999999696199,9.999999999939392
8,9.999999999696199,9.999999999939392
9,9.999999999696199,9.999999999939392
10,9.999999999696199,9.999999999939392
