,beta,tau,theta
0,0.272733547059852,0.00011616862023454697,9.192826787045457
1,0.272733547059852,0.00011616862023454697,9.192826787045457
2,0.272733547059852,0.00011616862023454697,9.192826787045457
3,0.272733547059852,0.00011616862023454697,9.192826787045457
4,0.272733547059852,0.00011616862023454697,9.192826787045457
5,0.272733547059852,0.00011616862023454697,9.192826787045457
