,beta,tau,theta
0,9.99999999995704,9.999999999999156,9.922153132483835
1,9.99999999995704,9.999999999999156,9.922153132483835
2,9.99999999995704,9.999999999999156,9.922153132483835
3,9.99999999995704,9.999999999999156,9.922153132483835
4,9.99999999995704,9.999999999999156,9.922153132483835
5,9.99999999995704,9.999999999999156,9.922153132483835
