,beta,tau,theta
0,0.07515190939033255,1.7716508214923542e-07,1.9635368046870045
1,0.07515190939033255,1.7716508214923542e-07,1.9635368046870045
2,0.07515190939033255,1.7716508214923542e-07,1.9635368046870045
3,0.07515190939033255,1.7716508214923542e-07,1.9635368046870045
4,0.07515190939033255,1.7716508214923542e-07,1.9635368046870045
5,0.07515190939033255,1.7716508214923542e-07,1.9635368046870045
