,tau,theta
0,9.999999999536428,9.99999999994855
1,9.999999999536428,9.99999999994855
2,9.999999999536428,9.99999999994855
3,9.999999999536428,9.99999999994855
4,9.999999999536428,9.99999999994855
5,9.999999999536428,9.99999999994855
6,9.999999999536428,9.99999999994855
7,9.999999999536428,9.99999999994855
8,9.999999999536428,9.99999999994855
9,9.999999999536428,9.99999999994855
10,9.999999999536428,9.99999999994855
