,beta,tau,theta
0,0.20171402601225696,4.254859308225e-08,3.0261021304660884
1,0.20171402601225696,4.254859308225e-08,3.0261021304660884
2,0.20171402601225696,4.254859308225e-08,3.0261021304660884
3,0.20171402601225696,4.254859308225e-08,3.0261021304660884
4,0.20171402601225696,4.254859308225e-08,3.0261021304660884
5,0.20171402601225696,4.254859308225e-08,3.0261021304660884
