,tau,theta
0,0.013065966869805313,3.844331854244282
1,0.013065966869805313,3.844331854244282
2,0.013065966869805313,3.844331854244282
3,0.013065966869805313,3.844331854244282
4,0.013065966869805313,3.844331854244282
5,0.013065966869805313,3.844331854244282
6,0.013065966869805313,3.844331854244282
7,0.013065966869805313,3.844331854244282
8,0.013065966869805313,3.844331854244282
9,0.013065966869805313,3.844331854244282
10,0.013065966869805313,3.844331854244282
