,tau,theta
0,0.0196866986541978,1.379638945486601
1,0.0196866986541978,1.379638945486601
2,0.0196866986541978,1.379638945486601
3,0.0196866986541978,1.379638945486601
4,0.0196866986541978,1.379638945486601
5,0.0196866986541978,1.379638945486601
