,beta,tau,theta
0,0.1518875044846819,7.537267576820375e-09,0.07643482331632433
1,0.1518875044846819,7.537267576820375e-09,0.07643482331632433
2,0.1518875044846819,7.537267576820375e-09,0.07643482331632433
3,0.1518875044846819,7.537267576820375e-09,0.07643482331632433
4,0.1518875044846819,7.537267576820375e-09,0.07643482331632433
5,0.1518875044846819,7.537267576820375e-09,0.07643482331632433
