,tau,theta
0,9.999999999982453,9.999999998860318
1,9.999999999982453,9.999999998860318
2,9.999999999982453,9.999999998860318
3,9.999999999982453,9.999999998860318
4,9.999999999982453,9.999999998860318
5,9.999999999982453,9.999999998860318
6,9.999999999982453,9.999999998860318
7,9.999999999982453,9.999999998860318
8,9.999999999982453,9.999999998860318
9,9.999999999982453,9.999999998860318
10,9.999999999982453,9.999999998860318
