,tau,theta
0,0.024459913682267177,1.393868134720515
1,0.024459913682267177,1.393868134720515
2,0.024459913682267177,1.393868134720515
3,0.024459913682267177,1.393868134720515
4,0.024459913682267177,1.393868134720515
5,0.024459913682267177,1.393868134720515
