,beta,tau,theta
0,9.99999999998575,9.999999999998394,7.370361307078264
1,9.99999999998575,9.999999999998394,7.370361307078264
2,9.99999999998575,9.999999999998394,7.370361307078264
3,9.99999999998575,9.999999999998394,7.370361307078264
4,9.99999999998575,9.999999999998394,7.370361307078264
5,9.99999999998575,9.999999999998394,7.370361307078264
