,beta,tau,theta
0,0.0006072830424514897,0.599371330140931,2.1358506286642838
1,0.0006072830424514897,0.599371330140931,2.1358506286642838
2,0.0006072830424514897,0.599371330140931,2.1358506286642838
3,0.0006072830424514897,0.599371330140931,2.1358506286642838
4,0.0006072830424514897,0.599371330140931,2.1358506286642838
5,0.0006072830424514897,0.599371330140931,2.1358506286642838
