,beta,tau,theta
0,0.04655419922335656,2.9994480245756625,2.7759515678049382
1,0.04655419922335656,2.9994480245756625,2.7759515678049382
2,0.04655419922335656,2.9994480245756625,2.7759515678049382
3,0.04655419922335656,2.9994480245756625,2.7759515678049382
4,0.04655419922335656,2.9994480245756625,2.7759515678049382
5,0.04655419922335656,2.9994480245756625,2.7759515678049382
