,beta,tau,theta
0,0.02426605222589372,1.101924538633925,0.3443274063615327
1,0.02426605222589372,1.101924538633925,0.3443274063615327
2,0.02426605222589372,1.101924538633925,0.3443274063615327
3,0.02426605222589372,1.101924538633925,0.3443274063615327
4,0.02426605222589372,1.101924538633925,0.3443274063615327
5,0.02426605222589372,1.101924538633925,0.3443274063615327
