,tau,theta
0,0.016355262752024802,2.6749858325718234
1,0.016355262752024802,2.6749858325718234
2,0.016355262752024802,2.6749858325718234
3,0.016355262752024802,2.6749858325718234
4,0.016355262752024802,2.6749858325718234
5,0.016355262752024802,2.6749858325718234
