,tau,theta
0,0.02175910696044402,0.13554687793019005
1,0.02175910696044402,0.13554687793019005
2,0.02175910696044402,0.13554687793019005
3,0.02175910696044402,0.13554687793019005
4,0.02175910696044402,0.13554687793019005
5,0.02175910696044402,0.13554687793019005
