,beta,tau,theta
0,0.007909412618824597,9.99999999998321,1.824890423222334
1,0.007909412618824597,9.99999999998321,1.824890423222334
2,0.007909412618824597,9.99999999998321,1.824890423222334
3,0.007909412618824597,9.99999999998321,1.824890423222334
4,0.007909412618824597,9.99999999998321,1.824890423222334
5,0.007909412618824597,9.99999999998321,1.824890423222334
6,0.007909412618824597,9.99999999998321,1.824890423222334
7,0.007909412618824597,9.99999999998321,1.824890423222334
8,0.007909412618824597,9.99999999998321,1.824890423222334
9,0.007909412618824597,9.99999999998321,1.824890423222334
10,0.007909412618824597,9.99999999998321,1.824890423222334
