,beta,tau,theta
0,0.081520895245198,0.922292512580974,2.171030191327294
1,0.081520895245198,0.922292512580974,2.171030191327294
2,0.081520895245198,0.922292512580974,2.171030191327294
3,0.081520895245198,0.922292512580974,2.171030191327294
4,0.081520895245198,0.922292512580974,2.171030191327294
5,0.081520895245198,0.922292512580974,2.171030191327294
