,beta,tau,theta
0,0.15216971028653503,0.7838679158823726,1.8952539138816216
1,0.15216971028653503,0.7838679158823726,1.8952539138816216
2,0.15216971028653503,0.7838679158823726,1.8952539138816216
3,0.15216971028653503,0.7838679158823726,1.8952539138816216
4,0.15216971028653503,0.7838679158823726,1.8952539138816216
5,0.15216971028653503,0.7838679158823726,1.8952539138816216
