,tau,theta
0,0.002050332575721059,2.063760444275638
1,0.002050332575721059,2.063760444275638
2,0.002050332575721059,2.063760444275638
3,0.002050332575721059,2.063760444275638
4,0.002050332575721059,2.063760444275638
5,0.002050332575721059,2.063760444275638
