,beta,tau,theta
0,3.8648818991209506,0.09428107507627635,1.5923406599295093
1,3.8648818991209506,0.09428107507627635,1.5923406599295093
2,3.8648818991209506,0.09428107507627635,1.5923406599295093
3,3.8648818991209506,0.09428107507627635,1.5923406599295093
4,3.8648818991209506,0.09428107507627635,1.5923406599295093
5,3.8648818991209506,0.09428107507627635,1.5923406599295093
