,beta,tau,theta
0,9.999999999995378,9.999999999980954,9.764543898277934
1,9.999999999995378,9.999999999980954,9.764543898277934
2,9.999999999995378,9.999999999980954,9.764543898277934
3,9.999999999995378,9.999999999980954,9.764543898277934
4,9.999999999995378,9.999999999980954,9.764543898277934
5,9.999999999995378,9.999999999980954,9.764543898277934
6,9.999999999995378,9.999999999980954,9.764543898277934
7,9.999999999995378,9.999999999980954,9.764543898277934
8,9.999999999995378,9.999999999980954,9.764543898277934
9,9.999999999995378,9.999999999980954,9.764543898277934
10,9.999999999995378,9.999999999980954,9.764543898277934
