,beta,tau,theta
0,0.12670003959173848,1.5230727464916183,0.07471541500230282
1,0.12670003959173848,1.5230727464916183,0.07471541500230282
2,0.12670003959173848,1.5230727464916183,0.07471541500230282
3,0.12670003959173848,1.5230727464916183,0.07471541500230282
4,0.12670003959173848,1.5230727464916183,0.07471541500230282
5,0.12670003959173848,1.5230727464916183,0.07471541500230282
6,0.12670003959173848,1.5230727464916183,0.07471541500230282
7,0.12670003959173848,1.5230727464916183,0.07471541500230282
8,0.12670003959173848,1.5230727464916183,0.07471541500230282
9,0.12670003959173848,1.5230727464916183,0.07471541500230282
10,0.12670003959173848,1.5230727464916183,0.07471541500230282
