,beta,tau,theta
0,6.539712259009882,0.2931989937347047,0.9913755262078096
1,6.539712259009882,0.2931989937347047,0.9913755262078096
2,6.539712259009882,0.2931989937347047,0.9913755262078096
3,6.539712259009882,0.2931989937347047,0.9913755262078096
4,6.539712259009882,0.2931989937347047,0.9913755262078096
5,6.539712259009882,0.2931989937347047,0.9913755262078096
