,tau,theta
0,0.03176627317756374,1.8573447679599187
1,0.03176627317756374,1.8573447679599187
2,0.03176627317756374,1.8573447679599187
3,0.03176627317756374,1.8573447679599187
4,0.03176627317756374,1.8573447679599187
5,0.03176627317756374,1.8573447679599187
