,beta,tau,theta
0,9.999999999999797,9.999999999999963,9.933614433112261
1,9.999999999999797,9.999999999999963,9.933614433112261
2,9.999999999999797,9.999999999999963,9.933614433112261
3,9.999999999999797,9.999999999999963,9.933614433112261
4,9.999999999999797,9.999999999999963,9.933614433112261
5,9.999999999999797,9.999999999999963,9.933614433112261
