,beta,tau,theta
0,1e-16,0.12760505770921537,3.146295511910146e-08
1,1e-16,0.12760505770921537,3.146295511910146e-08
2,1e-16,0.12760505770921537,3.146295511910146e-08
3,1e-16,0.12760505770921537,3.146295511910146e-08
4,1e-16,0.12760505770921537,3.146295511910146e-08
5,1e-16,0.12760505770921537,3.146295511910146e-08
