,beta,tau,theta
0,9.999999999999595,9.999999999999948,9.750898555775919
1,9.999999999999595,9.999999999999948,9.750898555775919
2,9.999999999999595,9.999999999999948,9.750898555775919
3,9.999999999999595,9.999999999999948,9.750898555775919
4,9.999999999999595,9.999999999999948,9.750898555775919
5,9.999999999999595,9.999999999999948,9.750898555775919
