,tau,theta
0,0.002013349665238129,0.341551639641935
1,0.002013349665238129,0.341551639641935
2,0.002013349665238129,0.341551639641935
3,0.002013349665238129,0.341551639641935
4,0.002013349665238129,0.341551639641935
5,0.002013349665238129,0.341551639641935
