,tau,theta
0,9.999999999430255,9.999999999972614
1,9.999999999430255,9.999999999972614
2,9.999999999430255,9.999999999972614
3,9.999999999430255,9.999999999972614
4,9.999999999430255,9.999999999972614
5,9.999999999430255,9.999999999972614
6,9.999999999430255,9.999999999972614
7,9.999999999430255,9.999999999972614
8,9.999999999430255,9.999999999972614
9,9.999999999430255,9.999999999972614
10,9.999999999430255,9.999999999972614
