,tau,theta
0,9.999999999991426,9.999999998978883
1,9.999999999991426,9.999999998978883
2,9.999999999991426,9.999999998978883
3,9.999999999991426,9.999999998978883
4,9.999999999991426,9.999999998978883
5,9.999999999991426,9.999999998978883
