,beta,tau,theta
0,9.99999999999941,9.999999999998257,3.4584963369884414
1,9.99999999999941,9.999999999998257,3.4584963369884414
2,9.99999999999941,9.999999999998257,3.4584963369884414
3,9.99999999999941,9.999999999998257,3.4584963369884414
4,9.99999999999941,9.999999999998257,3.4584963369884414
5,9.99999999999941,9.999999999998257,3.4584963369884414
