,beta,tau,theta
0,0.0016577901525678285,3.645895922264649,1.7183192201518005
1,0.0016577901525678285,3.645895922264649,1.7183192201518005
2,0.0016577901525678285,3.645895922264649,1.7183192201518005
3,0.0016577901525678285,3.645895922264649,1.7183192201518005
4,0.0016577901525678285,3.645895922264649,1.7183192201518005
5,0.0016577901525678285,3.645895922264649,1.7183192201518005
