,beta,tau,theta
0,0.17437804289150993,6.385927241455923e-08,1.4069098314102568
1,0.17437804289150993,6.385927241455923e-08,1.4069098314102568
2,0.17437804289150993,6.385927241455923e-08,1.4069098314102568
3,0.17437804289150993,6.385927241455923e-08,1.4069098314102568
4,0.17437804289150993,6.385927241455923e-08,1.4069098314102568
5,0.17437804289150993,6.385927241455923e-08,1.4069098314102568
