,beta,tau,theta
0,0.02932892677111564,2.3719514122809726,0.8112040739908628
1,0.02932892677111564,2.3719514122809726,0.8112040739908628
2,0.02932892677111564,2.3719514122809726,0.8112040739908628
3,0.02932892677111564,2.3719514122809726,0.8112040739908628
4,0.02932892677111564,2.3719514122809726,0.8112040739908628
5,0.02932892677111564,2.3719514122809726,0.8112040739908628
