,beta,tau,theta
0,9.999999999963887,9.999999999998604,2.7155682394229252
1,9.999999999963887,9.999999999998604,2.7155682394229252
2,9.999999999963887,9.999999999998604,2.7155682394229252
3,9.999999999963887,9.999999999998604,2.7155682394229252
4,9.999999999963887,9.999999999998604,2.7155682394229252
5,9.999999999963887,9.999999999998604,2.7155682394229252
