,beta,tau,theta
0,0.06411868424536625,3.922780365217265,9.460537418575598
1,0.06411868424536625,3.922780365217265,9.460537418575598
2,0.06411868424536625,3.922780365217265,9.460537418575598
3,0.06411868424536625,3.922780365217265,9.460537418575598
4,0.06411868424536625,3.922780365217265,9.460537418575598
5,0.06411868424536625,3.922780365217265,9.460537418575598
6,0.06411868424536625,3.922780365217265,9.460537418575598
7,0.06411868424536625,3.922780365217265,9.460537418575598
8,0.06411868424536625,3.922780365217265,9.460537418575598
9,0.06411868424536625,3.922780365217265,9.460537418575598
10,0.06411868424536625,3.922780365217265,9.460537418575598
