,beta,tau,theta
0,1.6031593920817847e-05,0.5804899546206184,4.614196686843457
1,1.6031593920817847e-05,0.5804899546206184,4.614196686843457
2,1.6031593920817847e-05,0.5804899546206184,4.614196686843457
3,1.6031593920817847e-05,0.5804899546206184,4.614196686843457
4,1.6031593920817847e-05,0.5804899546206184,4.614196686843457
5,1.6031593920817847e-05,0.5804899546206184,4.614196686843457
