,beta,tau,theta
0,0.1809972621271373,0.026572536522371893,1.1858448292366193
1,0.1809972621271373,0.026572536522371893,1.1858448292366193
2,0.1809972621271373,0.026572536522371893,1.1858448292366193
3,0.1809972621271373,0.026572536522371893,1.1858448292366193
4,0.1809972621271373,0.026572536522371893,1.1858448292366193
5,0.1809972621271373,0.026572536522371893,1.1858448292366193
