,beta,tau,theta
0,0.0006322613948507195,3.609022910603067,0.38906970120549955
1,0.0006322613948507195,3.609022910603067,0.38906970120549955
2,0.0006322613948507195,3.609022910603067,0.38906970120549955
3,0.0006322613948507195,3.609022910603067,0.38906970120549955
4,0.0006322613948507195,3.609022910603067,0.38906970120549955
5,0.0006322613948507195,3.609022910603067,0.38906970120549955
