,beta,tau,theta
0,0.40779213726502295,0.18449999164461894,4.277074542553603
1,0.40779213726502295,0.18449999164461894,4.277074542553603
2,0.40779213726502295,0.18449999164461894,4.277074542553603
3,0.40779213726502295,0.18449999164461894,4.277074542553603
4,0.40779213726502295,0.18449999164461894,4.277074542553603
5,0.40779213726502295,0.18449999164461894,4.277074542553603
