,beta,tau,theta
0,9.999999999997831,9.999999999999115,6.944097272417972
1,9.999999999997831,9.999999999999115,6.944097272417972
2,9.999999999997831,9.999999999999115,6.944097272417972
3,9.999999999997831,9.999999999999115,6.944097272417972
4,9.999999999997831,9.999999999999115,6.944097272417972
5,9.999999999997831,9.999999999999115,6.944097272417972
