,beta,tau,theta
0,9.999999999999886,9.999999999999734,6.081841055057938
1,9.999999999999886,9.999999999999734,6.081841055057938
2,9.999999999999886,9.999999999999734,6.081841055057938
3,9.999999999999886,9.999999999999734,6.081841055057938
4,9.999999999999886,9.999999999999734,6.081841055057938
5,9.999999999999886,9.999999999999734,6.081841055057938
