,beta,tau,theta
0,9.999999999998968,9.999999999998515,7.764652154625017
1,9.999999999998968,9.999999999998515,7.764652154625017
2,9.999999999998968,9.999999999998515,7.764652154625017
3,9.999999999998968,9.999999999998515,7.764652154625017
4,9.999999999998968,9.999999999998515,7.764652154625017
5,9.999999999998968,9.999999999998515,7.764652154625017
