,beta,tau,theta
0,1.3117982141979505,3.410307248363855e-06,1.176102061416574
1,1.3117982141979505,3.410307248363855e-06,1.176102061416574
2,1.3117982141979505,3.410307248363855e-06,1.176102061416574
3,1.3117982141979505,3.410307248363855e-06,1.176102061416574
4,1.3117982141979505,3.410307248363855e-06,1.176102061416574
5,1.3117982141979505,3.410307248363855e-06,1.176102061416574
