,beta,tau,theta
0,0.08756089017430867,3.775225232507387e-09,0.34435550104594603
1,0.08756089017430867,3.775225232507387e-09,0.34435550104594603
2,0.08756089017430867,3.775225232507387e-09,0.34435550104594603
3,0.08756089017430867,3.775225232507387e-09,0.34435550104594603
4,0.08756089017430867,3.775225232507387e-09,0.34435550104594603
5,0.08756089017430867,3.775225232507387e-09,0.34435550104594603
