,beta,tau,theta
0,0.15070285316606546,1.665222799819905,1.293177017058373
1,0.15070285316606546,1.665222799819905,1.293177017058373
2,0.15070285316606546,1.665222799819905,1.293177017058373
3,0.15070285316606546,1.665222799819905,1.293177017058373
4,0.15070285316606546,1.665222799819905,1.293177017058373
5,0.15070285316606546,1.665222799819905,1.293177017058373
6,0.15070285316606546,1.665222799819905,1.293177017058373
7,0.15070285316606546,1.665222799819905,1.293177017058373
8,0.15070285316606546,1.665222799819905,1.293177017058373
9,0.15070285316606546,1.665222799819905,1.293177017058373
10,0.15070285316606546,1.665222799819905,1.293177017058373
