,beta,tau,theta
0,9.999999999999986,9.99999999999839,2.5744802631127706
1,9.999999999999986,9.99999999999839,2.5744802631127706
2,9.999999999999986,9.99999999999839,2.5744802631127706
3,9.999999999999986,9.99999999999839,2.5744802631127706
4,9.999999999999986,9.99999999999839,2.5744802631127706
5,9.999999999999986,9.99999999999839,2.5744802631127706
