,beta,tau,theta
0,0.12272064273640147,0.002149613998451805,0.31314995642681265
1,0.12272064273640147,0.002149613998451805,0.31314995642681265
2,0.12272064273640147,0.002149613998451805,0.31314995642681265
3,0.12272064273640147,0.002149613998451805,0.31314995642681265
4,0.12272064273640147,0.002149613998451805,0.31314995642681265
5,0.12272064273640147,0.002149613998451805,0.31314995642681265
