,beta,tau,theta
0,0.30014326343084885,7.265964908521294e-07,2.12519034855097
1,0.30014326343084885,7.265964908521294e-07,2.12519034855097
2,0.30014326343084885,7.265964908521294e-07,2.12519034855097
3,0.30014326343084885,7.265964908521294e-07,2.12519034855097
4,0.30014326343084885,7.265964908521294e-07,2.12519034855097
5,0.30014326343084885,7.265964908521294e-07,2.12519034855097
6,0.30014326343084885,7.265964908521294e-07,2.12519034855097
7,0.30014326343084885,7.265964908521294e-07,2.12519034855097
8,0.30014326343084885,7.265964908521294e-07,2.12519034855097
9,0.30014326343084885,7.265964908521294e-07,2.12519034855097
10,0.30014326343084885,7.265964908521294e-07,2.12519034855097
