,beta,tau,theta
0,9.999999999999991,9.9999999999962,1.5278583423215364
1,9.999999999999991,9.9999999999962,1.5278583423215364
2,9.999999999999991,9.9999999999962,1.5278583423215364
3,9.999999999999991,9.9999999999962,1.5278583423215364
4,9.999999999999991,9.9999999999962,1.5278583423215364
5,9.999999999999991,9.9999999999962,1.5278583423215364
