,beta,tau,theta
0,0.13483750021793095,5.8798411384148294e-12,7.052386568624223
1,0.13483750021793095,5.8798411384148294e-12,7.052386568624223
2,0.13483750021793095,5.8798411384148294e-12,7.052386568624223
3,0.13483750021793095,5.8798411384148294e-12,7.052386568624223
4,0.13483750021793095,5.8798411384148294e-12,7.052386568624223
5,0.13483750021793095,5.8798411384148294e-12,7.052386568624223
