,beta,tau,theta
0,0.0010868362041178581,9.999999999999789,9.288052487142437
1,0.0010868362041178581,9.999999999999789,9.288052487142437
2,0.0010868362041178581,9.999999999999789,9.288052487142437
3,0.0010868362041178581,9.999999999999789,9.288052487142437
4,0.0010868362041178581,9.999999999999789,9.288052487142437
5,0.0010868362041178581,9.999999999999789,9.288052487142437
