,beta,tau,theta
0,9.999999999988823,9.999999999999968,8.87343669370579
1,9.999999999988823,9.999999999999968,8.87343669370579
2,9.999999999988823,9.999999999999968,8.87343669370579
3,9.999999999988823,9.999999999999968,8.87343669370579
4,9.999999999988823,9.999999999999968,8.87343669370579
5,9.999999999988823,9.999999999999968,8.87343669370579
6,9.999999999988823,9.999999999999968,8.87343669370579
7,9.999999999988823,9.999999999999968,8.87343669370579
8,9.999999999988823,9.999999999999968,8.87343669370579
9,9.999999999988823,9.999999999999968,8.87343669370579
10,9.999999999988823,9.999999999999968,8.87343669370579
