,beta,tau,theta
0,9.999999999999996,9.99999999999976,9.84119245345578
1,9.999999999999996,9.99999999999976,9.84119245345578
2,9.999999999999996,9.99999999999976,9.84119245345578
3,9.999999999999996,9.99999999999976,9.84119245345578
4,9.999999999999996,9.99999999999976,9.84119245345578
5,9.999999999999996,9.99999999999976,9.84119245345578
