,beta,tau,theta
0,9.999999999999737,9.99999999999994,9.615088180791316
1,9.999999999999737,9.99999999999994,9.615088180791316
2,9.999999999999737,9.99999999999994,9.615088180791316
3,9.999999999999737,9.99999999999994,9.615088180791316
4,9.999999999999737,9.99999999999994,9.615088180791316
5,9.999999999999737,9.99999999999994,9.615088180791316
