,beta,tau,theta
0,0.12760505748254947,5.000130409795736e-09,6.673689322168029
1,0.12760505748254947,5.000130409795736e-09,6.673689322168029
2,0.12760505748254947,5.000130409795736e-09,6.673689322168029
3,0.12760505748254947,5.000130409795736e-09,6.673689322168029
4,0.12760505748254947,5.000130409795736e-09,6.673689322168029
5,0.12760505748254947,5.000130409795736e-09,6.673689322168029
