,beta,tau,theta
0,0.07667255913287273,0.7940690393820145,5.354250324315806
1,0.07667255913287273,0.7940690393820145,5.354250324315806
2,0.07667255913287273,0.7940690393820145,5.354250324315806
3,0.07667255913287273,0.7940690393820145,5.354250324315806
4,0.07667255913287273,0.7940690393820145,5.354250324315806
5,0.07667255913287273,0.7940690393820145,5.354250324315806
6,0.07667255913287273,0.7940690393820145,5.354250324315806
7,0.07667255913287273,0.7940690393820145,5.354250324315806
8,0.07667255913287273,0.7940690393820145,5.354250324315806
9,0.07667255913287273,0.7940690393820145,5.354250324315806
10,0.07667255913287273,0.7940690393820145,5.354250324315806
