,beta,tau,theta
0,0.2379922473678826,0.3841670802317033,1.2511324769565983
1,0.2379922473678826,0.3841670802317033,1.2511324769565983
2,0.2379922473678826,0.3841670802317033,1.2511324769565983
3,0.2379922473678826,0.3841670802317033,1.2511324769565983
4,0.2379922473678826,0.3841670802317033,1.2511324769565983
5,0.2379922473678826,0.3841670802317033,1.2511324769565983
