,tau,theta
0,0.003550004153148423,0.8774416980157158
1,0.003550004153148423,0.8774416980157158
2,0.003550004153148423,0.8774416980157158
3,0.003550004153148423,0.8774416980157158
4,0.003550004153148423,0.8774416980157158
5,0.003550004153148423,0.8774416980157158
