,beta,tau,theta
0,0.07951217641589024,1.7438561250662222e-08,0.0009071351464940869
1,0.07951217641589024,1.7438561250662222e-08,0.0009071351464940869
2,0.07951217641589024,1.7438561250662222e-08,0.0009071351464940869
3,0.07951217641589024,1.7438561250662222e-08,0.0009071351464940869
4,0.07951217641589024,1.7438561250662222e-08,0.0009071351464940869
5,0.07951217641589024,1.7438561250662222e-08,0.0009071351464940869
6,0.07951217641589024,1.7438561250662222e-08,0.0009071351464940869
7,0.07951217641589024,1.7438561250662222e-08,0.0009071351464940869
8,0.07951217641589024,1.7438561250662222e-08,0.0009071351464940869
9,0.07951217641589024,1.7438561250662222e-08,0.0009071351464940869
10,0.07951217641589024,1.7438561250662222e-08,0.0009071351464940869
