,beta,tau,theta
0,0.17284784311393808,1.0857898914107184e-09,4.944001521197939
1,0.17284784311393808,1.0857898914107184e-09,4.944001521197939
2,0.17284784311393808,1.0857898914107184e-09,4.944001521197939
3,0.17284784311393808,1.0857898914107184e-09,4.944001521197939
4,0.17284784311393808,1.0857898914107184e-09,4.944001521197939
5,0.17284784311393808,1.0857898914107184e-09,4.944001521197939
