,beta,tau,theta
0,0.00012545784668315248,0.6659055309763979,2.527404944600495
1,0.00012545784668315248,0.6659055309763979,2.527404944600495
2,0.00012545784668315248,0.6659055309763979,2.527404944600495
3,0.00012545784668315248,0.6659055309763979,2.527404944600495
4,0.00012545784668315248,0.6659055309763979,2.527404944600495
5,0.00012545784668315248,0.6659055309763979,2.527404944600495
