,beta,tau,theta
0,0.019231911214112708,9.471645789984598e-09,1.21773242024792
1,0.019231911214112708,9.471645789984598e-09,1.21773242024792
2,0.019231911214112708,9.471645789984598e-09,1.21773242024792
3,0.019231911214112708,9.471645789984598e-09,1.21773242024792
4,0.019231911214112708,9.471645789984598e-09,1.21773242024792
5,0.019231911214112708,9.471645789984598e-09,1.21773242024792
