,beta,tau,theta
0,0.11581682369615885,0.9075676026669645,3.298450462100213
1,0.11581682369615885,0.9075676026669645,3.298450462100213
2,0.11581682369615885,0.9075676026669645,3.298450462100213
3,0.11581682369615885,0.9075676026669645,3.298450462100213
4,0.11581682369615885,0.9075676026669645,3.298450462100213
5,0.11581682369615885,0.9075676026669645,3.298450462100213
