,beta,tau,theta
0,0.08112819730266128,0.9111257594847229,1.6892008784220014
1,0.08112819730266128,0.9111257594847229,1.6892008784220014
2,0.08112819730266128,0.9111257594847229,1.6892008784220014
3,0.08112819730266128,0.9111257594847229,1.6892008784220014
4,0.08112819730266128,0.9111257594847229,1.6892008784220014
5,0.08112819730266128,0.9111257594847229,1.6892008784220014
