,tau,theta
0,0.02720827778225531,1.8996652774335887
1,0.02720827778225531,1.8996652774335887
2,0.02720827778225531,1.8996652774335887
3,0.02720827778225531,1.8996652774335887
4,0.02720827778225531,1.8996652774335887
5,0.02720827778225531,1.8996652774335887
