,beta,tau,theta
0,0.24681160789237389,1.5799292529896637e-08,3.069412755174552e-06
1,0.24681160789237389,1.5799292529896637e-08,3.069412755174552e-06
2,0.24681160789237389,1.5799292529896637e-08,3.069412755174552e-06
3,0.24681160789237389,1.5799292529896637e-08,3.069412755174552e-06
4,0.24681160789237389,1.5799292529896637e-08,3.069412755174552e-06
5,0.24681160789237389,1.5799292529896637e-08,3.069412755174552e-06
6,0.24681160789237389,1.5799292529896637e-08,3.069412755174552e-06
7,0.24681160789237389,1.5799292529896637e-08,3.069412755174552e-06
8,0.24681160789237389,1.5799292529896637e-08,3.069412755174552e-06
9,0.24681160789237389,1.5799292529896637e-08,3.069412755174552e-06
10,0.24681160789237389,1.5799292529896637e-08,3.069412755174552e-06
