,beta,tau,theta
0,9.999999999999975,10.0,9.338751077642222
1,9.999999999999975,10.0,9.338751077642222
2,9.999999999999975,10.0,9.338751077642222
3,9.999999999999975,10.0,9.338751077642222
4,9.999999999999975,10.0,9.338751077642222
5,9.999999999999975,10.0,9.338751077642222
6,9.999999999999975,10.0,9.338751077642222
7,9.999999999999975,10.0,9.338751077642222
8,9.999999999999975,10.0,9.338751077642222
9,9.999999999999975,10.0,9.338751077642222
10,9.999999999999975,10.0,9.338751077642222
