,beta,tau,theta
0,0.0010156627957575882,0.6476161449617996,2.4660902678193395
1,0.0010156627957575882,0.6476161449617996,2.4660902678193395
2,0.0010156627957575882,0.6476161449617996,2.4660902678193395
3,0.0010156627957575882,0.6476161449617996,2.4660902678193395
4,0.0010156627957575882,0.6476161449617996,2.4660902678193395
5,0.0010156627957575882,0.6476161449617996,2.4660902678193395
