,beta,tau,theta
0,9.999999999999327,9.999999999999797,9.910084206989108
1,9.999999999999327,9.999999999999797,9.910084206989108
2,9.999999999999327,9.999999999999797,9.910084206989108
3,9.999999999999327,9.999999999999797,9.910084206989108
4,9.999999999999327,9.999999999999797,9.910084206989108
5,9.999999999999327,9.999999999999797,9.910084206989108
