,beta,tau,theta
0,2.0301428005270987e-12,9.99999999989274,9.99999999974378
1,2.0301428005270987e-12,9.99999999989274,9.99999999974378
2,2.0301428005270987e-12,9.99999999989274,9.99999999974378
3,2.0301428005270987e-12,9.99999999989274,9.99999999974378
4,2.0301428005270987e-12,9.99999999989274,9.99999999974378
5,2.0301428005270987e-12,9.99999999989274,9.99999999974378
