,beta,tau,theta
0,9.99999999999983,9.999999999999968,6.405240539209883
1,9.99999999999983,9.999999999999968,6.405240539209883
2,9.99999999999983,9.999999999999968,6.405240539209883
3,9.99999999999983,9.999999999999968,6.405240539209883
4,9.99999999999983,9.999999999999968,6.405240539209883
5,9.99999999999983,9.999999999999968,6.405240539209883
