,beta,tau,theta
0,7.82867024142591,0.09561055206571199,2.5157905831638807
1,7.82867024142591,0.09561055206571199,2.5157905831638807
2,7.82867024142591,0.09561055206571199,2.5157905831638807
3,7.82867024142591,0.09561055206571199,2.5157905831638807
4,7.82867024142591,0.09561055206571199,2.5157905831638807
5,7.82867024142591,0.09561055206571199,2.5157905831638807
