,beta,tau,theta
0,6.319433836787791,2.2510660078319553,0.002451755455288407
1,6.319433836787791,2.2510660078319553,0.002451755455288407
2,6.319433836787791,2.2510660078319553,0.002451755455288407
3,6.319433836787791,2.2510660078319553,0.002451755455288407
4,6.319433836787791,2.2510660078319553,0.002451755455288407
5,6.319433836787791,2.2510660078319553,0.002451755455288407
