,beta,tau,theta
0,3.1078166343914027,0.16413449906409483,0.7383336555258547
1,3.1078166343914027,0.16413449906409483,0.7383336555258547
2,3.1078166343914027,0.16413449906409483,0.7383336555258547
3,3.1078166343914027,0.16413449906409483,0.7383336555258547
4,3.1078166343914027,0.16413449906409483,0.7383336555258547
5,3.1078166343914027,0.16413449906409483,0.7383336555258547
