,beta,tau,theta
0,2.098421516541546e-12,9.99999999876701,9.999999999729415
1,2.098421516541546e-12,9.99999999876701,9.999999999729415
2,2.098421516541546e-12,9.99999999876701,9.999999999729415
3,2.098421516541546e-12,9.99999999876701,9.999999999729415
4,2.098421516541546e-12,9.99999999876701,9.999999999729415
5,2.098421516541546e-12,9.99999999876701,9.999999999729415
