,tau,theta
0,0.0013914551884076532,2.2785939674316165
1,0.0013914551884076532,2.2785939674316165
2,0.0013914551884076532,2.2785939674316165
3,0.0013914551884076532,2.2785939674316165
4,0.0013914551884076532,2.2785939674316165
5,0.0013914551884076532,2.2785939674316165
6,0.0013914551884076532,2.2785939674316165
7,0.0013914551884076532,2.2785939674316165
8,0.0013914551884076532,2.2785939674316165
9,0.0013914551884076532,2.2785939674316165
10,0.0013914551884076532,2.2785939674316165
