,tau,theta
0,9.999999999353415,9.999999999999769
1,9.999999999353415,9.999999999999769
2,9.999999999353415,9.999999999999769
3,9.999999999353415,9.999999999999769
4,9.999999999353415,9.999999999999769
5,9.999999999353415,9.999999999999769
