,tau,theta
0,9.999999999768217,9.99999999926461
1,9.999999999768217,9.99999999926461
2,9.999999999768217,9.99999999926461
3,9.999999999768217,9.99999999926461
4,9.999999999768217,9.99999999926461
5,9.999999999768217,9.99999999926461
6,9.999999999768217,9.99999999926461
7,9.999999999768217,9.99999999926461
8,9.999999999768217,9.99999999926461
9,9.999999999768217,9.99999999926461
10,9.999999999768217,9.99999999926461
