,beta,tau,theta
0,0.04262952237642513,3.1154897139817916,2.1640013473138175
1,0.04262952237642513,3.1154897139817916,2.1640013473138175
2,0.04262952237642513,3.1154897139817916,2.1640013473138175
3,0.04262952237642513,3.1154897139817916,2.1640013473138175
4,0.04262952237642513,3.1154897139817916,2.1640013473138175
5,0.04262952237642513,3.1154897139817916,2.1640013473138175
