,beta,tau,theta
0,0.014225368408310558,5.116784743612486,2.7187617750018287
1,0.014225368408310558,5.116784743612486,2.7187617750018287
2,0.014225368408310558,5.116784743612486,2.7187617750018287
3,0.014225368408310558,5.116784743612486,2.7187617750018287
4,0.014225368408310558,5.116784743612486,2.7187617750018287
5,0.014225368408310558,5.116784743612486,2.7187617750018287
6,0.014225368408310558,5.116784743612486,2.7187617750018287
7,0.014225368408310558,5.116784743612486,2.7187617750018287
8,0.014225368408310558,5.116784743612486,2.7187617750018287
9,0.014225368408310558,5.116784743612486,2.7187617750018287
10,0.014225368408310558,5.116784743612486,2.7187617750018287
