,beta,tau,theta
0,2.339018470364226e-05,1.6343430415454974,3.345832142055385
1,2.339018470364226e-05,1.6343430415454974,3.345832142055385
2,2.339018470364226e-05,1.6343430415454974,3.345832142055385
3,2.339018470364226e-05,1.6343430415454974,3.345832142055385
4,2.339018470364226e-05,1.6343430415454974,3.345832142055385
5,2.339018470364226e-05,1.6343430415454974,3.345832142055385
