,beta,tau,theta
0,0.4012757905364851,2.1177204055930153e-07,4.472027596696673
1,0.4012757905364851,2.1177204055930153e-07,4.472027596696673
2,0.4012757905364851,2.1177204055930153e-07,4.472027596696673
3,0.4012757905364851,2.1177204055930153e-07,4.472027596696673
4,0.4012757905364851,2.1177204055930153e-07,4.472027596696673
5,0.4012757905364851,2.1177204055930153e-07,4.472027596696673
6,0.4012757905364851,2.1177204055930153e-07,4.472027596696673
7,0.4012757905364851,2.1177204055930153e-07,4.472027596696673
8,0.4012757905364851,2.1177204055930153e-07,4.472027596696673
9,0.4012757905364851,2.1177204055930153e-07,4.472027596696673
10,0.4012757905364851,2.1177204055930153e-07,4.472027596696673
