,beta,tau,theta
0,0.12492610117154145,1.350655463835898,3.8404728354388604
1,0.12492610117154145,1.350655463835898,3.8404728354388604
2,0.12492610117154145,1.350655463835898,3.8404728354388604
3,0.12492610117154145,1.350655463835898,3.8404728354388604
4,0.12492610117154145,1.350655463835898,3.8404728354388604
5,0.12492610117154145,1.350655463835898,3.8404728354388604
6,0.12492610117154145,1.350655463835898,3.8404728354388604
7,0.12492610117154145,1.350655463835898,3.8404728354388604
8,0.12492610117154145,1.350655463835898,3.8404728354388604
9,0.12492610117154145,1.350655463835898,3.8404728354388604
10,0.12492610117154145,1.350655463835898,3.8404728354388604
