,tau,theta
0,0.12809417313448157,9.999999997661444
1,0.12809417313448157,9.999999997661444
2,0.12809417313448157,9.999999997661444
3,0.12809417313448157,9.999999997661444
4,0.12809417313448157,9.999999997661444
5,0.12809417313448157,9.999999997661444
6,0.12809417313448157,9.999999997661444
7,0.12809417313448157,9.999999997661444
8,0.12809417313448157,9.999999997661444
9,0.12809417313448157,9.999999997661444
10,0.12809417313448157,9.999999997661444
