,beta,tau,theta
0,0.22992394823469497,0.05037342220031503,2.269478264615506
1,0.22992394823469497,0.05037342220031503,2.269478264615506
2,0.22992394823469497,0.05037342220031503,2.269478264615506
3,0.22992394823469497,0.05037342220031503,2.269478264615506
4,0.22992394823469497,0.05037342220031503,2.269478264615506
5,0.22992394823469497,0.05037342220031503,2.269478264615506
