,beta,tau,theta
0,9.999999999900357,9.9999999999919,9.980516594736603
1,9.999999999900357,9.9999999999919,9.980516594736603
2,9.999999999900357,9.9999999999919,9.980516594736603
3,9.999999999900357,9.9999999999919,9.980516594736603
4,9.999999999900357,9.9999999999919,9.980516594736603
5,9.999999999900357,9.9999999999919,9.980516594736603
