,tau,theta
0,9.999999997795747,9.999999999994102
1,9.999999997795747,9.999999999994102
2,9.999999997795747,9.999999999994102
3,9.999999997795747,9.999999999994102
4,9.999999997795747,9.999999999994102
5,9.999999997795747,9.999999999994102
6,9.999999997795747,9.999999999994102
7,9.999999997795747,9.999999999994102
8,9.999999997795747,9.999999999994102
9,9.999999997795747,9.999999999994102
10,9.999999997795747,9.999999999994102
