,beta,tau,theta
0,8.33954408816058,0.7227015182125652,0.1724616199914515
1,8.33954408816058,0.7227015182125652,0.1724616199914515
2,8.33954408816058,0.7227015182125652,0.1724616199914515
3,8.33954408816058,0.7227015182125652,0.1724616199914515
4,8.33954408816058,0.7227015182125652,0.1724616199914515
5,8.33954408816058,0.7227015182125652,0.1724616199914515
