,beta,tau,theta
0,0.17295545881979302,2.9375853516446772e-08,5.650197190170419
1,0.17295545881979302,2.9375853516446772e-08,5.650197190170419
2,0.17295545881979302,2.9375853516446772e-08,5.650197190170419
3,0.17295545881979302,2.9375853516446772e-08,5.650197190170419
4,0.17295545881979302,2.9375853516446772e-08,5.650197190170419
5,0.17295545881979302,2.9375853516446772e-08,5.650197190170419
6,0.17295545881979302,2.9375853516446772e-08,5.650197190170419
7,0.17295545881979302,2.9375853516446772e-08,5.650197190170419
8,0.17295545881979302,2.9375853516446772e-08,5.650197190170419
9,0.17295545881979302,2.9375853516446772e-08,5.650197190170419
10,0.17295545881979302,2.9375853516446772e-08,5.650197190170419
