,beta,tau,theta
0,0.04277835835872111,0.36767122978968736,4.533125802187269
1,0.04277835835872111,0.36767122978968736,4.533125802187269
2,0.04277835835872111,0.36767122978968736,4.533125802187269
3,0.04277835835872111,0.36767122978968736,4.533125802187269
4,0.04277835835872111,0.36767122978968736,4.533125802187269
5,0.04277835835872111,0.36767122978968736,4.533125802187269
