,beta,tau,theta
0,9.999999999999973,9.999999999999973,9.990236763237238
1,9.999999999999973,9.999999999999973,9.990236763237238
2,9.999999999999973,9.999999999999973,9.990236763237238
3,9.999999999999973,9.999999999999973,9.990236763237238
4,9.999999999999973,9.999999999999973,9.990236763237238
5,9.999999999999973,9.999999999999973,9.990236763237238
