,beta,tau,theta
0,9.999999999999133,9.999999999996133,8.853619523621862
1,9.999999999999133,9.999999999996133,8.853619523621862
2,9.999999999999133,9.999999999996133,8.853619523621862
3,9.999999999999133,9.999999999996133,8.853619523621862
4,9.999999999999133,9.999999999996133,8.853619523621862
5,9.999999999999133,9.999999999996133,8.853619523621862
6,9.999999999999133,9.999999999996133,8.853619523621862
7,9.999999999999133,9.999999999996133,8.853619523621862
8,9.999999999999133,9.999999999996133,8.853619523621862
9,9.999999999999133,9.999999999996133,8.853619523621862
10,9.999999999999133,9.999999999996133,8.853619523621862
