,beta,tau,theta
0,1.554751201760061,0.9318382183700503,3.9367391793229696
1,1.554751201760061,0.9318382183700503,3.9367391793229696
2,1.554751201760061,0.9318382183700503,3.9367391793229696
3,1.554751201760061,0.9318382183700503,3.9367391793229696
4,1.554751201760061,0.9318382183700503,3.9367391793229696
5,1.554751201760061,0.9318382183700503,3.9367391793229696
6,1.554751201760061,0.9318382183700503,3.9367391793229696
7,1.554751201760061,0.9318382183700503,3.9367391793229696
8,1.554751201760061,0.9318382183700503,3.9367391793229696
9,1.554751201760061,0.9318382183700503,3.9367391793229696
10,1.554751201760061,0.9318382183700503,3.9367391793229696
