,beta,tau,theta
0,1.429645697395448,0.0038941080640315542,0.8394169471639763
1,1.429645697395448,0.0038941080640315542,0.8394169471639763
2,1.429645697395448,0.0038941080640315542,0.8394169471639763
3,1.429645697395448,0.0038941080640315542,0.8394169471639763
4,1.429645697395448,0.0038941080640315542,0.8394169471639763
5,1.429645697395448,0.0038941080640315542,0.8394169471639763
