,beta,tau,theta
0,0.0233613950030399,0.1244176191140046,0.2707057829059324
1,0.0233613950030399,0.1244176191140046,0.2707057829059324
2,0.0233613950030399,0.1244176191140046,0.2707057829059324
3,0.0233613950030399,0.1244176191140046,0.2707057829059324
4,0.0233613950030399,0.1244176191140046,0.2707057829059324
5,0.0233613950030399,0.1244176191140046,0.2707057829059324
