,beta,tau,theta
0,0.34148828824069455,2.149273199788104,0.5706102135996517
1,0.34148828824069455,2.149273199788104,0.5706102135996517
2,0.34148828824069455,2.149273199788104,0.5706102135996517
3,0.34148828824069455,2.149273199788104,0.5706102135996517
4,0.34148828824069455,2.149273199788104,0.5706102135996517
5,0.34148828824069455,2.149273199788104,0.5706102135996517
6,0.34148828824069455,2.149273199788104,0.5706102135996517
7,0.34148828824069455,2.149273199788104,0.5706102135996517
8,0.34148828824069455,2.149273199788104,0.5706102135996517
9,0.34148828824069455,2.149273199788104,0.5706102135996517
10,0.34148828824069455,2.149273199788104,0.5706102135996517
