,tau,theta
0,0.024791898037721073,2.644198727034888
1,0.024791898037721073,2.644198727034888
2,0.024791898037721073,2.644198727034888
3,0.024791898037721073,2.644198727034888
4,0.024791898037721073,2.644198727034888
5,0.024791898037721073,2.644198727034888
