,beta,tau,theta
0,0.010977692372088444,1.68682127450278,0.038719119484815864
1,0.010977692372088444,1.68682127450278,0.038719119484815864
2,0.010977692372088444,1.68682127450278,0.038719119484815864
3,0.010977692372088444,1.68682127450278,0.038719119484815864
4,0.010977692372088444,1.68682127450278,0.038719119484815864
5,0.010977692372088444,1.68682127450278,0.038719119484815864
6,0.010977692372088444,1.68682127450278,0.038719119484815864
7,0.010977692372088444,1.68682127450278,0.038719119484815864
8,0.010977692372088444,1.68682127450278,0.038719119484815864
9,0.010977692372088444,1.68682127450278,0.038719119484815864
10,0.010977692372088444,1.68682127450278,0.038719119484815864
