,beta,tau,theta
0,9.999999999904396,9.999999999977353,9.99005552780939
1,9.999999999904396,9.999999999977353,9.99005552780939
2,9.999999999904396,9.999999999977353,9.99005552780939
3,9.999999999904396,9.999999999977353,9.99005552780939
4,9.999999999904396,9.999999999977353,9.99005552780939
5,9.999999999904396,9.999999999977353,9.99005552780939
