,tau,theta
0,0.022643263387565716,1.493729265245315
1,0.022643263387565716,1.493729265245315
2,0.022643263387565716,1.493729265245315
3,0.022643263387565716,1.493729265245315
4,0.022643263387565716,1.493729265245315
5,0.022643263387565716,1.493729265245315
6,0.022643263387565716,1.493729265245315
7,0.022643263387565716,1.493729265245315
8,0.022643263387565716,1.493729265245315
9,0.022643263387565716,1.493729265245315
10,0.022643263387565716,1.493729265245315
