,beta,tau,theta
0,0.0658503098939318,1.9786107973933242,3.0149807256836025
1,0.0658503098939318,1.9786107973933242,3.0149807256836025
2,0.0658503098939318,1.9786107973933242,3.0149807256836025
3,0.0658503098939318,1.9786107973933242,3.0149807256836025
4,0.0658503098939318,1.9786107973933242,3.0149807256836025
5,0.0658503098939318,1.9786107973933242,3.0149807256836025
