,beta,tau,theta
0,9.99999999999977,9.999999999999984,9.999745733619815
1,9.99999999999977,9.999999999999984,9.999745733619815
2,9.99999999999977,9.999999999999984,9.999745733619815
3,9.99999999999977,9.999999999999984,9.999745733619815
4,9.99999999999977,9.999999999999984,9.999745733619815
5,9.99999999999977,9.999999999999984,9.999745733619815
