,beta,tau,theta
0,0.13741577874801914,1.4524807878668606,1.2642316083011935
1,0.13741577874801914,1.4524807878668606,1.2642316083011935
2,0.13741577874801914,1.4524807878668606,1.2642316083011935
3,0.13741577874801914,1.4524807878668606,1.2642316083011935
4,0.13741577874801914,1.4524807878668606,1.2642316083011935
5,0.13741577874801914,1.4524807878668606,1.2642316083011935
6,0.13741577874801914,1.4524807878668606,1.2642316083011935
7,0.13741577874801914,1.4524807878668606,1.2642316083011935
8,0.13741577874801914,1.4524807878668606,1.2642316083011935
9,0.13741577874801914,1.4524807878668606,1.2642316083011935
10,0.13741577874801914,1.4524807878668606,1.2642316083011935
