,tau,theta
0,0.11134202114905632,9.999999999741359
1,0.11134202114905632,9.999999999741359
2,0.11134202114905632,9.999999999741359
3,0.11134202114905632,9.999999999741359
4,0.11134202114905632,9.999999999741359
5,0.11134202114905632,9.999999999741359
6,0.11134202114905632,9.999999999741359
7,0.11134202114905632,9.999999999741359
8,0.11134202114905632,9.999999999741359
9,0.11134202114905632,9.999999999741359
10,0.11134202114905632,9.999999999741359
