,beta,tau,theta
0,0.2954614823636843,1.135691679923262,1.890487872739493
1,0.2954614823636843,1.135691679923262,1.890487872739493
2,0.2954614823636843,1.135691679923262,1.890487872739493
3,0.2954614823636843,1.135691679923262,1.890487872739493
4,0.2954614823636843,1.135691679923262,1.890487872739493
5,0.2954614823636843,1.135691679923262,1.890487872739493
