,tau,theta
0,9.999999999029052,9.999999999988546
1,9.999999999029052,9.999999999988546
2,9.999999999029052,9.999999999988546
3,9.999999999029052,9.999999999988546
4,9.999999999029052,9.999999999988546
5,9.999999999029052,9.999999999988546
