,beta,tau,theta
0,0.06824991264204171,0.45049136828267067,5.644862149368115
1,0.06824991264204171,0.45049136828267067,5.644862149368115
2,0.06824991264204171,0.45049136828267067,5.644862149368115
3,0.06824991264204171,0.45049136828267067,5.644862149368115
4,0.06824991264204171,0.45049136828267067,5.644862149368115
5,0.06824991264204171,0.45049136828267067,5.644862149368115
