,beta,tau,theta
0,9.999999999999305,9.999999999999636,9.94786272871854
1,9.999999999999305,9.999999999999636,9.94786272871854
2,9.999999999999305,9.999999999999636,9.94786272871854
3,9.999999999999305,9.999999999999636,9.94786272871854
4,9.999999999999305,9.999999999999636,9.94786272871854
5,9.999999999999305,9.999999999999636,9.94786272871854
