,beta,tau,theta
0,0.012040997650790797,2.740792834095027,2.1254360421504233
1,0.012040997650790797,2.740792834095027,2.1254360421504233
2,0.012040997650790797,2.740792834095027,2.1254360421504233
3,0.012040997650790797,2.740792834095027,2.1254360421504233
4,0.012040997650790797,2.740792834095027,2.1254360421504233
5,0.012040997650790797,2.740792834095027,2.1254360421504233
