,beta,tau,theta
0,5.0116265208410145,0.9259849041283598,0.0028419177843187374
1,5.0116265208410145,0.9259849041283598,0.0028419177843187374
2,5.0116265208410145,0.9259849041283598,0.0028419177843187374
3,5.0116265208410145,0.9259849041283598,0.0028419177843187374
4,5.0116265208410145,0.9259849041283598,0.0028419177843187374
5,5.0116265208410145,0.9259849041283598,0.0028419177843187374
