,tau,theta
0,0.0022181411700506917,1.8075347576637464
1,0.0022181411700506917,1.8075347576637464
2,0.0022181411700506917,1.8075347576637464
3,0.0022181411700506917,1.8075347576637464
4,0.0022181411700506917,1.8075347576637464
5,0.0022181411700506917,1.8075347576637464
