,beta,tau,theta
0,0.034969815720360495,0.5263256988895405,3.9872155762801786
1,0.034969815720360495,0.5263256988895405,3.9872155762801786
2,0.034969815720360495,0.5263256988895405,3.9872155762801786
3,0.034969815720360495,0.5263256988895405,3.9872155762801786
4,0.034969815720360495,0.5263256988895405,3.9872155762801786
5,0.034969815720360495,0.5263256988895405,3.9872155762801786
