,tau,theta
0,9.999999999069384,9.999999999926207
1,9.999999999069384,9.999999999926207
2,9.999999999069384,9.999999999926207
3,9.999999999069384,9.999999999926207
4,9.999999999069384,9.999999999926207
5,9.999999999069384,9.999999999926207
