,beta,tau,theta
0,5.7326257433025525,0.4600505258868627,0.004626814089776598
1,5.7326257433025525,0.4600505258868627,0.004626814089776598
2,5.7326257433025525,0.4600505258868627,0.004626814089776598
3,5.7326257433025525,0.4600505258868627,0.004626814089776598
4,5.7326257433025525,0.4600505258868627,0.004626814089776598
5,5.7326257433025525,0.4600505258868627,0.004626814089776598
