,beta,tau,theta
0,0.007102562037710858,0.9325859001262633,3.2222168726543563
1,0.007102562037710858,0.9325859001262633,3.2222168726543563
2,0.007102562037710858,0.9325859001262633,3.2222168726543563
3,0.007102562037710858,0.9325859001262633,3.2222168726543563
4,0.007102562037710858,0.9325859001262633,3.2222168726543563
5,0.007102562037710858,0.9325859001262633,3.2222168726543563
