,tau,theta
0,9.999999999761693,9.999999999755026
1,9.999999999761693,9.999999999755026
2,9.999999999761693,9.999999999755026
3,9.999999999761693,9.999999999755026
4,9.999999999761693,9.999999999755026
5,9.999999999761693,9.999999999755026
6,9.999999999761693,9.999999999755026
7,9.999999999761693,9.999999999755026
8,9.999999999761693,9.999999999755026
9,9.999999999761693,9.999999999755026
10,9.999999999761693,9.999999999755026
