,beta,tau,theta
0,9.999999999999996,9.999999999999819,7.111616377367466
1,9.999999999999996,9.999999999999819,7.111616377367466
2,9.999999999999996,9.999999999999819,7.111616377367466
3,9.999999999999996,9.999999999999819,7.111616377367466
4,9.999999999999996,9.999999999999819,7.111616377367466
5,9.999999999999996,9.999999999999819,7.111616377367466
