,tau,theta
0,9.999999999163848,9.999999999720934
1,9.999999999163848,9.999999999720934
2,9.999999999163848,9.999999999720934
3,9.999999999163848,9.999999999720934
4,9.999999999163848,9.999999999720934
5,9.999999999163848,9.999999999720934
6,9.999999999163848,9.999999999720934
7,9.999999999163848,9.999999999720934
8,9.999999999163848,9.999999999720934
9,9.999999999163848,9.999999999720934
10,9.999999999163848,9.999999999720934
