,beta,tau,theta
0,9.335873406851314e-14,9.999999991872668,9.999999999664542
1,9.335873406851314e-14,9.999999991872668,9.999999999664542
2,9.335873406851314e-14,9.999999991872668,9.999999999664542
3,9.335873406851314e-14,9.999999991872668,9.999999999664542
4,9.335873406851314e-14,9.999999991872668,9.999999999664542
5,9.335873406851314e-14,9.999999991872668,9.999999999664542
