,tau,theta
0,9.999999998938033,9.999999999985294
1,9.999999998938033,9.999999999985294
2,9.999999998938033,9.999999999985294
3,9.999999998938033,9.999999999985294
4,9.999999998938033,9.999999999985294
5,9.999999998938033,9.999999999985294
6,9.999999998938033,9.999999999985294
7,9.999999998938033,9.999999999985294
8,9.999999998938033,9.999999999985294
9,9.999999998938033,9.999999999985294
10,9.999999998938033,9.999999999985294
