,beta,tau,theta
0,8.048898220272735,0.09172579209077335,0.9312058504891431
1,8.048898220272735,0.09172579209077335,0.9312058504891431
2,8.048898220272735,0.09172579209077335,0.9312058504891431
3,8.048898220272735,0.09172579209077335,0.9312058504891431
4,8.048898220272735,0.09172579209077335,0.9312058504891431
5,8.048898220272735,0.09172579209077335,0.9312058504891431
