,beta,tau,theta
0,0.05691986066242448,0.48914508162074777,7.251264021220503
1,0.05691986066242448,0.48914508162074777,7.251264021220503
2,0.05691986066242448,0.48914508162074777,7.251264021220503
3,0.05691986066242448,0.48914508162074777,7.251264021220503
4,0.05691986066242448,0.48914508162074777,7.251264021220503
5,0.05691986066242448,0.48914508162074777,7.251264021220503
