,tau,theta
0,0.025348233005608834,1.8860336353820046
1,0.025348233005608834,1.8860336353820046
2,0.025348233005608834,1.8860336353820046
3,0.025348233005608834,1.8860336353820046
4,0.025348233005608834,1.8860336353820046
5,0.025348233005608834,1.8860336353820046
