,beta,tau,theta
0,6.504620942567808,0.12141747660942569,0.839717676362376
1,6.504620942567808,0.12141747660942569,0.839717676362376
2,6.504620942567808,0.12141747660942569,0.839717676362376
3,6.504620942567808,0.12141747660942569,0.839717676362376
4,6.504620942567808,0.12141747660942569,0.839717676362376
5,6.504620942567808,0.12141747660942569,0.839717676362376
