,beta,tau,theta
0,0.015585064885387901,4.509637871481754,4.40396716899714
1,0.015585064885387901,4.509637871481754,4.40396716899714
2,0.015585064885387901,4.509637871481754,4.40396716899714
3,0.015585064885387901,4.509637871481754,4.40396716899714
4,0.015585064885387901,4.509637871481754,4.40396716899714
5,0.015585064885387901,4.509637871481754,4.40396716899714
6,0.015585064885387901,4.509637871481754,4.40396716899714
7,0.015585064885387901,4.509637871481754,4.40396716899714
8,0.015585064885387901,4.509637871481754,4.40396716899714
9,0.015585064885387901,4.509637871481754,4.40396716899714
10,0.015585064885387901,4.509637871481754,4.40396716899714
