,tau,theta
0,0.0018860585953851428,1.766826354881112
1,0.0018860585953851428,1.766826354881112
2,0.0018860585953851428,1.766826354881112
3,0.0018860585953851428,1.766826354881112
4,0.0018860585953851428,1.766826354881112
5,0.0018860585953851428,1.766826354881112
