,tau,theta
0,0.0008087263666174294,3.997818024922171
1,0.0008087263666174294,3.997818024922171
2,0.0008087263666174294,3.997818024922171
3,0.0008087263666174294,3.997818024922171
4,0.0008087263666174294,3.997818024922171
5,0.0008087263666174294,3.997818024922171
6,0.0008087263666174294,3.997818024922171
7,0.0008087263666174294,3.997818024922171
8,0.0008087263666174294,3.997818024922171
9,0.0008087263666174294,3.997818024922171
10,0.0008087263666174294,3.997818024922171
