,tau,theta
0,0.027786428708828737,2.0619818051354084
1,0.027786428708828737,2.0619818051354084
2,0.027786428708828737,2.0619818051354084
3,0.027786428708828737,2.0619818051354084
4,0.027786428708828737,2.0619818051354084
5,0.027786428708828737,2.0619818051354084
