,beta,tau,theta
0,0.25024747601583697,0.8282517095295373,2.742397248421179
1,0.25024747601583697,0.8282517095295373,2.742397248421179
2,0.25024747601583697,0.8282517095295373,2.742397248421179
3,0.25024747601583697,0.8282517095295373,2.742397248421179
4,0.25024747601583697,0.8282517095295373,2.742397248421179
5,0.25024747601583697,0.8282517095295373,2.742397248421179
