,beta,tau,theta
0,0.04129016243078497,2.6415685309743497,0.571381903011371
1,0.04129016243078497,2.6415685309743497,0.571381903011371
2,0.04129016243078497,2.6415685309743497,0.571381903011371
3,0.04129016243078497,2.6415685309743497,0.571381903011371
4,0.04129016243078497,2.6415685309743497,0.571381903011371
5,0.04129016243078497,2.6415685309743497,0.571381903011371
