,tau,theta
0,9.999999999226933,9.999999999785242
1,9.999999999226933,9.999999999785242
2,9.999999999226933,9.999999999785242
3,9.999999999226933,9.999999999785242
4,9.999999999226933,9.999999999785242
5,9.999999999226933,9.999999999785242
