,tau,theta
0,9.999999999605748,9.999999999682505
1,9.999999999605748,9.999999999682505
2,9.999999999605748,9.999999999682505
3,9.999999999605748,9.999999999682505
4,9.999999999605748,9.999999999682505
5,9.999999999605748,9.999999999682505
6,9.999999999605748,9.999999999682505
7,9.999999999605748,9.999999999682505
8,9.999999999605748,9.999999999682505
9,9.999999999605748,9.999999999682505
10,9.999999999605748,9.999999999682505
