,beta,tau,theta
0,0.0042309815196501675,1.0640400294043528,2.1043221585134173
1,0.0042309815196501675,1.0640400294043528,2.1043221585134173
2,0.0042309815196501675,1.0640400294043528,2.1043221585134173
3,0.0042309815196501675,1.0640400294043528,2.1043221585134173
4,0.0042309815196501675,1.0640400294043528,2.1043221585134173
5,0.0042309815196501675,1.0640400294043528,2.1043221585134173
