,beta,tau,theta
0,0.10111296194093743,1.5263474523501164,2.6610394941534055
1,0.10111296194093743,1.5263474523501164,2.6610394941534055
2,0.10111296194093743,1.5263474523501164,2.6610394941534055
3,0.10111296194093743,1.5263474523501164,2.6610394941534055
4,0.10111296194093743,1.5263474523501164,2.6610394941534055
5,0.10111296194093743,1.5263474523501164,2.6610394941534055
