,beta,tau,theta
0,4.469768354288696,1.155926344932738,0.0034043629038400416
1,4.469768354288696,1.155926344932738,0.0034043629038400416
2,4.469768354288696,1.155926344932738,0.0034043629038400416
3,4.469768354288696,1.155926344932738,0.0034043629038400416
4,4.469768354288696,1.155926344932738,0.0034043629038400416
5,4.469768354288696,1.155926344932738,0.0034043629038400416
