,tau,theta
0,9.999999998410228,9.999999999605057
1,9.999999998410228,9.999999999605057
2,9.999999998410228,9.999999999605057
3,9.999999998410228,9.999999999605057
4,9.999999998410228,9.999999999605057
5,9.999999998410228,9.999999999605057
6,9.999999998410228,9.999999999605057
7,9.999999998410228,9.999999999605057
8,9.999999998410228,9.999999999605057
9,9.999999998410228,9.999999999605057
10,9.999999998410228,9.999999999605057
