,tau,theta
0,0.003140926703867442,1.0570298591967275
1,0.003140926703867442,1.0570298591967275
2,0.003140926703867442,1.0570298591967275
3,0.003140926703867442,1.0570298591967275
4,0.003140926703867442,1.0570298591967275
5,0.003140926703867442,1.0570298591967275
