,beta,tau,theta
0,4.129404270811234,0.9591322557005767,0.0025369881375853945
1,4.129404270811234,0.9591322557005767,0.0025369881375853945
2,4.129404270811234,0.9591322557005767,0.0025369881375853945
3,4.129404270811234,0.9591322557005767,0.0025369881375853945
4,4.129404270811234,0.9591322557005767,0.0025369881375853945
5,4.129404270811234,0.9591322557005767,0.0025369881375853945
