,tau,theta
0,0.13439533854016983,9.999999997891646
1,0.13439533854016983,9.999999997891646
2,0.13439533854016983,9.999999997891646
3,0.13439533854016983,9.999999997891646
4,0.13439533854016983,9.999999997891646
5,0.13439533854016983,9.999999997891646
6,0.13439533854016983,9.999999997891646
7,0.13439533854016983,9.999999997891646
8,0.13439533854016983,9.999999997891646
9,0.13439533854016983,9.999999997891646
10,0.13439533854016983,9.999999997891646
