,beta,tau,theta
0,0.03127564609633658,1.9664945630005026,3.562244751309478
1,0.03127564609633658,1.9664945630005026,3.562244751309478
2,0.03127564609633658,1.9664945630005026,3.562244751309478
3,0.03127564609633658,1.9664945630005026,3.562244751309478
4,0.03127564609633658,1.9664945630005026,3.562244751309478
5,0.03127564609633658,1.9664945630005026,3.562244751309478
