,tau,theta
0,9.999999999355628,9.999999999829605
1,9.999999999355628,9.999999999829605
2,9.999999999355628,9.999999999829605
3,9.999999999355628,9.999999999829605
4,9.999999999355628,9.999999999829605
5,9.999999999355628,9.999999999829605
6,9.999999999355628,9.999999999829605
7,9.999999999355628,9.999999999829605
8,9.999999999355628,9.999999999829605
9,9.999999999355628,9.999999999829605
10,9.999999999355628,9.999999999829605
