,beta,tau,theta
0,9.99999999999999,9.999999999999844,9.930125279126427
1,9.99999999999999,9.999999999999844,9.930125279126427
2,9.99999999999999,9.999999999999844,9.930125279126427
3,9.99999999999999,9.999999999999844,9.930125279126427
4,9.99999999999999,9.999999999999844,9.930125279126427
5,9.99999999999999,9.999999999999844,9.930125279126427
