,beta,tau,theta
0,8.878899214174925,0.10022056454715499,2.5402110763606274
1,8.878899214174925,0.10022056454715499,2.5402110763606274
2,8.878899214174925,0.10022056454715499,2.5402110763606274
3,8.878899214174925,0.10022056454715499,2.5402110763606274
4,8.878899214174925,0.10022056454715499,2.5402110763606274
5,8.878899214174925,0.10022056454715499,2.5402110763606274
