,beta,tau,theta
0,9.999999999999991,9.999999999993205,2.4511874995246097
1,9.999999999999991,9.999999999993205,2.4511874995246097
2,9.999999999999991,9.999999999993205,2.4511874995246097
3,9.999999999999991,9.999999999993205,2.4511874995246097
4,9.999999999999991,9.999999999993205,2.4511874995246097
5,9.999999999999991,9.999999999993205,2.4511874995246097
6,9.999999999999991,9.999999999993205,2.4511874995246097
7,9.999999999999991,9.999999999993205,2.4511874995246097
8,9.999999999999991,9.999999999993205,2.4511874995246097
9,9.999999999999991,9.999999999993205,2.4511874995246097
10,9.999999999999991,9.999999999993205,2.4511874995246097
