,beta,tau,theta
0,0.09823664637693362,0.0005189975914561163,0.1798679609138344
1,0.09823664637693362,0.0005189975914561163,0.1798679609138344
2,0.09823664637693362,0.0005189975914561163,0.1798679609138344
3,0.09823664637693362,0.0005189975914561163,0.1798679609138344
4,0.09823664637693362,0.0005189975914561163,0.1798679609138344
5,0.09823664637693362,0.0005189975914561163,0.1798679609138344
