,beta,tau,theta
0,0.1430568756358903,0.0013049649640451855,0.4251008442175137
1,0.1430568756358903,0.0013049649640451855,0.4251008442175137
2,0.1430568756358903,0.0013049649640451855,0.4251008442175137
3,0.1430568756358903,0.0013049649640451855,0.4251008442175137
4,0.1430568756358903,0.0013049649640451855,0.4251008442175137
5,0.1430568756358903,0.0013049649640451855,0.4251008442175137
