,beta,tau,theta
0,0.15079327541631338,0.4092253899743732,8.50625524714504
1,0.15079327541631338,0.4092253899743732,8.50625524714504
2,0.15079327541631338,0.4092253899743732,8.50625524714504
3,0.15079327541631338,0.4092253899743732,8.50625524714504
4,0.15079327541631338,0.4092253899743732,8.50625524714504
5,0.15079327541631338,0.4092253899743732,8.50625524714504
