,beta,tau,theta
0,0.00787777421760848,0.25173685405481827,2.00578650077078
1,0.00787777421760848,0.25173685405481827,2.00578650077078
2,0.00787777421760848,0.25173685405481827,2.00578650077078
3,0.00787777421760848,0.25173685405481827,2.00578650077078
4,0.00787777421760848,0.25173685405481827,2.00578650077078
5,0.00787777421760848,0.25173685405481827,2.00578650077078
