,tau,theta
0,0.006633798852043282,0.5567382636197411
1,0.006633798852043282,0.5567382636197411
2,0.006633798852043282,0.5567382636197411
3,0.006633798852043282,0.5567382636197411
4,0.006633798852043282,0.5567382636197411
5,0.006633798852043282,0.5567382636197411
6,0.006633798852043282,0.5567382636197411
7,0.006633798852043282,0.5567382636197411
8,0.006633798852043282,0.5567382636197411
9,0.006633798852043282,0.5567382636197411
10,0.006633798852043282,0.5567382636197411
