,beta,tau,theta
0,1.61539058215051,0.029306338007322286,1.343474384363474
1,1.61539058215051,0.029306338007322286,1.343474384363474
2,1.61539058215051,0.029306338007322286,1.343474384363474
3,1.61539058215051,0.029306338007322286,1.343474384363474
4,1.61539058215051,0.029306338007322286,1.343474384363474
5,1.61539058215051,0.029306338007322286,1.343474384363474
