,tau,theta
0,9.999999999426814,9.999999999967105
1,9.999999999426814,9.999999999967105
2,9.999999999426814,9.999999999967105
3,9.999999999426814,9.999999999967105
4,9.999999999426814,9.999999999967105
5,9.999999999426814,9.999999999967105
