,beta,tau,theta
0,0.00010049868089622169,2.292355518759386,3.4963228280328162
1,0.00010049868089622169,2.292355518759386,3.4963228280328162
2,0.00010049868089622169,2.292355518759386,3.4963228280328162
3,0.00010049868089622169,2.292355518759386,3.4963228280328162
4,0.00010049868089622169,2.292355518759386,3.4963228280328162
5,0.00010049868089622169,2.292355518759386,3.4963228280328162
