,tau,theta
0,9.999999999649749,9.999999999696085
1,9.999999999649749,9.999999999696085
2,9.999999999649749,9.999999999696085
3,9.999999999649749,9.999999999696085
4,9.999999999649749,9.999999999696085
5,9.999999999649749,9.999999999696085
6,9.999999999649749,9.999999999696085
7,9.999999999649749,9.999999999696085
8,9.999999999649749,9.999999999696085
9,9.999999999649749,9.999999999696085
10,9.999999999649749,9.999999999696085
