,beta,tau,theta
0,0.033260753166723486,9.999999999537295,9.704594836474621
1,0.033260753166723486,9.999999999537295,9.704594836474621
2,0.033260753166723486,9.999999999537295,9.704594836474621
3,0.033260753166723486,9.999999999537295,9.704594836474621
4,0.033260753166723486,9.999999999537295,9.704594836474621
5,0.033260753166723486,9.999999999537295,9.704594836474621
