,beta,tau,theta
0,0.0008370013628240414,4.1692087391800134,2.5116920908951785
1,0.0008370013628240414,4.1692087391800134,2.5116920908951785
2,0.0008370013628240414,4.1692087391800134,2.5116920908951785
3,0.0008370013628240414,4.1692087391800134,2.5116920908951785
4,0.0008370013628240414,4.1692087391800134,2.5116920908951785
5,0.0008370013628240414,4.1692087391800134,2.5116920908951785
