,beta,tau,theta
0,8.134591773337345,0.013200003274100414,2.283733020687317
1,8.134591773337345,0.013200003274100414,2.283733020687317
2,8.134591773337345,0.013200003274100414,2.283733020687317
3,8.134591773337345,0.013200003274100414,2.283733020687317
4,8.134591773337345,0.013200003274100414,2.283733020687317
5,8.134591773337345,0.013200003274100414,2.283733020687317
