,beta,tau,theta
0,10.0,9.999999999997613,7.321757109830672
1,10.0,9.999999999997613,7.321757109830672
2,10.0,9.999999999997613,7.321757109830672
3,10.0,9.999999999997613,7.321757109830672
4,10.0,9.999999999997613,7.321757109830672
5,10.0,9.999999999997613,7.321757109830672
