,beta,tau,theta
0,0.020048870022910215,0.5240446352634649,8.025090659375847
1,0.020048870022910215,0.5240446352634649,8.025090659375847
2,0.020048870022910215,0.5240446352634649,8.025090659375847
3,0.020048870022910215,0.5240446352634649,8.025090659375847
4,0.020048870022910215,0.5240446352634649,8.025090659375847
5,0.020048870022910215,0.5240446352634649,8.025090659375847
