,beta,tau,theta
0,1.2102230246251566e-15,9.999999998997911,9.999999999969699
1,1.2102230246251566e-15,9.999999998997911,9.999999999969699
2,1.2102230246251566e-15,9.999999998997911,9.999999999969699
3,1.2102230246251566e-15,9.999999998997911,9.999999999969699
4,1.2102230246251566e-15,9.999999998997911,9.999999999969699
5,1.2102230246251566e-15,9.999999998997911,9.999999999969699
