,beta,tau,theta
0,9.999999999999886,10.0,9.510619176493622
1,9.999999999999886,10.0,9.510619176493622
2,9.999999999999886,10.0,9.510619176493622
3,9.999999999999886,10.0,9.510619176493622
4,9.999999999999886,10.0,9.510619176493622
5,9.999999999999886,10.0,9.510619176493622
