,beta,tau,theta
0,0.02506684899488808,2.660242456544423,3.9081688580237057
1,0.02506684899488808,2.660242456544423,3.9081688580237057
2,0.02506684899488808,2.660242456544423,3.9081688580237057
3,0.02506684899488808,2.660242456544423,3.9081688580237057
4,0.02506684899488808,2.660242456544423,3.9081688580237057
5,0.02506684899488808,2.660242456544423,3.9081688580237057
