,beta,tau,theta
0,9.952409063862435,0.011090892863066627,2.843300413546616
1,9.952409063862435,0.011090892863066627,2.843300413546616
2,9.952409063862435,0.011090892863066627,2.843300413546616
3,9.952409063862435,0.011090892863066627,2.843300413546616
4,9.952409063862435,0.011090892863066627,2.843300413546616
5,9.952409063862435,0.011090892863066627,2.843300413546616
