,tau,theta
0,0.012188787825969761,1.1272679549045272
1,0.012188787825969761,1.1272679549045272
2,0.012188787825969761,1.1272679549045272
3,0.012188787825969761,1.1272679549045272
4,0.012188787825969761,1.1272679549045272
5,0.012188787825969761,1.1272679549045272
6,0.012188787825969761,1.1272679549045272
7,0.012188787825969761,1.1272679549045272
8,0.012188787825969761,1.1272679549045272
9,0.012188787825969761,1.1272679549045272
10,0.012188787825969761,1.1272679549045272
