,beta,tau,theta
0,0.14961124962249228,1.263468339959494e-08,2.827303975449018
1,0.14961124962249228,1.263468339959494e-08,2.827303975449018
2,0.14961124962249228,1.263468339959494e-08,2.827303975449018
3,0.14961124962249228,1.263468339959494e-08,2.827303975449018
4,0.14961124962249228,1.263468339959494e-08,2.827303975449018
5,0.14961124962249228,1.263468339959494e-08,2.827303975449018
