,beta,tau,theta
0,0.03928132578584108,0.026754649258757358,7.41358249607254
1,0.03928132578584108,0.026754649258757358,7.41358249607254
2,0.03928132578584108,0.026754649258757358,7.41358249607254
3,0.03928132578584108,0.026754649258757358,7.41358249607254
4,0.03928132578584108,0.026754649258757358,7.41358249607254
5,0.03928132578584108,0.026754649258757358,7.41358249607254
