,beta,tau,theta
0,0.2636098104966884,0.7286037905477806,1.4341161099667676
1,0.2636098104966884,0.7286037905477806,1.4341161099667676
2,0.2636098104966884,0.7286037905477806,1.4341161099667676
3,0.2636098104966884,0.7286037905477806,1.4341161099667676
4,0.2636098104966884,0.7286037905477806,1.4341161099667676
5,0.2636098104966884,0.7286037905477806,1.4341161099667676
6,0.2636098104966884,0.7286037905477806,1.4341161099667676
7,0.2636098104966884,0.7286037905477806,1.4341161099667676
8,0.2636098104966884,0.7286037905477806,1.4341161099667676
9,0.2636098104966884,0.7286037905477806,1.4341161099667676
10,0.2636098104966884,0.7286037905477806,1.4341161099667676
