,tau,theta
0,0.03159935983954264,0.9926588393812542
1,0.03159935983954264,0.9926588393812542
2,0.03159935983954264,0.9926588393812542
3,0.03159935983954264,0.9926588393812542
4,0.03159935983954264,0.9926588393812542
5,0.03159935983954264,0.9926588393812542
