,beta,tau,theta
0,0.08232799227278885,0.00895622000132278,4.874238396487206
1,0.08232799227278885,0.00895622000132278,4.874238396487206
2,0.08232799227278885,0.00895622000132278,4.874238396487206
3,0.08232799227278885,0.00895622000132278,4.874238396487206
4,0.08232799227278885,0.00895622000132278,4.874238396487206
5,0.08232799227278885,0.00895622000132278,4.874238396487206
6,0.08232799227278885,0.00895622000132278,4.874238396487206
7,0.08232799227278885,0.00895622000132278,4.874238396487206
8,0.08232799227278885,0.00895622000132278,4.874238396487206
9,0.08232799227278885,0.00895622000132278,4.874238396487206
10,0.08232799227278885,0.00895622000132278,4.874238396487206
