,beta,tau,theta
0,0.0891191953094873,1.1109649359803293,2.288926337936056
1,0.0891191953094873,1.1109649359803293,2.288926337936056
2,0.0891191953094873,1.1109649359803293,2.288926337936056
3,0.0891191953094873,1.1109649359803293,2.288926337936056
4,0.0891191953094873,1.1109649359803293,2.288926337936056
5,0.0891191953094873,1.1109649359803293,2.288926337936056
6,0.0891191953094873,1.1109649359803293,2.288926337936056
7,0.0891191953094873,1.1109649359803293,2.288926337936056
8,0.0891191953094873,1.1109649359803293,2.288926337936056
9,0.0891191953094873,1.1109649359803293,2.288926337936056
10,0.0891191953094873,1.1109649359803293,2.288926337936056
