,beta,tau,theta
0,0.004843677945702385,9.835549951050938,0.02672014034493363
1,0.004843677945702385,9.835549951050938,0.02672014034493363
2,0.004843677945702385,9.835549951050938,0.02672014034493363
3,0.004843677945702385,9.835549951050938,0.02672014034493363
4,0.004843677945702385,9.835549951050938,0.02672014034493363
5,0.004843677945702385,9.835549951050938,0.02672014034493363
