,beta,tau,theta
0,5.81843319193254,1.1787969771746287,0.03168274839741479
1,5.81843319193254,1.1787969771746287,0.03168274839741479
2,5.81843319193254,1.1787969771746287,0.03168274839741479
3,5.81843319193254,1.1787969771746287,0.03168274839741479
4,5.81843319193254,1.1787969771746287,0.03168274839741479
5,5.81843319193254,1.1787969771746287,0.03168274839741479
