,beta,tau,theta
0,0.07795375837952766,2.2092862688615202,4.48600665667168
1,0.07795375837952766,2.2092862688615202,4.48600665667168
2,0.07795375837952766,2.2092862688615202,4.48600665667168
3,0.07795375837952766,2.2092862688615202,4.48600665667168
4,0.07795375837952766,2.2092862688615202,4.48600665667168
5,0.07795375837952766,2.2092862688615202,4.48600665667168
6,0.07795375837952766,2.2092862688615202,4.48600665667168
7,0.07795375837952766,2.2092862688615202,4.48600665667168
8,0.07795375837952766,2.2092862688615202,4.48600665667168
9,0.07795375837952766,2.2092862688615202,4.48600665667168
10,0.07795375837952766,2.2092862688615202,4.48600665667168
