,tau,theta
0,0.04151637217252989,0.8373191929613162
1,0.04151637217252989,0.8373191929613162
2,0.04151637217252989,0.8373191929613162
3,0.04151637217252989,0.8373191929613162
4,0.04151637217252989,0.8373191929613162
5,0.04151637217252989,0.8373191929613162
