,tau,theta
0,9.9999999984571,9.9999999999031
1,9.9999999984571,9.9999999999031
2,9.9999999984571,9.9999999999031
3,9.9999999984571,9.9999999999031
4,9.9999999984571,9.9999999999031
5,9.9999999984571,9.9999999999031
