,beta,tau,theta
0,0.15171172060856952,2.9585828886871103e-08,1.5571809163236383
1,0.15171172060856952,2.9585828886871103e-08,1.5571809163236383
2,0.15171172060856952,2.9585828886871103e-08,1.5571809163236383
3,0.15171172060856952,2.9585828886871103e-08,1.5571809163236383
4,0.15171172060856952,2.9585828886871103e-08,1.5571809163236383
5,0.15171172060856952,2.9585828886871103e-08,1.5571809163236383
