,beta,tau,theta
0,9.999999999999973,9.999999999999867,7.755377329156683
1,9.999999999999973,9.999999999999867,7.755377329156683
2,9.999999999999973,9.999999999999867,7.755377329156683
3,9.999999999999973,9.999999999999867,7.755377329156683
4,9.999999999999973,9.999999999999867,7.755377329156683
5,9.999999999999973,9.999999999999867,7.755377329156683
