,beta,tau,theta
0,9.999999999990525,9.999999999999378,9.876913486590002
1,9.999999999990525,9.999999999999378,9.876913486590002
2,9.999999999990525,9.999999999999378,9.876913486590002
3,9.999999999990525,9.999999999999378,9.876913486590002
4,9.999999999990525,9.999999999999378,9.876913486590002
5,9.999999999990525,9.999999999999378,9.876913486590002
