,beta,tau,theta
0,0.1340838640416232,1.2390291568024199,2.624462479333476
1,0.1340838640416232,1.2390291568024199,2.624462479333476
2,0.1340838640416232,1.2390291568024199,2.624462479333476
3,0.1340838640416232,1.2390291568024199,2.624462479333476
4,0.1340838640416232,1.2390291568024199,2.624462479333476
5,0.1340838640416232,1.2390291568024199,2.624462479333476
6,0.1340838640416232,1.2390291568024199,2.624462479333476
7,0.1340838640416232,1.2390291568024199,2.624462479333476
8,0.1340838640416232,1.2390291568024199,2.624462479333476
9,0.1340838640416232,1.2390291568024199,2.624462479333476
10,0.1340838640416232,1.2390291568024199,2.624462479333476
