,beta,tau,theta
0,0.023641255861632893,1.1876491468193018,2.850426163581071
1,0.023641255861632893,1.1876491468193018,2.850426163581071
2,0.023641255861632893,1.1876491468193018,2.850426163581071
3,0.023641255861632893,1.1876491468193018,2.850426163581071
4,0.023641255861632893,1.1876491468193018,2.850426163581071
5,0.023641255861632893,1.1876491468193018,2.850426163581071
