,beta,tau,theta
0,0.08734268134055988,0.57150391999239,3.61212502628514
1,0.08734268134055988,0.57150391999239,3.61212502628514
2,0.08734268134055988,0.57150391999239,3.61212502628514
3,0.08734268134055988,0.57150391999239,3.61212502628514
4,0.08734268134055988,0.57150391999239,3.61212502628514
5,0.08734268134055988,0.57150391999239,3.61212502628514
