,tau,theta
0,9.999999999288963,9.999999999780059
1,9.999999999288963,9.999999999780059
2,9.999999999288963,9.999999999780059
3,9.999999999288963,9.999999999780059
4,9.999999999288963,9.999999999780059
5,9.999999999288963,9.999999999780059
6,9.999999999288963,9.999999999780059
7,9.999999999288963,9.999999999780059
8,9.999999999288963,9.999999999780059
9,9.999999999288963,9.999999999780059
10,9.999999999288963,9.999999999780059
