,beta,tau,theta
0,9.99999999998786,9.99999999999904,8.606145519686375
1,9.99999999998786,9.99999999999904,8.606145519686375
2,9.99999999998786,9.99999999999904,8.606145519686375
3,9.99999999998786,9.99999999999904,8.606145519686375
4,9.99999999998786,9.99999999999904,8.606145519686375
5,9.99999999998786,9.99999999999904,8.606145519686375
