,beta,tau,theta
0,9.999999999999405,9.999999999999874,9.722272522584419
1,9.999999999999405,9.999999999999874,9.722272522584419
2,9.999999999999405,9.999999999999874,9.722272522584419
3,9.999999999999405,9.999999999999874,9.722272522584419
4,9.999999999999405,9.999999999999874,9.722272522584419
5,9.999999999999405,9.999999999999874,9.722272522584419
