,beta,tau,theta
0,1e-16,0.012570324636607223,3.4993124186097015e-07
1,1e-16,0.012570324636607223,3.4993124186097015e-07
2,1e-16,0.012570324636607223,3.4993124186097015e-07
3,1e-16,0.012570324636607223,3.4993124186097015e-07
4,1e-16,0.012570324636607223,3.4993124186097015e-07
5,1e-16,0.012570324636607223,3.4993124186097015e-07
