,beta,tau,theta
0,0.10003745892775316,2.979647775620978,1.0780643076404677
1,0.10003745892775316,2.979647775620978,1.0780643076404677
2,0.10003745892775316,2.979647775620978,1.0780643076404677
3,0.10003745892775316,2.979647775620978,1.0780643076404677
4,0.10003745892775316,2.979647775620978,1.0780643076404677
5,0.10003745892775316,2.979647775620978,1.0780643076404677
