,beta,tau,theta
0,9.9999999999888,9.999999999991704,9.064876684300657
1,9.9999999999888,9.999999999991704,9.064876684300657
2,9.9999999999888,9.999999999991704,9.064876684300657
3,9.9999999999888,9.999999999991704,9.064876684300657
4,9.9999999999888,9.999999999991704,9.064876684300657
5,9.9999999999888,9.999999999991704,9.064876684300657
