,beta,tau,theta
0,0.05837806435493097,0.660256120184234,4.780212957522125
1,0.05837806435493097,0.660256120184234,4.780212957522125
2,0.05837806435493097,0.660256120184234,4.780212957522125
3,0.05837806435493097,0.660256120184234,4.780212957522125
4,0.05837806435493097,0.660256120184234,4.780212957522125
5,0.05837806435493097,0.660256120184234,4.780212957522125
