,beta,tau,theta
0,0.06943053777742135,0.49050705518271354,1.1402406811773496
1,0.06943053777742135,0.49050705518271354,1.1402406811773496
2,0.06943053777742135,0.49050705518271354,1.1402406811773496
3,0.06943053777742135,0.49050705518271354,1.1402406811773496
4,0.06943053777742135,0.49050705518271354,1.1402406811773496
5,0.06943053777742135,0.49050705518271354,1.1402406811773496
