,beta,tau,theta
0,0.09174080363696334,2.4421480895845225,0.11255830509882002
1,0.09174080363696334,2.4421480895845225,0.11255830509882002
2,0.09174080363696334,2.4421480895845225,0.11255830509882002
3,0.09174080363696334,2.4421480895845225,0.11255830509882002
4,0.09174080363696334,2.4421480895845225,0.11255830509882002
5,0.09174080363696334,2.4421480895845225,0.11255830509882002
6,0.09174080363696334,2.4421480895845225,0.11255830509882002
7,0.09174080363696334,2.4421480895845225,0.11255830509882002
8,0.09174080363696334,2.4421480895845225,0.11255830509882002
9,0.09174080363696334,2.4421480895845225,0.11255830509882002
10,0.09174080363696334,2.4421480895845225,0.11255830509882002
