,beta,tau,theta
0,7.930111020292569e-11,3.54752796376458,1.2987767093959601
1,7.930111020292569e-11,3.54752796376458,1.2987767093959601
2,7.930111020292569e-11,3.54752796376458,1.2987767093959601
3,7.930111020292569e-11,3.54752796376458,1.2987767093959601
4,7.930111020292569e-11,3.54752796376458,1.2987767093959601
5,7.930111020292569e-11,3.54752796376458,1.2987767093959601
