,beta,tau,theta
0,9.999999999999066,9.999999999999895,9.205431683509426
1,9.999999999999066,9.999999999999895,9.205431683509426
2,9.999999999999066,9.999999999999895,9.205431683509426
3,9.999999999999066,9.999999999999895,9.205431683509426
4,9.999999999999066,9.999999999999895,9.205431683509426
5,9.999999999999066,9.999999999999895,9.205431683509426
6,9.999999999999066,9.999999999999895,9.205431683509426
7,9.999999999999066,9.999999999999895,9.205431683509426
8,9.999999999999066,9.999999999999895,9.205431683509426
9,9.999999999999066,9.999999999999895,9.205431683509426
10,9.999999999999066,9.999999999999895,9.205431683509426
