,beta,tau,theta
0,0.06639171203236159,0.9795440521378391,1.7156313542072605
1,0.06639171203236159,0.9795440521378391,1.7156313542072605
2,0.06639171203236159,0.9795440521378391,1.7156313542072605
3,0.06639171203236159,0.9795440521378391,1.7156313542072605
4,0.06639171203236159,0.9795440521378391,1.7156313542072605
5,0.06639171203236159,0.9795440521378391,1.7156313542072605
