,tau,theta
0,0.027923193416810144,0.41549240434104306
1,0.027923193416810144,0.41549240434104306
2,0.027923193416810144,0.41549240434104306
3,0.027923193416810144,0.41549240434104306
4,0.027923193416810144,0.41549240434104306
5,0.027923193416810144,0.41549240434104306
