,tau,theta
0,0.0022470590503249513,0.3209233555967107
1,0.0022470590503249513,0.3209233555967107
2,0.0022470590503249513,0.3209233555967107
3,0.0022470590503249513,0.3209233555967107
4,0.0022470590503249513,0.3209233555967107
5,0.0022470590503249513,0.3209233555967107
