,tau,theta
0,0.006515938032958346,0.5166302758298092
1,0.006515938032958346,0.5166302758298092
2,0.006515938032958346,0.5166302758298092
3,0.006515938032958346,0.5166302758298092
4,0.006515938032958346,0.5166302758298092
5,0.006515938032958346,0.5166302758298092
