,beta,tau,theta
0,9.54106820069723,0.4801831830779081,1.0161291833320112
1,9.54106820069723,0.4801831830779081,1.0161291833320112
2,9.54106820069723,0.4801831830779081,1.0161291833320112
3,9.54106820069723,0.4801831830779081,1.0161291833320112
4,9.54106820069723,0.4801831830779081,1.0161291833320112
5,9.54106820069723,0.4801831830779081,1.0161291833320112
