,beta,tau,theta
0,0.5251603412928553,0.038809879981621206,0.30165246875534746
1,0.5251603412928553,0.038809879981621206,0.30165246875534746
2,0.5251603412928553,0.038809879981621206,0.30165246875534746
3,0.5251603412928553,0.038809879981621206,0.30165246875534746
4,0.5251603412928553,0.038809879981621206,0.30165246875534746
5,0.5251603412928553,0.038809879981621206,0.30165246875534746
