,beta,tau,theta
0,0.11661344573265407,1.627363143747571,0.09004640168160226
1,0.11661344573265407,1.627363143747571,0.09004640168160226
2,0.11661344573265407,1.627363143747571,0.09004640168160226
3,0.11661344573265407,1.627363143747571,0.09004640168160226
4,0.11661344573265407,1.627363143747571,0.09004640168160226
5,0.11661344573265407,1.627363143747571,0.09004640168160226
6,0.11661344573265407,1.627363143747571,0.09004640168160226
7,0.11661344573265407,1.627363143747571,0.09004640168160226
8,0.11661344573265407,1.627363143747571,0.09004640168160226
9,0.11661344573265407,1.627363143747571,0.09004640168160226
10,0.11661344573265407,1.627363143747571,0.09004640168160226
