,beta,tau,theta
0,3.1136152188392563,0.8421344816107258,0.013221515448990185
1,3.1136152188392563,0.8421344816107258,0.013221515448990185
2,3.1136152188392563,0.8421344816107258,0.013221515448990185
3,3.1136152188392563,0.8421344816107258,0.013221515448990185
4,3.1136152188392563,0.8421344816107258,0.013221515448990185
5,3.1136152188392563,0.8421344816107258,0.013221515448990185
