,tau,theta
0,0.056251361377154904,0.10112796931489097
1,0.056251361377154904,0.10112796931489097
2,0.056251361377154904,0.10112796931489097
3,0.056251361377154904,0.10112796931489097
4,0.056251361377154904,0.10112796931489097
5,0.056251361377154904,0.10112796931489097
