,beta,tau,theta
0,9.99999999999332,9.999999999996641,9.99290783168884
1,9.99999999999332,9.999999999996641,9.99290783168884
2,9.99999999999332,9.999999999996641,9.99290783168884
3,9.99999999999332,9.999999999996641,9.99290783168884
4,9.99999999999332,9.999999999996641,9.99290783168884
5,9.99999999999332,9.999999999996641,9.99290783168884
