,beta,tau,theta
0,0.17046428286505,0.8136821516215588,2.8841295625113417
1,0.17046428286505,0.8136821516215588,2.8841295625113417
2,0.17046428286505,0.8136821516215588,2.8841295625113417
3,0.17046428286505,0.8136821516215588,2.8841295625113417
4,0.17046428286505,0.8136821516215588,2.8841295625113417
5,0.17046428286505,0.8136821516215588,2.8841295625113417
