,beta,tau,theta
0,0.00016398786493297964,0.34853790826584863,7.213862630258516
1,0.00016398786493297964,0.34853790826584863,7.213862630258516
2,0.00016398786493297964,0.34853790826584863,7.213862630258516
3,0.00016398786493297964,0.34853790826584863,7.213862630258516
4,0.00016398786493297964,0.34853790826584863,7.213862630258516
5,0.00016398786493297964,0.34853790826584863,7.213862630258516
