,beta,tau,theta
0,0.15953967409983127,2.7779186756878094,4.352326520768784
1,0.15953967409983127,2.7779186756878094,4.352326520768784
2,0.15953967409983127,2.7779186756878094,4.352326520768784
3,0.15953967409983127,2.7779186756878094,4.352326520768784
4,0.15953967409983127,2.7779186756878094,4.352326520768784
5,0.15953967409983127,2.7779186756878094,4.352326520768784
