,tau,theta
0,9.999999999228779,9.99999999999889
1,9.999999999228779,9.99999999999889
2,9.999999999228779,9.99999999999889
3,9.999999999228779,9.99999999999889
4,9.999999999228779,9.99999999999889
5,9.999999999228779,9.99999999999889
6,9.999999999228779,9.99999999999889
7,9.999999999228779,9.99999999999889
8,9.999999999228779,9.99999999999889
9,9.999999999228779,9.99999999999889
10,9.999999999228779,9.99999999999889
