,beta,tau,theta
0,6.733397377570651,2.1821840246523734,0.0027930501339929917
1,6.733397377570651,2.1821840246523734,0.0027930501339929917
2,6.733397377570651,2.1821840246523734,0.0027930501339929917
3,6.733397377570651,2.1821840246523734,0.0027930501339929917
4,6.733397377570651,2.1821840246523734,0.0027930501339929917
5,6.733397377570651,2.1821840246523734,0.0027930501339929917
