,beta,tau,theta
0,2.724587302430134e-12,9.99999999872828,9.999999998637412
1,2.724587302430134e-12,9.99999999872828,9.999999998637412
2,2.724587302430134e-12,9.99999999872828,9.999999998637412
3,2.724587302430134e-12,9.99999999872828,9.999999998637412
4,2.724587302430134e-12,9.99999999872828,9.999999998637412
5,2.724587302430134e-12,9.99999999872828,9.999999998637412
