,tau,theta
0,0.002247970385885301,0.970224190548944
1,0.002247970385885301,0.970224190548944
2,0.002247970385885301,0.970224190548944
3,0.002247970385885301,0.970224190548944
4,0.002247970385885301,0.970224190548944
5,0.002247970385885301,0.970224190548944
