,tau,theta
0,9.99999999892836,9.999999999661354
1,9.99999999892836,9.999999999661354
2,9.99999999892836,9.999999999661354
3,9.99999999892836,9.999999999661354
4,9.99999999892836,9.999999999661354
5,9.99999999892836,9.999999999661354
6,9.99999999892836,9.999999999661354
7,9.99999999892836,9.999999999661354
8,9.99999999892836,9.999999999661354
9,9.99999999892836,9.999999999661354
10,9.99999999892836,9.999999999661354
