,beta,tau,theta
0,3.5107474089973714,0.6132668543740051,0.005374579466947515
1,3.5107474089973714,0.6132668543740051,0.005374579466947515
2,3.5107474089973714,0.6132668543740051,0.005374579466947515
3,3.5107474089973714,0.6132668543740051,0.005374579466947515
4,3.5107474089973714,0.6132668543740051,0.005374579466947515
5,3.5107474089973714,0.6132668543740051,0.005374579466947515
