,tau,theta
0,9.9999999986001,9.999999999969933
1,9.9999999986001,9.999999999969933
2,9.9999999986001,9.999999999969933
3,9.9999999986001,9.999999999969933
4,9.9999999986001,9.999999999969933
5,9.9999999986001,9.999999999969933
