,tau,theta
0,0.004345776699293913,0.409969698832517
1,0.004345776699293913,0.409969698832517
2,0.004345776699293913,0.409969698832517
3,0.004345776699293913,0.409969698832517
4,0.004345776699293913,0.409969698832517
5,0.004345776699293913,0.409969698832517
