,beta,tau,theta
0,0.18894631304882403,1.663608760757106e-08,7.199485235538266
1,0.18894631304882403,1.663608760757106e-08,7.199485235538266
2,0.18894631304882403,1.663608760757106e-08,7.199485235538266
3,0.18894631304882403,1.663608760757106e-08,7.199485235538266
4,0.18894631304882403,1.663608760757106e-08,7.199485235538266
5,0.18894631304882403,1.663608760757106e-08,7.199485235538266
6,0.18894631304882403,1.663608760757106e-08,7.199485235538266
7,0.18894631304882403,1.663608760757106e-08,7.199485235538266
8,0.18894631304882403,1.663608760757106e-08,7.199485235538266
9,0.18894631304882403,1.663608760757106e-08,7.199485235538266
10,0.18894631304882403,1.663608760757106e-08,7.199485235538266
