,beta,tau,theta
0,5.720852939281649,0.06586000841813887,0.7999036751054324
1,5.720852939281649,0.06586000841813887,0.7999036751054324
2,5.720852939281649,0.06586000841813887,0.7999036751054324
3,5.720852939281649,0.06586000841813887,0.7999036751054324
4,5.720852939281649,0.06586000841813887,0.7999036751054324
5,5.720852939281649,0.06586000841813887,0.7999036751054324
