,beta,tau,theta
0,0.04261461725202041,0.21997243897911645,1.468011577592393
1,0.04261461725202041,0.21997243897911645,1.468011577592393
2,0.04261461725202041,0.21997243897911645,1.468011577592393
3,0.04261461725202041,0.21997243897911645,1.468011577592393
4,0.04261461725202041,0.21997243897911645,1.468011577592393
5,0.04261461725202041,0.21997243897911645,1.468011577592393
6,0.04261461725202041,0.21997243897911645,1.468011577592393
7,0.04261461725202041,0.21997243897911645,1.468011577592393
8,0.04261461725202041,0.21997243897911645,1.468011577592393
9,0.04261461725202041,0.21997243897911645,1.468011577592393
10,0.04261461725202041,0.21997243897911645,1.468011577592393
