,beta,tau,theta
0,9.052237328168264,0.024841156955488043,2.3423867700580425
1,9.052237328168264,0.024841156955488043,2.3423867700580425
2,9.052237328168264,0.024841156955488043,2.3423867700580425
3,9.052237328168264,0.024841156955488043,2.3423867700580425
4,9.052237328168264,0.024841156955488043,2.3423867700580425
5,9.052237328168264,0.024841156955488043,2.3423867700580425
