,beta,tau,theta
0,5.643695664281876,1.4431896321074906,0.02333326175043292
1,5.643695664281876,1.4431896321074906,0.02333326175043292
2,5.643695664281876,1.4431896321074906,0.02333326175043292
3,5.643695664281876,1.4431896321074906,0.02333326175043292
4,5.643695664281876,1.4431896321074906,0.02333326175043292
5,5.643695664281876,1.4431896321074906,0.02333326175043292
