,beta,tau,theta
0,0.007895337452897933,3.3658849601964196,9.95795534090658
1,0.007895337452897933,3.3658849601964196,9.95795534090658
2,0.007895337452897933,3.3658849601964196,9.95795534090658
3,0.007895337452897933,3.3658849601964196,9.95795534090658
4,0.007895337452897933,3.3658849601964196,9.95795534090658
5,0.007895337452897933,3.3658849601964196,9.95795534090658
6,0.007895337452897933,3.3658849601964196,9.95795534090658
7,0.007895337452897933,3.3658849601964196,9.95795534090658
8,0.007895337452897933,3.3658849601964196,9.95795534090658
9,0.007895337452897933,3.3658849601964196,9.95795534090658
10,0.007895337452897933,3.3658849601964196,9.95795534090658
