,beta,tau,theta
0,0.06138234347767289,1.7543904285405942,2.3876336890687853
1,0.06138234347767289,1.7543904285405942,2.3876336890687853
2,0.06138234347767289,1.7543904285405942,2.3876336890687853
3,0.06138234347767289,1.7543904285405942,2.3876336890687853
4,0.06138234347767289,1.7543904285405942,2.3876336890687853
5,0.06138234347767289,1.7543904285405942,2.3876336890687853
6,0.06138234347767289,1.7543904285405942,2.3876336890687853
7,0.06138234347767289,1.7543904285405942,2.3876336890687853
8,0.06138234347767289,1.7543904285405942,2.3876336890687853
9,0.06138234347767289,1.7543904285405942,2.3876336890687853
10,0.06138234347767289,1.7543904285405942,2.3876336890687853
