,beta,tau,theta
0,0.000323116699093673,0.34934472968243657,6.056398944771807
1,0.000323116699093673,0.34934472968243657,6.056398944771807
2,0.000323116699093673,0.34934472968243657,6.056398944771807
3,0.000323116699093673,0.34934472968243657,6.056398944771807
4,0.000323116699093673,0.34934472968243657,6.056398944771807
5,0.000323116699093673,0.34934472968243657,6.056398944771807
6,0.000323116699093673,0.34934472968243657,6.056398944771807
7,0.000323116699093673,0.34934472968243657,6.056398944771807
8,0.000323116699093673,0.34934472968243657,6.056398944771807
9,0.000323116699093673,0.34934472968243657,6.056398944771807
10,0.000323116699093673,0.34934472968243657,6.056398944771807
