,tau,theta
0,9.99999999930608,9.999999999581883
1,9.99999999930608,9.999999999581883
2,9.99999999930608,9.999999999581883
3,9.99999999930608,9.999999999581883
4,9.99999999930608,9.999999999581883
5,9.99999999930608,9.999999999581883
6,9.99999999930608,9.999999999581883
7,9.99999999930608,9.999999999581883
8,9.99999999930608,9.999999999581883
9,9.99999999930608,9.999999999581883
10,9.99999999930608,9.999999999581883
