,tau,theta
0,0.002831569194924433,9.999999999969173
1,0.002831569194924433,9.999999999969173
2,0.002831569194924433,9.999999999969173
3,0.002831569194924433,9.999999999969173
4,0.002831569194924433,9.999999999969173
5,0.002831569194924433,9.999999999969173
