,tau,theta
0,0.0011532441454887743,9.999999999999481
1,0.0011532441454887743,9.999999999999481
2,0.0011532441454887743,9.999999999999481
3,0.0011532441454887743,9.999999999999481
4,0.0011532441454887743,9.999999999999481
5,0.0011532441454887743,9.999999999999481
