,tau,theta
0,0.11054006599476539,0.07341574671337568
1,0.11054006599476539,0.07341574671337568
2,0.11054006599476539,0.07341574671337568
3,0.11054006599476539,0.07341574671337568
4,0.11054006599476539,0.07341574671337568
5,0.11054006599476539,0.07341574671337568
6,0.11054006599476539,0.07341574671337568
7,0.11054006599476539,0.07341574671337568
8,0.11054006599476539,0.07341574671337568
9,0.11054006599476539,0.07341574671337568
10,0.11054006599476539,0.07341574671337568
