,tau,theta
0,0.0014941779352340868,0.8304477972943809
1,0.0014941779352340868,0.8304477972943809
2,0.0014941779352340868,0.8304477972943809
3,0.0014941779352340868,0.8304477972943809
4,0.0014941779352340868,0.8304477972943809
5,0.0014941779352340868,0.8304477972943809
