,tau,theta
0,0.0014580065699150047,9.999999999252783
1,0.0014580065699150047,9.999999999252783
2,0.0014580065699150047,9.999999999252783
3,0.0014580065699150047,9.999999999252783
4,0.0014580065699150047,9.999999999252783
5,0.0014580065699150047,9.999999999252783
6,0.0014580065699150047,9.999999999252783
7,0.0014580065699150047,9.999999999252783
8,0.0014580065699150047,9.999999999252783
9,0.0014580065699150047,9.999999999252783
10,0.0014580065699150047,9.999999999252783
