,tau,theta
0,9.999999999107747,9.999999999998414
1,9.999999999107747,9.999999999998414
2,9.999999999107747,9.999999999998414
3,9.999999999107747,9.999999999998414
4,9.999999999107747,9.999999999998414
5,9.999999999107747,9.999999999998414
6,9.999999999107747,9.999999999998414
7,9.999999999107747,9.999999999998414
8,9.999999999107747,9.999999999998414
9,9.999999999107747,9.999999999998414
10,9.999999999107747,9.999999999998414
