,tau,theta
0,0.0009935937430434083,9.999999999422716
1,0.0009935937430434083,9.999999999422716
2,0.0009935937430434083,9.999999999422716
3,0.0009935937430434083,9.999999999422716
4,0.0009935937430434083,9.999999999422716
5,0.0009935937430434083,9.999999999422716
