,tau,theta
0,0.019264069288325126,0.1901360075714127
1,0.019264069288325126,0.1901360075714127
2,0.019264069288325126,0.1901360075714127
3,0.019264069288325126,0.1901360075714127
4,0.019264069288325126,0.1901360075714127
5,0.019264069288325126,0.1901360075714127
6,0.019264069288325126,0.1901360075714127
7,0.019264069288325126,0.1901360075714127
8,0.019264069288325126,0.1901360075714127
9,0.019264069288325126,0.1901360075714127
10,0.019264069288325126,0.1901360075714127
