,tau,theta
0,0.11806079363220766,0.19617681462800918
1,0.11806079363220766,0.19617681462800918
2,0.11806079363220766,0.19617681462800918
3,0.11806079363220766,0.19617681462800918
4,0.11806079363220766,0.19617681462800918
5,0.11806079363220766,0.19617681462800918
