,tau,theta
0,0.09007414609423235,6.065277824509599e-09
1,0.09007414609423235,6.065277824509599e-09
2,0.09007414609423235,6.065277824509599e-09
3,0.09007414609423235,6.065277824509599e-09
4,0.09007414609423235,6.065277824509599e-09
5,0.09007414609423235,6.065277824509599e-09
6,0.09007414609423235,6.065277824509599e-09
7,0.09007414609423235,6.065277824509599e-09
8,0.09007414609423235,6.065277824509599e-09
9,0.09007414609423235,6.065277824509599e-09
10,0.09007414609423235,6.065277824509599e-09
