,tau,theta
0,0.0006839479341914534,9.999999999200174
1,0.0006839479341914534,9.999999999200174
2,0.0006839479341914534,9.999999999200174
3,0.0006839479341914534,9.999999999200174
4,0.0006839479341914534,9.999999999200174
5,0.0006839479341914534,9.999999999200174
6,0.0006839479341914534,9.999999999200174
7,0.0006839479341914534,9.999999999200174
8,0.0006839479341914534,9.999999999200174
9,0.0006839479341914534,9.999999999200174
10,0.0006839479341914534,9.999999999200174
