,tau,theta
0,0.11676802384615557,0.09195244553331493
1,0.11676802384615557,0.09195244553331493
2,0.11676802384615557,0.09195244553331493
3,0.11676802384615557,0.09195244553331493
4,0.11676802384615557,0.09195244553331493
5,0.11676802384615557,0.09195244553331493
