,tau,theta
0,0.08128533632720601,0.2677251545661503
1,0.08128533632720601,0.2677251545661503
2,0.08128533632720601,0.2677251545661503
3,0.08128533632720601,0.2677251545661503
4,0.08128533632720601,0.2677251545661503
5,0.08128533632720601,0.2677251545661503
