,tau,theta
0,0.0004080672750745752,9.999999998729766
1,0.0004080672750745752,9.999999998729766
2,0.0004080672750745752,9.999999998729766
3,0.0004080672750745752,9.999999998729766
4,0.0004080672750745752,9.999999998729766
5,0.0004080672750745752,9.999999998729766
6,0.0004080672750745752,9.999999998729766
7,0.0004080672750745752,9.999999998729766
8,0.0004080672750745752,9.999999998729766
9,0.0004080672750745752,9.999999998729766
10,0.0004080672750745752,9.999999998729766
