,tau,theta
0,0.14094614138559736,0.22954935603280335
1,0.14094614138559736,0.22954935603280335
2,0.14094614138559736,0.22954935603280335
3,0.14094614138559736,0.22954935603280335
4,0.14094614138559736,0.22954935603280335
5,0.14094614138559736,0.22954935603280335
