,tau,theta
0,0.0021955694645016013,9.999999999802423
1,0.0021955694645016013,9.999999999802423
2,0.0021955694645016013,9.999999999802423
3,0.0021955694645016013,9.999999999802423
4,0.0021955694645016013,9.999999999802423
5,0.0021955694645016013,9.999999999802423
6,0.0021955694645016013,9.999999999802423
7,0.0021955694645016013,9.999999999802423
8,0.0021955694645016013,9.999999999802423
9,0.0021955694645016013,9.999999999802423
10,0.0021955694645016013,9.999999999802423
