,tau,theta
0,0.12021337210671955,0.133778207743241
1,0.12021337210671955,0.133778207743241
2,0.12021337210671955,0.133778207743241
3,0.12021337210671955,0.133778207743241
4,0.12021337210671955,0.133778207743241
5,0.12021337210671955,0.133778207743241
