,tau,theta
0,0.0010415979118778452,9.99999999983577
1,0.0010415979118778452,9.99999999983577
2,0.0010415979118778452,9.99999999983577
3,0.0010415979118778452,9.99999999983577
4,0.0010415979118778452,9.99999999983577
5,0.0010415979118778452,9.99999999983577
