,tau,theta
0,0.005096582973040486,1.9084954723836711
1,0.005096582973040486,1.9084954723836711
2,0.005096582973040486,1.9084954723836711
3,0.005096582973040486,1.9084954723836711
4,0.005096582973040486,1.9084954723836711
5,0.005096582973040486,1.9084954723836711
