,tau,theta
0,0.12267801472639016,0.03015258572601608
1,0.12267801472639016,0.03015258572601608
2,0.12267801472639016,0.03015258572601608
3,0.12267801472639016,0.03015258572601608
4,0.12267801472639016,0.03015258572601608
5,0.12267801472639016,0.03015258572601608
6,0.12267801472639016,0.03015258572601608
7,0.12267801472639016,0.03015258572601608
8,0.12267801472639016,0.03015258572601608
9,0.12267801472639016,0.03015258572601608
10,0.12267801472639016,0.03015258572601608
