,tau,theta
0,0.3888309464535268,0.589940864149336
1,0.3888309464535268,0.589940864149336
2,0.3888309464535268,0.589940864149336
3,0.3888309464535268,0.589940864149336
4,0.3888309464535268,0.589940864149336
5,0.3888309464535268,0.589940864149336
6,0.3888309464535268,0.589940864149336
7,0.3888309464535268,0.589940864149336
8,0.3888309464535268,0.589940864149336
9,0.3888309464535268,0.589940864149336
10,0.3888309464535268,0.589940864149336
