,tau,theta
0,0.1044415501109842,0.1514280891587323
1,0.1044415501109842,0.1514280891587323
2,0.1044415501109842,0.1514280891587323
3,0.1044415501109842,0.1514280891587323
4,0.1044415501109842,0.1514280891587323
5,0.1044415501109842,0.1514280891587323
