,tau,theta
0,0.0005941058662890409,9.999999998553832
1,0.0005941058662890409,9.999999998553832
2,0.0005941058662890409,9.999999998553832
3,0.0005941058662890409,9.999999998553832
4,0.0005941058662890409,9.999999998553832
5,0.0005941058662890409,9.999999998553832
6,0.0005941058662890409,9.999999998553832
7,0.0005941058662890409,9.999999998553832
8,0.0005941058662890409,9.999999998553832
9,0.0005941058662890409,9.999999998553832
10,0.0005941058662890409,9.999999998553832
