,tau,theta
0,0.001534470839826374,9.254364229390964e-08
1,0.001534470839826374,9.254364229390964e-08
2,0.001534470839826374,9.254364229390964e-08
3,0.001534470839826374,9.254364229390964e-08
4,0.001534470839826374,9.254364229390964e-08
5,0.001534470839826374,9.254364229390964e-08
