,tau,theta
0,0.0101710318485566,0.5297190196833769
1,0.0101710318485566,0.5297190196833769
2,0.0101710318485566,0.5297190196833769
3,0.0101710318485566,0.5297190196833769
4,0.0101710318485566,0.5297190196833769
5,0.0101710318485566,0.5297190196833769
