,tau,theta
0,0.001065190432689811,9.999999999410697
1,0.001065190432689811,9.999999999410697
2,0.001065190432689811,9.999999999410697
3,0.001065190432689811,9.999999999410697
4,0.001065190432689811,9.999999999410697
5,0.001065190432689811,9.999999999410697
