,tau,theta
0,9.999999999666269,9.99999999948993
1,9.999999999666269,9.99999999948993
2,9.999999999666269,9.99999999948993
3,9.999999999666269,9.99999999948993
4,9.999999999666269,9.99999999948993
5,9.999999999666269,9.99999999948993
6,9.999999999666269,9.99999999948993
7,9.999999999666269,9.99999999948993
8,9.999999999666269,9.99999999948993
9,9.999999999666269,9.99999999948993
10,9.999999999666269,9.99999999948993
