,tau,theta
0,0.09119270940074319,0.028168120389642327
1,0.09119270940074319,0.028168120389642327
2,0.09119270940074319,0.028168120389642327
3,0.09119270940074319,0.028168120389642327
4,0.09119270940074319,0.028168120389642327
5,0.09119270940074319,0.028168120389642327
6,0.09119270940074319,0.028168120389642327
7,0.09119270940074319,0.028168120389642327
8,0.09119270940074319,0.028168120389642327
9,0.09119270940074319,0.028168120389642327
10,0.09119270940074319,0.028168120389642327
