,tau,theta
0,0.09666261693036703,0.12880762601402485
1,0.09666261693036703,0.12880762601402485
2,0.09666261693036703,0.12880762601402485
3,0.09666261693036703,0.12880762601402485
4,0.09666261693036703,0.12880762601402485
5,0.09666261693036703,0.12880762601402485
6,0.09666261693036703,0.12880762601402485
7,0.09666261693036703,0.12880762601402485
8,0.09666261693036703,0.12880762601402485
9,0.09666261693036703,0.12880762601402485
10,0.09666261693036703,0.12880762601402485
