,tau,theta
0,0.06683055091855027,0.028032387672423765
1,0.06683055091855027,0.028032387672423765
2,0.06683055091855027,0.028032387672423765
3,0.06683055091855027,0.028032387672423765
4,0.06683055091855027,0.028032387672423765
5,0.06683055091855027,0.028032387672423765
6,0.06683055091855027,0.028032387672423765
7,0.06683055091855027,0.028032387672423765
8,0.06683055091855027,0.028032387672423765
9,0.06683055091855027,0.028032387672423765
10,0.06683055091855027,0.028032387672423765
