,tau,theta
0,0.001444750037462128,5.133033991128507
1,0.001444750037462128,5.133033991128507
2,0.001444750037462128,5.133033991128507
3,0.001444750037462128,5.133033991128507
4,0.001444750037462128,5.133033991128507
5,0.001444750037462128,5.133033991128507
