,tau,theta
0,0.0022191989412846283,6.015268618288706
1,0.0022191989412846283,6.015268618288706
2,0.0022191989412846283,6.015268618288706
3,0.0022191989412846283,6.015268618288706
4,0.0022191989412846283,6.015268618288706
5,0.0022191989412846283,6.015268618288706
6,0.0022191989412846283,6.015268618288706
7,0.0022191989412846283,6.015268618288706
8,0.0022191989412846283,6.015268618288706
9,0.0022191989412846283,6.015268618288706
10,0.0022191989412846283,6.015268618288706
