,tau,theta
0,0.12021546443354302,0.14642070001552332
1,0.12021546443354302,0.14642070001552332
2,0.12021546443354302,0.14642070001552332
3,0.12021546443354302,0.14642070001552332
4,0.12021546443354302,0.14642070001552332
5,0.12021546443354302,0.14642070001552332
