,tau,theta
0,0.0016332568227107492,9.999999997587253
1,0.0016332568227107492,9.999999997587253
2,0.0016332568227107492,9.999999997587253
3,0.0016332568227107492,9.999999997587253
4,0.0016332568227107492,9.999999997587253
5,0.0016332568227107492,9.999999997587253
