,tau,theta
0,0.0013246607456774862,9.999999999984377
1,0.0013246607456774862,9.999999999984377
2,0.0013246607456774862,9.999999999984377
3,0.0013246607456774862,9.999999999984377
4,0.0013246607456774862,9.999999999984377
5,0.0013246607456774862,9.999999999984377
6,0.0013246607456774862,9.999999999984377
7,0.0013246607456774862,9.999999999984377
8,0.0013246607456774862,9.999999999984377
9,0.0013246607456774862,9.999999999984377
10,0.0013246607456774862,9.999999999984377
