,tau,theta
0,0.07835160852100352,0.10951325694387513
1,0.07835160852100352,0.10951325694387513
2,0.07835160852100352,0.10951325694387513
3,0.07835160852100352,0.10951325694387513
4,0.07835160852100352,0.10951325694387513
5,0.07835160852100352,0.10951325694387513
6,0.07835160852100352,0.10951325694387513
7,0.07835160852100352,0.10951325694387513
8,0.07835160852100352,0.10951325694387513
9,0.07835160852100352,0.10951325694387513
10,0.07835160852100352,0.10951325694387513
