,tau,theta
0,0.0013072026248296287,9.999999998903508
1,0.0013072026248296287,9.999999998903508
2,0.0013072026248296287,9.999999998903508
3,0.0013072026248296287,9.999999998903508
4,0.0013072026248296287,9.999999998903508
5,0.0013072026248296287,9.999999998903508
6,0.0013072026248296287,9.999999998903508
7,0.0013072026248296287,9.999999998903508
8,0.0013072026248296287,9.999999998903508
9,0.0013072026248296287,9.999999998903508
10,0.0013072026248296287,9.999999998903508
