,tau,theta
0,0.0006955198037079558,9.99999999972882
1,0.0006955198037079558,9.99999999972882
2,0.0006955198037079558,9.99999999972882
3,0.0006955198037079558,9.99999999972882
4,0.0006955198037079558,9.99999999972882
5,0.0006955198037079558,9.99999999972882
6,0.0006955198037079558,9.99999999972882
7,0.0006955198037079558,9.99999999972882
8,0.0006955198037079558,9.99999999972882
9,0.0006955198037079558,9.99999999972882
10,0.0006955198037079558,9.99999999972882
