,tau,theta
0,9.99999999984706,9.9999999991161
1,9.99999999984706,9.9999999991161
2,9.99999999984706,9.9999999991161
3,9.99999999984706,9.9999999991161
4,9.99999999984706,9.9999999991161
5,9.99999999984706,9.9999999991161
