,tau,theta
0,0.15686005527582825,0.23517176004769946
1,0.15686005527582825,0.23517176004769946
2,0.15686005527582825,0.23517176004769946
3,0.15686005527582825,0.23517176004769946
4,0.15686005527582825,0.23517176004769946
5,0.15686005527582825,0.23517176004769946
