,tau,theta
0,0.0776978299626686,0.2092474164471343
1,0.0776978299626686,0.2092474164471343
2,0.0776978299626686,0.2092474164471343
3,0.0776978299626686,0.2092474164471343
4,0.0776978299626686,0.2092474164471343
5,0.0776978299626686,0.2092474164471343
6,0.0776978299626686,0.2092474164471343
7,0.0776978299626686,0.2092474164471343
8,0.0776978299626686,0.2092474164471343
9,0.0776978299626686,0.2092474164471343
10,0.0776978299626686,0.2092474164471343
