,tau,theta
0,0.0011609022926135526,9.999999999997918
1,0.0011609022926135526,9.999999999997918
2,0.0011609022926135526,9.999999999997918
3,0.0011609022926135526,9.999999999997918
4,0.0011609022926135526,9.999999999997918
5,0.0011609022926135526,9.999999999997918
6,0.0011609022926135526,9.999999999997918
7,0.0011609022926135526,9.999999999997918
8,0.0011609022926135526,9.999999999997918
9,0.0011609022926135526,9.999999999997918
10,0.0011609022926135526,9.999999999997918
