,tau,theta
0,0.08615900571920697,7.234056695003827e-11
1,0.08615900571920697,7.234056695003827e-11
2,0.08615900571920697,7.234056695003827e-11
3,0.08615900571920697,7.234056695003827e-11
4,0.08615900571920697,7.234056695003827e-11
5,0.08615900571920697,7.234056695003827e-11
