,tau,theta
0,0.00047686972995907305,9.999999999965922
1,0.00047686972995907305,9.999999999965922
2,0.00047686972995907305,9.999999999965922
3,0.00047686972995907305,9.999999999965922
4,0.00047686972995907305,9.999999999965922
5,0.00047686972995907305,9.999999999965922
6,0.00047686972995907305,9.999999999965922
7,0.00047686972995907305,9.999999999965922
8,0.00047686972995907305,9.999999999965922
9,0.00047686972995907305,9.999999999965922
10,0.00047686972995907305,9.999999999965922
