,tau,theta
0,0.09738042740271301,0.032071834559405196
1,0.09738042740271301,0.032071834559405196
2,0.09738042740271301,0.032071834559405196
3,0.09738042740271301,0.032071834559405196
4,0.09738042740271301,0.032071834559405196
5,0.09738042740271301,0.032071834559405196
6,0.09738042740271301,0.032071834559405196
7,0.09738042740271301,0.032071834559405196
8,0.09738042740271301,0.032071834559405196
9,0.09738042740271301,0.032071834559405196
10,0.09738042740271301,0.032071834559405196
