,tau,theta
0,0.015089503069569788,1.0326214227037943e-07
1,0.015089503069569788,1.0326214227037943e-07
2,0.015089503069569788,1.0326214227037943e-07
3,0.015089503069569788,1.0326214227037943e-07
4,0.015089503069569788,1.0326214227037943e-07
5,0.015089503069569788,1.0326214227037943e-07
