,tau,theta
0,9.999999998973117,9.99999999990931
1,9.999999998973117,9.99999999990931
2,9.999999998973117,9.99999999990931
3,9.999999998973117,9.99999999990931
4,9.999999998973117,9.99999999990931
5,9.999999998973117,9.99999999990931
6,9.999999998973117,9.99999999990931
7,9.999999998973117,9.99999999990931
8,9.999999998973117,9.99999999990931
9,9.999999998973117,9.99999999990931
10,9.999999998973117,9.99999999990931
