,tau,theta
0,0.0010763190793889766,9.999999999934868
1,0.0010763190793889766,9.999999999934868
2,0.0010763190793889766,9.999999999934868
3,0.0010763190793889766,9.999999999934868
4,0.0010763190793889766,9.999999999934868
5,0.0010763190793889766,9.999999999934868
6,0.0010763190793889766,9.999999999934868
7,0.0010763190793889766,9.999999999934868
8,0.0010763190793889766,9.999999999934868
9,0.0010763190793889766,9.999999999934868
10,0.0010763190793889766,9.999999999934868
