,tau,theta
0,9.999999999376591,9.99999999954678
1,9.999999999376591,9.99999999954678
2,9.999999999376591,9.99999999954678
3,9.999999999376591,9.99999999954678
4,9.999999999376591,9.99999999954678
5,9.999999999376591,9.99999999954678
