,tau,theta
0,0.10783143150038653,0.10140737445224822
1,0.10783143150038653,0.10140737445224822
2,0.10783143150038653,0.10140737445224822
3,0.10783143150038653,0.10140737445224822
4,0.10783143150038653,0.10140737445224822
5,0.10783143150038653,0.10140737445224822
6,0.10783143150038653,0.10140737445224822
7,0.10783143150038653,0.10140737445224822
8,0.10783143150038653,0.10140737445224822
9,0.10783143150038653,0.10140737445224822
10,0.10783143150038653,0.10140737445224822
