,tau,theta
0,0.0007727209586778528,9.999999999680995
1,0.0007727209586778528,9.999999999680995
2,0.0007727209586778528,9.999999999680995
3,0.0007727209586778528,9.999999999680995
4,0.0007727209586778528,9.999999999680995
5,0.0007727209586778528,9.999999999680995
6,0.0007727209586778528,9.999999999680995
7,0.0007727209586778528,9.999999999680995
8,0.0007727209586778528,9.999999999680995
9,0.0007727209586778528,9.999999999680995
10,0.0007727209586778528,9.999999999680995
