,tau,theta
0,0.15097220808464273,0.19537902820646835
1,0.15097220808464273,0.19537902820646835
2,0.15097220808464273,0.19537902820646835
3,0.15097220808464273,0.19537902820646835
4,0.15097220808464273,0.19537902820646835
5,0.15097220808464273,0.19537902820646835
