,tau,theta
0,0.08678354703560608,0.2433035484148678
1,0.08678354703560608,0.2433035484148678
2,0.08678354703560608,0.2433035484148678
3,0.08678354703560608,0.2433035484148678
4,0.08678354703560608,0.2433035484148678
5,0.08678354703560608,0.2433035484148678
