,tau,theta
0,0.0007811123947238819,9.999999998847631
1,0.0007811123947238819,9.999999998847631
2,0.0007811123947238819,9.999999998847631
3,0.0007811123947238819,9.999999998847631
4,0.0007811123947238819,9.999999998847631
5,0.0007811123947238819,9.999999998847631
6,0.0007811123947238819,9.999999998847631
7,0.0007811123947238819,9.999999998847631
8,0.0007811123947238819,9.999999998847631
9,0.0007811123947238819,9.999999998847631
10,0.0007811123947238819,9.999999998847631
