,tau,theta
0,0.14406676862725631,0.07282850294617459
1,0.14406676862725631,0.07282850294617459
2,0.14406676862725631,0.07282850294617459
3,0.14406676862725631,0.07282850294617459
4,0.14406676862725631,0.07282850294617459
5,0.14406676862725631,0.07282850294617459
