,tau,theta
0,0.08729544880950578,0.10886262627080044
1,0.08729544880950578,0.10886262627080044
2,0.08729544880950578,0.10886262627080044
3,0.08729544880950578,0.10886262627080044
4,0.08729544880950578,0.10886262627080044
5,0.08729544880950578,0.10886262627080044
