,tau,theta
0,0.10035525624184648,0.12314141959865087
1,0.10035525624184648,0.12314141959865087
2,0.10035525624184648,0.12314141959865087
3,0.10035525624184648,0.12314141959865087
4,0.10035525624184648,0.12314141959865087
5,0.10035525624184648,0.12314141959865087
