,tau,theta
0,0.07671357780990605,1.1830243551527167e-08
1,0.07671357780990605,1.1830243551527167e-08
2,0.07671357780990605,1.1830243551527167e-08
3,0.07671357780990605,1.1830243551527167e-08
4,0.07671357780990605,1.1830243551527167e-08
5,0.07671357780990605,1.1830243551527167e-08
