,tau,theta
0,0.0036082209581096317,4.443452663758347
1,0.0036082209581096317,4.443452663758347
2,0.0036082209581096317,4.443452663758347
3,0.0036082209581096317,4.443452663758347
4,0.0036082209581096317,4.443452663758347
5,0.0036082209581096317,4.443452663758347
6,0.0036082209581096317,4.443452663758347
7,0.0036082209581096317,4.443452663758347
8,0.0036082209581096317,4.443452663758347
9,0.0036082209581096317,4.443452663758347
10,0.0036082209581096317,4.443452663758347
