,tau,theta
0,0.10612857013784015,0.07462840798479485
1,0.10612857013784015,0.07462840798479485
2,0.10612857013784015,0.07462840798479485
3,0.10612857013784015,0.07462840798479485
4,0.10612857013784015,0.07462840798479485
5,0.10612857013784015,0.07462840798479485
6,0.10612857013784015,0.07462840798479485
7,0.10612857013784015,0.07462840798479485
8,0.10612857013784015,0.07462840798479485
9,0.10612857013784015,0.07462840798479485
10,0.10612857013784015,0.07462840798479485
