,tau,theta
0,0.008935242900181651,0.033263417913985224
1,0.008935242900181651,0.033263417913985224
2,0.008935242900181651,0.033263417913985224
3,0.008935242900181651,0.033263417913985224
4,0.008935242900181651,0.033263417913985224
5,0.008935242900181651,0.033263417913985224
