,tau,theta
0,0.005293189533112186,0.020649535976346545
1,0.005293189533112186,0.020649535976346545
2,0.005293189533112186,0.020649535976346545
3,0.005293189533112186,0.020649535976346545
4,0.005293189533112186,0.020649535976346545
5,0.005293189533112186,0.020649535976346545
6,0.005293189533112186,0.020649535976346545
7,0.005293189533112186,0.020649535976346545
8,0.005293189533112186,0.020649535976346545
9,0.005293189533112186,0.020649535976346545
10,0.005293189533112186,0.020649535976346545
