,tau,theta
0,0.1363367088543389,0.19324662969968054
1,0.1363367088543389,0.19324662969968054
2,0.1363367088543389,0.19324662969968054
3,0.1363367088543389,0.19324662969968054
4,0.1363367088543389,0.19324662969968054
5,0.1363367088543389,0.19324662969968054
