,tau,theta
0,0.014562356711819813,9.99999999969235
1,0.014562356711819813,9.99999999969235
2,0.014562356711819813,9.99999999969235
3,0.014562356711819813,9.99999999969235
4,0.014562356711819813,9.99999999969235
5,0.014562356711819813,9.99999999969235
