,tau,theta
0,0.0696299469995416,0.12448224246527649
1,0.0696299469995416,0.12448224246527649
2,0.0696299469995416,0.12448224246527649
3,0.0696299469995416,0.12448224246527649
4,0.0696299469995416,0.12448224246527649
5,0.0696299469995416,0.12448224246527649
