,tau,theta
0,0.0005836561695344745,9.999999998778385
1,0.0005836561695344745,9.999999998778385
2,0.0005836561695344745,9.999999998778385
3,0.0005836561695344745,9.999999998778385
4,0.0005836561695344745,9.999999998778385
5,0.0005836561695344745,9.999999998778385
6,0.0005836561695344745,9.999999998778385
7,0.0005836561695344745,9.999999998778385
8,0.0005836561695344745,9.999999998778385
9,0.0005836561695344745,9.999999998778385
10,0.0005836561695344745,9.999999998778385
