,tau,theta
0,0.0011485138702994502,9.999999999783627
1,0.0011485138702994502,9.999999999783627
2,0.0011485138702994502,9.999999999783627
3,0.0011485138702994502,9.999999999783627
4,0.0011485138702994502,9.999999999783627
5,0.0011485138702994502,9.999999999783627
6,0.0011485138702994502,9.999999999783627
7,0.0011485138702994502,9.999999999783627
8,0.0011485138702994502,9.999999999783627
9,0.0011485138702994502,9.999999999783627
10,0.0011485138702994502,9.999999999783627
