,tau,theta
0,0.004853985064525823,1.3685243361460453
1,0.004853985064525823,1.3685243361460453
2,0.004853985064525823,1.3685243361460453
3,0.004853985064525823,1.3685243361460453
4,0.004853985064525823,1.3685243361460453
5,0.004853985064525823,1.3685243361460453
