,tau,theta
0,0.0014055736877417347,9.999999999077046
1,0.0014055736877417347,9.999999999077046
2,0.0014055736877417347,9.999999999077046
3,0.0014055736877417347,9.999999999077046
4,0.0014055736877417347,9.999999999077046
5,0.0014055736877417347,9.999999999077046
6,0.0014055736877417347,9.999999999077046
7,0.0014055736877417347,9.999999999077046
8,0.0014055736877417347,9.999999999077046
9,0.0014055736877417347,9.999999999077046
10,0.0014055736877417347,9.999999999077046
