,tau,theta
0,0.005261172580491957,0.8450966578377573
1,0.005261172580491957,0.8450966578377573
2,0.005261172580491957,0.8450966578377573
3,0.005261172580491957,0.8450966578377573
4,0.005261172580491957,0.8450966578377573
5,0.005261172580491957,0.8450966578377573
