,tau,theta
0,0.0010016976175765025,9.999999999851614
1,0.0010016976175765025,9.999999999851614
2,0.0010016976175765025,9.999999999851614
3,0.0010016976175765025,9.999999999851614
4,0.0010016976175765025,9.999999999851614
5,0.0010016976175765025,9.999999999851614
6,0.0010016976175765025,9.999999999851614
7,0.0010016976175765025,9.999999999851614
8,0.0010016976175765025,9.999999999851614
9,0.0010016976175765025,9.999999999851614
10,0.0010016976175765025,9.999999999851614
