,tau,theta
0,0.02017978192190527,0.25440423218769614
1,0.02017978192190527,0.25440423218769614
2,0.02017978192190527,0.25440423218769614
3,0.02017978192190527,0.25440423218769614
4,0.02017978192190527,0.25440423218769614
5,0.02017978192190527,0.25440423218769614
6,0.02017978192190527,0.25440423218769614
7,0.02017978192190527,0.25440423218769614
8,0.02017978192190527,0.25440423218769614
9,0.02017978192190527,0.25440423218769614
10,0.02017978192190527,0.25440423218769614
