,tau,theta
0,0.26025407989140115,0.5131732554078995
1,0.26025407989140115,0.5131732554078995
2,0.26025407989140115,0.5131732554078995
3,0.26025407989140115,0.5131732554078995
4,0.26025407989140115,0.5131732554078995
5,0.26025407989140115,0.5131732554078995
6,0.26025407989140115,0.5131732554078995
7,0.26025407989140115,0.5131732554078995
8,0.26025407989140115,0.5131732554078995
9,0.26025407989140115,0.5131732554078995
10,0.26025407989140115,0.5131732554078995
