,tau,theta
0,0.0005153195952907086,9.999999998604544
1,0.0005153195952907086,9.999999998604544
2,0.0005153195952907086,9.999999998604544
3,0.0005153195952907086,9.999999998604544
4,0.0005153195952907086,9.999999998604544
5,0.0005153195952907086,9.999999998604544
6,0.0005153195952907086,9.999999998604544
7,0.0005153195952907086,9.999999998604544
8,0.0005153195952907086,9.999999998604544
9,0.0005153195952907086,9.999999998604544
10,0.0005153195952907086,9.999999998604544
