,tau,theta
0,0.003465769559505383,4.904381130968939
1,0.003465769559505383,4.904381130968939
2,0.003465769559505383,4.904381130968939
3,0.003465769559505383,4.904381130968939
4,0.003465769559505383,4.904381130968939
5,0.003465769559505383,4.904381130968939
