,tau,theta
0,0.053473239022488,0.07399052867290988
1,0.053473239022488,0.07399052867290988
2,0.053473239022488,0.07399052867290988
3,0.053473239022488,0.07399052867290988
4,0.053473239022488,0.07399052867290988
5,0.053473239022488,0.07399052867290988
6,0.053473239022488,0.07399052867290988
7,0.053473239022488,0.07399052867290988
8,0.053473239022488,0.07399052867290988
9,0.053473239022488,0.07399052867290988
10,0.053473239022488,0.07399052867290988
