,tau,theta
0,0.009188178546299487,0.00012697251218395385
1,0.009188178546299487,0.00012697251218395385
2,0.009188178546299487,0.00012697251218395385
3,0.009188178546299487,0.00012697251218395385
4,0.009188178546299487,0.00012697251218395385
5,0.009188178546299487,0.00012697251218395385
