,tau,theta
0,0.10505706928659218,0.10730359705050939
1,0.10505706928659218,0.10730359705050939
2,0.10505706928659218,0.10730359705050939
3,0.10505706928659218,0.10730359705050939
4,0.10505706928659218,0.10730359705050939
5,0.10505706928659218,0.10730359705050939
