,tau,theta
0,0.0013086981278249588,9.99999999957047
1,0.0013086981278249588,9.99999999957047
2,0.0013086981278249588,9.99999999957047
3,0.0013086981278249588,9.99999999957047
4,0.0013086981278249588,9.99999999957047
5,0.0013086981278249588,9.99999999957047
6,0.0013086981278249588,9.99999999957047
7,0.0013086981278249588,9.99999999957047
8,0.0013086981278249588,9.99999999957047
9,0.0013086981278249588,9.99999999957047
10,0.0013086981278249588,9.99999999957047
