,tau,theta
0,0.02086889311600958,0.05468739006555266
1,0.02086889311600958,0.05468739006555266
2,0.02086889311600958,0.05468739006555266
3,0.02086889311600958,0.05468739006555266
4,0.02086889311600958,0.05468739006555266
5,0.02086889311600958,0.05468739006555266
