,tau,theta
0,0.0004742199571073803,9.99999999815805
1,0.0004742199571073803,9.99999999815805
2,0.0004742199571073803,9.99999999815805
3,0.0004742199571073803,9.99999999815805
4,0.0004742199571073803,9.99999999815805
5,0.0004742199571073803,9.99999999815805
6,0.0004742199571073803,9.99999999815805
7,0.0004742199571073803,9.99999999815805
8,0.0004742199571073803,9.99999999815805
9,0.0004742199571073803,9.99999999815805
10,0.0004742199571073803,9.99999999815805
