,tau,theta
0,0.00012860752873277155,9.999999997636609
1,0.00012860752873277155,9.999999997636609
2,0.00012860752873277155,9.999999997636609
3,0.00012860752873277155,9.999999997636609
4,0.00012860752873277155,9.999999997636609
5,0.00012860752873277155,9.999999997636609
6,0.00012860752873277155,9.999999997636609
7,0.00012860752873277155,9.999999997636609
8,0.00012860752873277155,9.999999997636609
9,0.00012860752873277155,9.999999997636609
10,0.00012860752873277155,9.999999997636609
