,tau,theta
0,0.0007792153685854842,9.99999999940086
1,0.0007792153685854842,9.99999999940086
2,0.0007792153685854842,9.99999999940086
3,0.0007792153685854842,9.99999999940086
4,0.0007792153685854842,9.99999999940086
5,0.0007792153685854842,9.99999999940086
6,0.0007792153685854842,9.99999999940086
7,0.0007792153685854842,9.99999999940086
8,0.0007792153685854842,9.99999999940086
9,0.0007792153685854842,9.99999999940086
10,0.0007792153685854842,9.99999999940086
