,tau,theta
0,0.015280966915570782,0.8539038389497012
1,0.015280966915570782,0.8539038389497012
2,0.015280966915570782,0.8539038389497012
3,0.015280966915570782,0.8539038389497012
4,0.015280966915570782,0.8539038389497012
5,0.015280966915570782,0.8539038389497012
6,0.015280966915570782,0.8539038389497012
7,0.015280966915570782,0.8539038389497012
8,0.015280966915570782,0.8539038389497012
9,0.015280966915570782,0.8539038389497012
10,0.015280966915570782,0.8539038389497012
