,tau,theta
0,0.0019412887217241548,5.354115531008583
1,0.0019412887217241548,5.354115531008583
2,0.0019412887217241548,5.354115531008583
3,0.0019412887217241548,5.354115531008583
4,0.0019412887217241548,5.354115531008583
5,0.0019412887217241548,5.354115531008583
6,0.0019412887217241548,5.354115531008583
7,0.0019412887217241548,5.354115531008583
8,0.0019412887217241548,5.354115531008583
9,0.0019412887217241548,5.354115531008583
10,0.0019412887217241548,5.354115531008583
