,tau,theta
0,0.09332721080269844,0.10731307144070011
1,0.09332721080269844,0.10731307144070011
2,0.09332721080269844,0.10731307144070011
3,0.09332721080269844,0.10731307144070011
4,0.09332721080269844,0.10731307144070011
5,0.09332721080269844,0.10731307144070011
6,0.09332721080269844,0.10731307144070011
7,0.09332721080269844,0.10731307144070011
8,0.09332721080269844,0.10731307144070011
9,0.09332721080269844,0.10731307144070011
10,0.09332721080269844,0.10731307144070011
