,tau,theta
0,0.09046509538240109,8.867869316722113e-09
1,0.09046509538240109,8.867869316722113e-09
2,0.09046509538240109,8.867869316722113e-09
3,0.09046509538240109,8.867869316722113e-09
4,0.09046509538240109,8.867869316722113e-09
5,0.09046509538240109,8.867869316722113e-09
