,tau,theta
0,0.000858480422600938,9.999999999812141
1,0.000858480422600938,9.999999999812141
2,0.000858480422600938,9.999999999812141
3,0.000858480422600938,9.999999999812141
4,0.000858480422600938,9.999999999812141
5,0.000858480422600938,9.999999999812141
6,0.000858480422600938,9.999999999812141
7,0.000858480422600938,9.999999999812141
8,0.000858480422600938,9.999999999812141
9,0.000858480422600938,9.999999999812141
10,0.000858480422600938,9.999999999812141
