,tau,theta
0,0.10006449855386966,0.12112201024839629
1,0.10006449855386966,0.12112201024839629
2,0.10006449855386966,0.12112201024839629
3,0.10006449855386966,0.12112201024839629
4,0.10006449855386966,0.12112201024839629
5,0.10006449855386966,0.12112201024839629
6,0.10006449855386966,0.12112201024839629
7,0.10006449855386966,0.12112201024839629
8,0.10006449855386966,0.12112201024839629
9,0.10006449855386966,0.12112201024839629
10,0.10006449855386966,0.12112201024839629
