,tau,theta
0,0.0011929517344861807,9.999999999293774
1,0.0011929517344861807,9.999999999293774
2,0.0011929517344861807,9.999999999293774
3,0.0011929517344861807,9.999999999293774
4,0.0011929517344861807,9.999999999293774
5,0.0011929517344861807,9.999999999293774
6,0.0011929517344861807,9.999999999293774
7,0.0011929517344861807,9.999999999293774
8,0.0011929517344861807,9.999999999293774
9,0.0011929517344861807,9.999999999293774
10,0.0011929517344861807,9.999999999293774
