,tau,theta
0,0.00088187801495897,9.999999996935916
1,0.00088187801495897,9.999999996935916
2,0.00088187801495897,9.999999996935916
3,0.00088187801495897,9.999999996935916
4,0.00088187801495897,9.999999996935916
5,0.00088187801495897,9.999999996935916
6,0.00088187801495897,9.999999996935916
7,0.00088187801495897,9.999999996935916
8,0.00088187801495897,9.999999996935916
9,0.00088187801495897,9.999999996935916
10,0.00088187801495897,9.999999996935916
