,tau,theta
0,0.1041459561141873,0.093588191874014
1,0.1041459561141873,0.093588191874014
2,0.1041459561141873,0.093588191874014
3,0.1041459561141873,0.093588191874014
4,0.1041459561141873,0.093588191874014
5,0.1041459561141873,0.093588191874014
