,tau,theta
0,0.01135408279832616,0.6327020255693884
1,0.01135408279832616,0.6327020255693884
2,0.01135408279832616,0.6327020255693884
3,0.01135408279832616,0.6327020255693884
4,0.01135408279832616,0.6327020255693884
5,0.01135408279832616,0.6327020255693884
