,tau,theta
0,0.00022341347114439587,9.999999999767956
1,0.00022341347114439587,9.999999999767956
2,0.00022341347114439587,9.999999999767956
3,0.00022341347114439587,9.999999999767956
4,0.00022341347114439587,9.999999999767956
5,0.00022341347114439587,9.999999999767956
