,tau,theta
0,0.14363989175234748,0.26802096660861763
1,0.14363989175234748,0.26802096660861763
2,0.14363989175234748,0.26802096660861763
3,0.14363989175234748,0.26802096660861763
4,0.14363989175234748,0.26802096660861763
5,0.14363989175234748,0.26802096660861763
