,tau,theta
0,0.0011417581280860234,9.99999999806261
1,0.0011417581280860234,9.99999999806261
2,0.0011417581280860234,9.99999999806261
3,0.0011417581280860234,9.99999999806261
4,0.0011417581280860234,9.99999999806261
5,0.0011417581280860234,9.99999999806261
6,0.0011417581280860234,9.99999999806261
7,0.0011417581280860234,9.99999999806261
8,0.0011417581280860234,9.99999999806261
9,0.0011417581280860234,9.99999999806261
10,0.0011417581280860234,9.99999999806261
