,tau,theta
0,0.0005876169171138313,6.189668288667116
1,0.0005876169171138313,6.189668288667116
2,0.0005876169171138313,6.189668288667116
3,0.0005876169171138313,6.189668288667116
4,0.0005876169171138313,6.189668288667116
5,0.0005876169171138313,6.189668288667116
