,tau,theta
0,0.09811868216438212,0.08315085330131487
1,0.09811868216438212,0.08315085330131487
2,0.09811868216438212,0.08315085330131487
3,0.09811868216438212,0.08315085330131487
4,0.09811868216438212,0.08315085330131487
5,0.09811868216438212,0.08315085330131487
6,0.09811868216438212,0.08315085330131487
7,0.09811868216438212,0.08315085330131487
8,0.09811868216438212,0.08315085330131487
9,0.09811868216438212,0.08315085330131487
10,0.09811868216438212,0.08315085330131487
