,tau,theta
0,0.0006737547740649386,9.999999999083068
1,0.0006737547740649386,9.999999999083068
2,0.0006737547740649386,9.999999999083068
3,0.0006737547740649386,9.999999999083068
4,0.0006737547740649386,9.999999999083068
5,0.0006737547740649386,9.999999999083068
6,0.0006737547740649386,9.999999999083068
7,0.0006737547740649386,9.999999999083068
8,0.0006737547740649386,9.999999999083068
9,0.0006737547740649386,9.999999999083068
10,0.0006737547740649386,9.999999999083068
