,tau,theta
0,0.014533755721875086,0.274586392586071
1,0.014533755721875086,0.274586392586071
2,0.014533755721875086,0.274586392586071
3,0.014533755721875086,0.274586392586071
4,0.014533755721875086,0.274586392586071
5,0.014533755721875086,0.274586392586071
