,tau,theta
0,0.08373952304919173,0.08312177539077435
1,0.08373952304919173,0.08312177539077435
2,0.08373952304919173,0.08312177539077435
3,0.08373952304919173,0.08312177539077435
4,0.08373952304919173,0.08312177539077435
5,0.08373952304919173,0.08312177539077435
