,tau,theta
0,0.06465362963364372,0.08566488011744765
1,0.06465362963364372,0.08566488011744765
2,0.06465362963364372,0.08566488011744765
3,0.06465362963364372,0.08566488011744765
4,0.06465362963364372,0.08566488011744765
5,0.06465362963364372,0.08566488011744765
