,tau,theta
0,0.07420003957216491,0.09065960918123016
1,0.07420003957216491,0.09065960918123016
2,0.07420003957216491,0.09065960918123016
3,0.07420003957216491,0.09065960918123016
4,0.07420003957216491,0.09065960918123016
5,0.07420003957216491,0.09065960918123016
