,tau,theta
0,0.0007611912842876323,9.999999999151367
1,0.0007611912842876323,9.999999999151367
2,0.0007611912842876323,9.999999999151367
3,0.0007611912842876323,9.999999999151367
4,0.0007611912842876323,9.999999999151367
5,0.0007611912842876323,9.999999999151367
6,0.0007611912842876323,9.999999999151367
7,0.0007611912842876323,9.999999999151367
8,0.0007611912842876323,9.999999999151367
9,0.0007611912842876323,9.999999999151367
10,0.0007611912842876323,9.999999999151367
