,tau,theta
0,9.99999999959488,9.999999999994165
1,9.99999999959488,9.999999999994165
2,9.99999999959488,9.999999999994165
3,9.99999999959488,9.999999999994165
4,9.99999999959488,9.999999999994165
5,9.99999999959488,9.999999999994165
6,9.99999999959488,9.999999999994165
7,9.99999999959488,9.999999999994165
8,9.99999999959488,9.999999999994165
9,9.99999999959488,9.999999999994165
10,9.99999999959488,9.999999999994165
