,tau,theta
0,0.001035177671600096,9.999999999360574
1,0.001035177671600096,9.999999999360574
2,0.001035177671600096,9.999999999360574
3,0.001035177671600096,9.999999999360574
4,0.001035177671600096,9.999999999360574
5,0.001035177671600096,9.999999999360574
6,0.001035177671600096,9.999999999360574
7,0.001035177671600096,9.999999999360574
8,0.001035177671600096,9.999999999360574
9,0.001035177671600096,9.999999999360574
10,0.001035177671600096,9.999999999360574
