,tau,theta
0,0.13553695620569695,0.10651707752663785
1,0.13553695620569695,0.10651707752663785
2,0.13553695620569695,0.10651707752663785
3,0.13553695620569695,0.10651707752663785
4,0.13553695620569695,0.10651707752663785
5,0.13553695620569695,0.10651707752663785
