,tau,theta
0,0.007802970520712871,2.45075923667325
1,0.007802970520712871,2.45075923667325
2,0.007802970520712871,2.45075923667325
3,0.007802970520712871,2.45075923667325
4,0.007802970520712871,2.45075923667325
5,0.007802970520712871,2.45075923667325
6,0.007802970520712871,2.45075923667325
7,0.007802970520712871,2.45075923667325
8,0.007802970520712871,2.45075923667325
9,0.007802970520712871,2.45075923667325
10,0.007802970520712871,2.45075923667325
