,tau,theta
0,0.018985073142672827,0.11358681514794365
1,0.018985073142672827,0.11358681514794365
2,0.018985073142672827,0.11358681514794365
3,0.018985073142672827,0.11358681514794365
4,0.018985073142672827,0.11358681514794365
5,0.018985073142672827,0.11358681514794365
