,tau,theta
0,0.0003513793017824064,9.999999999456794
1,0.0003513793017824064,9.999999999456794
2,0.0003513793017824064,9.999999999456794
3,0.0003513793017824064,9.999999999456794
4,0.0003513793017824064,9.999999999456794
5,0.0003513793017824064,9.999999999456794
