,tau,theta
0,9.999999999691592,9.999999999689734
1,9.999999999691592,9.999999999689734
2,9.999999999691592,9.999999999689734
3,9.999999999691592,9.999999999689734
4,9.999999999691592,9.999999999689734
5,9.999999999691592,9.999999999689734
