,tau,theta
0,0.0003876413701970783,9.999999998565361
1,0.0003876413701970783,9.999999998565361
2,0.0003876413701970783,9.999999998565361
3,0.0003876413701970783,9.999999998565361
4,0.0003876413701970783,9.999999998565361
5,0.0003876413701970783,9.999999998565361
