,tau,theta
0,0.15663202400201703,0.059983052256449385
1,0.15663202400201703,0.059983052256449385
2,0.15663202400201703,0.059983052256449385
3,0.15663202400201703,0.059983052256449385
4,0.15663202400201703,0.059983052256449385
5,0.15663202400201703,0.059983052256449385
