,tau,theta
0,0.023992462586874364,1.0535114481216257
1,0.023992462586874364,1.0535114481216257
2,0.023992462586874364,1.0535114481216257
3,0.023992462586874364,1.0535114481216257
4,0.023992462586874364,1.0535114481216257
5,0.023992462586874364,1.0535114481216257
6,0.023992462586874364,1.0535114481216257
7,0.023992462586874364,1.0535114481216257
8,0.023992462586874364,1.0535114481216257
9,0.023992462586874364,1.0535114481216257
10,0.023992462586874364,1.0535114481216257
