,tau,theta
0,0.0011573878365429447,9.999999998077804
1,0.0011573878365429447,9.999999998077804
2,0.0011573878365429447,9.999999998077804
3,0.0011573878365429447,9.999999998077804
4,0.0011573878365429447,9.999999998077804
5,0.0011573878365429447,9.999999998077804
