,tau,theta
0,0.15513134238683568,0.14505977413018634
1,0.15513134238683568,0.14505977413018634
2,0.15513134238683568,0.14505977413018634
3,0.15513134238683568,0.14505977413018634
4,0.15513134238683568,0.14505977413018634
5,0.15513134238683568,0.14505977413018634
