,tau,theta
0,0.003886031433607096,5.136534062524523
1,0.003886031433607096,5.136534062524523
2,0.003886031433607096,5.136534062524523
3,0.003886031433607096,5.136534062524523
4,0.003886031433607096,5.136534062524523
5,0.003886031433607096,5.136534062524523
6,0.003886031433607096,5.136534062524523
7,0.003886031433607096,5.136534062524523
8,0.003886031433607096,5.136534062524523
9,0.003886031433607096,5.136534062524523
10,0.003886031433607096,5.136534062524523
