,tau,theta
0,0.08645616711408076,0.03244217556340921
1,0.08645616711408076,0.03244217556340921
2,0.08645616711408076,0.03244217556340921
3,0.08645616711408076,0.03244217556340921
4,0.08645616711408076,0.03244217556340921
5,0.08645616711408076,0.03244217556340921
6,0.08645616711408076,0.03244217556340921
7,0.08645616711408076,0.03244217556340921
8,0.08645616711408076,0.03244217556340921
9,0.08645616711408076,0.03244217556340921
10,0.08645616711408076,0.03244217556340921
