,tau,theta
0,0.0012064281358116103,9.999999999999925
1,0.0012064281358116103,9.999999999999925
2,0.0012064281358116103,9.999999999999925
3,0.0012064281358116103,9.999999999999925
4,0.0012064281358116103,9.999999999999925
5,0.0012064281358116103,9.999999999999925
6,0.0012064281358116103,9.999999999999925
7,0.0012064281358116103,9.999999999999925
8,0.0012064281358116103,9.999999999999925
9,0.0012064281358116103,9.999999999999925
10,0.0012064281358116103,9.999999999999925
