,tau,theta
0,0.0008524059734777878,9.999999999782837
1,0.0008524059734777878,9.999999999782837
2,0.0008524059734777878,9.999999999782837
3,0.0008524059734777878,9.999999999782837
4,0.0008524059734777878,9.999999999782837
5,0.0008524059734777878,9.999999999782837
