,tau,theta
0,9.999999999284704,9.99999999991224
1,9.999999999284704,9.99999999991224
2,9.999999999284704,9.99999999991224
3,9.999999999284704,9.99999999991224
4,9.999999999284704,9.99999999991224
5,9.999999999284704,9.99999999991224
6,9.999999999284704,9.99999999991224
7,9.999999999284704,9.99999999991224
8,9.999999999284704,9.99999999991224
9,9.999999999284704,9.99999999991224
10,9.999999999284704,9.99999999991224
