,tau,theta
0,0.09384487854217148,0.12354270994715986
1,0.09384487854217148,0.12354270994715986
2,0.09384487854217148,0.12354270994715986
3,0.09384487854217148,0.12354270994715986
4,0.09384487854217148,0.12354270994715986
5,0.09384487854217148,0.12354270994715986
