,tau,theta
0,0.005991092735500125,3.9088820671710387
1,0.005991092735500125,3.9088820671710387
2,0.005991092735500125,3.9088820671710387
3,0.005991092735500125,3.9088820671710387
4,0.005991092735500125,3.9088820671710387
5,0.005991092735500125,3.9088820671710387
6,0.005991092735500125,3.9088820671710387
7,0.005991092735500125,3.9088820671710387
8,0.005991092735500125,3.9088820671710387
9,0.005991092735500125,3.9088820671710387
10,0.005991092735500125,3.9088820671710387
