,tau,theta
0,0.09259238394284507,0.09611675998177314
1,0.09259238394284507,0.09611675998177314
2,0.09259238394284507,0.09611675998177314
3,0.09259238394284507,0.09611675998177314
4,0.09259238394284507,0.09611675998177314
5,0.09259238394284507,0.09611675998177314
