,tau,theta
0,0.15205012465630285,0.3230888874051331
1,0.15205012465630285,0.3230888874051331
2,0.15205012465630285,0.3230888874051331
3,0.15205012465630285,0.3230888874051331
4,0.15205012465630285,0.3230888874051331
5,0.15205012465630285,0.3230888874051331
