,tau,theta
0,0.004123747771960884,2.7997050171281734
1,0.004123747771960884,2.7997050171281734
2,0.004123747771960884,2.7997050171281734
3,0.004123747771960884,2.7997050171281734
4,0.004123747771960884,2.7997050171281734
5,0.004123747771960884,2.7997050171281734
