,tau,theta
0,0.07722511366262184,0.030851957171166944
1,0.07722511366262184,0.030851957171166944
2,0.07722511366262184,0.030851957171166944
3,0.07722511366262184,0.030851957171166944
4,0.07722511366262184,0.030851957171166944
5,0.07722511366262184,0.030851957171166944
