,tau,theta
0,0.021855838604832412,0.6229094351161197
1,0.021855838604832412,0.6229094351161197
2,0.021855838604832412,0.6229094351161197
3,0.021855838604832412,0.6229094351161197
4,0.021855838604832412,0.6229094351161197
5,0.021855838604832412,0.6229094351161197
6,0.021855838604832412,0.6229094351161197
7,0.021855838604832412,0.6229094351161197
8,0.021855838604832412,0.6229094351161197
9,0.021855838604832412,0.6229094351161197
10,0.021855838604832412,0.6229094351161197
