,tau,theta
0,0.021677426759722607,1.088795576487206
1,0.021677426759722607,1.088795576487206
2,0.021677426759722607,1.088795576487206
3,0.021677426759722607,1.088795576487206
4,0.021677426759722607,1.088795576487206
5,0.021677426759722607,1.088795576487206
6,0.021677426759722607,1.088795576487206
7,0.021677426759722607,1.088795576487206
8,0.021677426759722607,1.088795576487206
9,0.021677426759722607,1.088795576487206
10,0.021677426759722607,1.088795576487206
