,tau,theta
0,0.12077910218126496,0.1367502457080878
1,0.12077910218126496,0.1367502457080878
2,0.12077910218126496,0.1367502457080878
3,0.12077910218126496,0.1367502457080878
4,0.12077910218126496,0.1367502457080878
5,0.12077910218126496,0.1367502457080878
6,0.12077910218126496,0.1367502457080878
7,0.12077910218126496,0.1367502457080878
8,0.12077910218126496,0.1367502457080878
9,0.12077910218126496,0.1367502457080878
10,0.12077910218126496,0.1367502457080878
