,tau,theta
0,0.09983686655716538,0.05036118620920248
1,0.09983686655716538,0.05036118620920248
2,0.09983686655716538,0.05036118620920248
3,0.09983686655716538,0.05036118620920248
4,0.09983686655716538,0.05036118620920248
5,0.09983686655716538,0.05036118620920248
6,0.09983686655716538,0.05036118620920248
7,0.09983686655716538,0.05036118620920248
8,0.09983686655716538,0.05036118620920248
9,0.09983686655716538,0.05036118620920248
10,0.09983686655716538,0.05036118620920248
