,tau,theta
0,0.000265972799774017,9.999999999169605
1,0.000265972799774017,9.999999999169605
2,0.000265972799774017,9.999999999169605
3,0.000265972799774017,9.999999999169605
4,0.000265972799774017,9.999999999169605
5,0.000265972799774017,9.999999999169605
6,0.000265972799774017,9.999999999169605
7,0.000265972799774017,9.999999999169605
8,0.000265972799774017,9.999999999169605
9,0.000265972799774017,9.999999999169605
10,0.000265972799774017,9.999999999169605
