,tau,theta
0,0.11567497963318528,0.2110838171316599
1,0.11567497963318528,0.2110838171316599
2,0.11567497963318528,0.2110838171316599
3,0.11567497963318528,0.2110838171316599
4,0.11567497963318528,0.2110838171316599
5,0.11567497963318528,0.2110838171316599
