,tau,theta
0,0.002226153027438216,3.780149745095847
1,0.002226153027438216,3.780149745095847
2,0.002226153027438216,3.780149745095847
3,0.002226153027438216,3.780149745095847
4,0.002226153027438216,3.780149745095847
5,0.002226153027438216,3.780149745095847
6,0.002226153027438216,3.780149745095847
7,0.002226153027438216,3.780149745095847
8,0.002226153027438216,3.780149745095847
9,0.002226153027438216,3.780149745095847
10,0.002226153027438216,3.780149745095847
