,tau,theta
0,0.0014472310319947224,9.999999998899522
1,0.0014472310319947224,9.999999998899522
2,0.0014472310319947224,9.999999998899522
3,0.0014472310319947224,9.999999998899522
4,0.0014472310319947224,9.999999998899522
5,0.0014472310319947224,9.999999998899522
6,0.0014472310319947224,9.999999998899522
7,0.0014472310319947224,9.999999998899522
8,0.0014472310319947224,9.999999998899522
9,0.0014472310319947224,9.999999998899522
10,0.0014472310319947224,9.999999998899522
