,tau,theta
0,0.09678842129487063,0.054839503129320386
1,0.09678842129487063,0.054839503129320386
2,0.09678842129487063,0.054839503129320386
3,0.09678842129487063,0.054839503129320386
4,0.09678842129487063,0.054839503129320386
5,0.09678842129487063,0.054839503129320386
