,tau,theta
0,0.08843922478098963,0.1756085667586389
1,0.08843922478098963,0.1756085667586389
2,0.08843922478098963,0.1756085667586389
3,0.08843922478098963,0.1756085667586389
4,0.08843922478098963,0.1756085667586389
5,0.08843922478098963,0.1756085667586389
