,tau,theta
0,0.001305213284481066,9.999999998932147
1,0.001305213284481066,9.999999998932147
2,0.001305213284481066,9.999999998932147
3,0.001305213284481066,9.999999998932147
4,0.001305213284481066,9.999999998932147
5,0.001305213284481066,9.999999998932147
6,0.001305213284481066,9.999999998932147
7,0.001305213284481066,9.999999998932147
8,0.001305213284481066,9.999999998932147
9,0.001305213284481066,9.999999998932147
10,0.001305213284481066,9.999999998932147
