,tau,theta
0,0.1483760421896425,0.10963137834326629
1,0.1483760421896425,0.10963137834326629
2,0.1483760421896425,0.10963137834326629
3,0.1483760421896425,0.10963137834326629
4,0.1483760421896425,0.10963137834326629
5,0.1483760421896425,0.10963137834326629
