,tau,theta
0,0.12696990706405353,0.126869625413913
1,0.12696990706405353,0.126869625413913
2,0.12696990706405353,0.126869625413913
3,0.12696990706405353,0.126869625413913
4,0.12696990706405353,0.126869625413913
5,0.12696990706405353,0.126869625413913
