,tau,theta
0,0.001105356292154347,9.999999998835584
1,0.001105356292154347,9.999999998835584
2,0.001105356292154347,9.999999998835584
3,0.001105356292154347,9.999999998835584
4,0.001105356292154347,9.999999998835584
5,0.001105356292154347,9.999999998835584
6,0.001105356292154347,9.999999998835584
7,0.001105356292154347,9.999999998835584
8,0.001105356292154347,9.999999998835584
9,0.001105356292154347,9.999999998835584
10,0.001105356292154347,9.999999998835584
