,tau,theta
0,0.006588308014343169,9.999999998527958
1,0.006588308014343169,9.999999998527958
2,0.006588308014343169,9.999999998527958
3,0.006588308014343169,9.999999998527958
4,0.006588308014343169,9.999999998527958
5,0.006588308014343169,9.999999998527958
6,0.006588308014343169,9.999999998527958
7,0.006588308014343169,9.999999998527958
8,0.006588308014343169,9.999999998527958
9,0.006588308014343169,9.999999998527958
10,0.006588308014343169,9.999999998527958
