,tau,theta
0,0.0010766711051769407,9.99999999982488
1,0.0010766711051769407,9.99999999982488
2,0.0010766711051769407,9.99999999982488
3,0.0010766711051769407,9.99999999982488
4,0.0010766711051769407,9.99999999982488
5,0.0010766711051769407,9.99999999982488
