,tau,theta
0,0.0005462831490683385,9.999999999898886
1,0.0005462831490683385,9.999999999898886
2,0.0005462831490683385,9.999999999898886
3,0.0005462831490683385,9.999999999898886
4,0.0005462831490683385,9.999999999898886
5,0.0005462831490683385,9.999999999898886
