,tau,theta
0,0.0004317402667404103,9.999999998917236
1,0.0004317402667404103,9.999999998917236
2,0.0004317402667404103,9.999999998917236
3,0.0004317402667404103,9.999999998917236
4,0.0004317402667404103,9.999999998917236
5,0.0004317402667404103,9.999999998917236
6,0.0004317402667404103,9.999999998917236
7,0.0004317402667404103,9.999999998917236
8,0.0004317402667404103,9.999999998917236
9,0.0004317402667404103,9.999999998917236
10,0.0004317402667404103,9.999999998917236
