,tau,theta
0,0.11290891743524499,0.10115965890078969
1,0.11290891743524499,0.10115965890078969
2,0.11290891743524499,0.10115965890078969
3,0.11290891743524499,0.10115965890078969
4,0.11290891743524499,0.10115965890078969
5,0.11290891743524499,0.10115965890078969
6,0.11290891743524499,0.10115965890078969
7,0.11290891743524499,0.10115965890078969
8,0.11290891743524499,0.10115965890078969
9,0.11290891743524499,0.10115965890078969
10,0.11290891743524499,0.10115965890078969
