,tau,theta
0,0.00045954492161947035,9.999999999913014
1,0.00045954492161947035,9.999999999913014
2,0.00045954492161947035,9.999999999913014
3,0.00045954492161947035,9.999999999913014
4,0.00045954492161947035,9.999999999913014
5,0.00045954492161947035,9.999999999913014
6,0.00045954492161947035,9.999999999913014
7,0.00045954492161947035,9.999999999913014
8,0.00045954492161947035,9.999999999913014
9,0.00045954492161947035,9.999999999913014
10,0.00045954492161947035,9.999999999913014
