,tau,theta
0,0.010443577240989533,0.028263618044204842
1,0.010443577240989533,0.028263618044204842
2,0.010443577240989533,0.028263618044204842
3,0.010443577240989533,0.028263618044204842
4,0.010443577240989533,0.028263618044204842
5,0.010443577240989533,0.028263618044204842
