,tau,theta
0,0.0013071568101620135,5.311184491106186
1,0.0013071568101620135,5.311184491106186
2,0.0013071568101620135,5.311184491106186
3,0.0013071568101620135,5.311184491106186
4,0.0013071568101620135,5.311184491106186
5,0.0013071568101620135,5.311184491106186
6,0.0013071568101620135,5.311184491106186
7,0.0013071568101620135,5.311184491106186
8,0.0013071568101620135,5.311184491106186
9,0.0013071568101620135,5.311184491106186
10,0.0013071568101620135,5.311184491106186
