,tau,theta
0,0.0004780528982285427,9.999999999970123
1,0.0004780528982285427,9.999999999970123
2,0.0004780528982285427,9.999999999970123
3,0.0004780528982285427,9.999999999970123
4,0.0004780528982285427,9.999999999970123
5,0.0004780528982285427,9.999999999970123
