,tau,theta
0,0.13306882451016422,0.8232377017932464
1,0.13306882451016422,0.8232377017932464
2,0.13306882451016422,0.8232377017932464
3,0.13306882451016422,0.8232377017932464
4,0.13306882451016422,0.8232377017932464
5,0.13306882451016422,0.8232377017932464
6,0.13306882451016422,0.8232377017932464
7,0.13306882451016422,0.8232377017932464
8,0.13306882451016422,0.8232377017932464
9,0.13306882451016422,0.8232377017932464
10,0.13306882451016422,0.8232377017932464
