,tau,theta
0,0.00040752163213485525,9.99999999967856
1,0.00040752163213485525,9.99999999967856
2,0.00040752163213485525,9.99999999967856
3,0.00040752163213485525,9.99999999967856
4,0.00040752163213485525,9.99999999967856
5,0.00040752163213485525,9.99999999967856
6,0.00040752163213485525,9.99999999967856
7,0.00040752163213485525,9.99999999967856
8,0.00040752163213485525,9.99999999967856
9,0.00040752163213485525,9.99999999967856
10,0.00040752163213485525,9.99999999967856
