,tau,theta
0,0.09408176058046012,0.20112282468966636
1,0.09408176058046012,0.20112282468966636
2,0.09408176058046012,0.20112282468966636
3,0.09408176058046012,0.20112282468966636
4,0.09408176058046012,0.20112282468966636
5,0.09408176058046012,0.20112282468966636
