,tau,theta
0,0.0007081810442289727,9.999999999962526
1,0.0007081810442289727,9.999999999962526
2,0.0007081810442289727,9.999999999962526
3,0.0007081810442289727,9.999999999962526
4,0.0007081810442289727,9.999999999962526
5,0.0007081810442289727,9.999999999962526
6,0.0007081810442289727,9.999999999962526
7,0.0007081810442289727,9.999999999962526
8,0.0007081810442289727,9.999999999962526
9,0.0007081810442289727,9.999999999962526
10,0.0007081810442289727,9.999999999962526
