,tau,theta
0,0.0004742014025650333,9.999999997943847
1,0.0004742014025650333,9.999999997943847
2,0.0004742014025650333,9.999999997943847
3,0.0004742014025650333,9.999999997943847
4,0.0004742014025650333,9.999999997943847
5,0.0004742014025650333,9.999999997943847
6,0.0004742014025650333,9.999999997943847
7,0.0004742014025650333,9.999999997943847
8,0.0004742014025650333,9.999999997943847
9,0.0004742014025650333,9.999999997943847
10,0.0004742014025650333,9.999999997943847
