,tau,theta
0,0.15506353183115396,0.17283055457505037
1,0.15506353183115396,0.17283055457505037
2,0.15506353183115396,0.17283055457505037
3,0.15506353183115396,0.17283055457505037
4,0.15506353183115396,0.17283055457505037
5,0.15506353183115396,0.17283055457505037
