,tau,theta
0,0.11264225856247821,0.15879441789292248
1,0.11264225856247821,0.15879441789292248
2,0.11264225856247821,0.15879441789292248
3,0.11264225856247821,0.15879441789292248
4,0.11264225856247821,0.15879441789292248
5,0.11264225856247821,0.15879441789292248
