,tau,theta
0,0.0017025397539184195,9.999999999871891
1,0.0017025397539184195,9.999999999871891
2,0.0017025397539184195,9.999999999871891
3,0.0017025397539184195,9.999999999871891
4,0.0017025397539184195,9.999999999871891
5,0.0017025397539184195,9.999999999871891
6,0.0017025397539184195,9.999999999871891
7,0.0017025397539184195,9.999999999871891
8,0.0017025397539184195,9.999999999871891
9,0.0017025397539184195,9.999999999871891
10,0.0017025397539184195,9.999999999871891
