,tau,theta
0,0.007474326470251025,0.006415719579120449
1,0.007474326470251025,0.006415719579120449
2,0.007474326470251025,0.006415719579120449
3,0.007474326470251025,0.006415719579120449
4,0.007474326470251025,0.006415719579120449
5,0.007474326470251025,0.006415719579120449
6,0.007474326470251025,0.006415719579120449
7,0.007474326470251025,0.006415719579120449
8,0.007474326470251025,0.006415719579120449
9,0.007474326470251025,0.006415719579120449
10,0.007474326470251025,0.006415719579120449
