,tau,theta
0,0.003876642428487609,4.540936926405465
1,0.003876642428487609,4.540936926405465
2,0.003876642428487609,4.540936926405465
3,0.003876642428487609,4.540936926405465
4,0.003876642428487609,4.540936926405465
5,0.003876642428487609,4.540936926405465
6,0.003876642428487609,4.540936926405465
7,0.003876642428487609,4.540936926405465
8,0.003876642428487609,4.540936926405465
9,0.003876642428487609,4.540936926405465
10,0.003876642428487609,4.540936926405465
