,tau,theta
0,0.006937517019041761,0.1302816052846113
1,0.006937517019041761,0.1302816052846113
2,0.006937517019041761,0.1302816052846113
3,0.006937517019041761,0.1302816052846113
4,0.006937517019041761,0.1302816052846113
5,0.006937517019041761,0.1302816052846113
