,tau,theta
0,0.0002237562998592569,9.99999999872676
1,0.0002237562998592569,9.99999999872676
2,0.0002237562998592569,9.99999999872676
3,0.0002237562998592569,9.99999999872676
4,0.0002237562998592569,9.99999999872676
5,0.0002237562998592569,9.99999999872676
