,tau,theta
0,0.08426873132875777,0.1833633942857883
1,0.08426873132875777,0.1833633942857883
2,0.08426873132875777,0.1833633942857883
3,0.08426873132875777,0.1833633942857883
4,0.08426873132875777,0.1833633942857883
5,0.08426873132875777,0.1833633942857883
