,tau,theta
0,0.0038587436919436005,4.075272455491472
1,0.0038587436919436005,4.075272455491472
2,0.0038587436919436005,4.075272455491472
3,0.0038587436919436005,4.075272455491472
4,0.0038587436919436005,4.075272455491472
5,0.0038587436919436005,4.075272455491472
