,tau,theta
0,0.0010344863739165544,9.999999997805416
1,0.0010344863739165544,9.999999997805416
2,0.0010344863739165544,9.999999997805416
3,0.0010344863739165544,9.999999997805416
4,0.0010344863739165544,9.999999997805416
5,0.0010344863739165544,9.999999997805416
6,0.0010344863739165544,9.999999997805416
7,0.0010344863739165544,9.999999997805416
8,0.0010344863739165544,9.999999997805416
9,0.0010344863739165544,9.999999997805416
10,0.0010344863739165544,9.999999997805416
