,tau,theta
0,0.0857360652215101,0.11069326002999767
1,0.0857360652215101,0.11069326002999767
2,0.0857360652215101,0.11069326002999767
3,0.0857360652215101,0.11069326002999767
4,0.0857360652215101,0.11069326002999767
5,0.0857360652215101,0.11069326002999767
