,tau,theta
0,0.0009250009480666788,9.999999999555568
1,0.0009250009480666788,9.999999999555568
2,0.0009250009480666788,9.999999999555568
3,0.0009250009480666788,9.999999999555568
4,0.0009250009480666788,9.999999999555568
5,0.0009250009480666788,9.999999999555568
