,tau,theta
0,0.08718983961902359,0.10776737361933751
1,0.08718983961902359,0.10776737361933751
2,0.08718983961902359,0.10776737361933751
3,0.08718983961902359,0.10776737361933751
4,0.08718983961902359,0.10776737361933751
5,0.08718983961902359,0.10776737361933751
6,0.08718983961902359,0.10776737361933751
7,0.08718983961902359,0.10776737361933751
8,0.08718983961902359,0.10776737361933751
9,0.08718983961902359,0.10776737361933751
10,0.08718983961902359,0.10776737361933751
