,tau,theta
0,0.021535837479141996,0.7324258621443459
1,0.021535837479141996,0.7324258621443459
2,0.021535837479141996,0.7324258621443459
3,0.021535837479141996,0.7324258621443459
4,0.021535837479141996,0.7324258621443459
5,0.021535837479141996,0.7324258621443459
6,0.021535837479141996,0.7324258621443459
7,0.021535837479141996,0.7324258621443459
8,0.021535837479141996,0.7324258621443459
9,0.021535837479141996,0.7324258621443459
10,0.021535837479141996,0.7324258621443459
