,tau,theta
0,2.197965233675307,0.6098781404161636
1,2.197965233675307,0.6098781404161636
2,2.197965233675307,0.6098781404161636
3,2.197965233675307,0.6098781404161636
4,2.197965233675307,0.6098781404161636
5,2.197965233675307,0.6098781404161636
