,tau,theta
0,0.010603592974952714,0.9482717579038936
1,0.010603592974952714,0.9482717579038936
2,0.010603592974952714,0.9482717579038936
3,0.010603592974952714,0.9482717579038936
4,0.010603592974952714,0.9482717579038936
5,0.010603592974952714,0.9482717579038936
