,tau,theta
0,0.11207062886978213,0.049111578194338076
1,0.11207062886978213,0.049111578194338076
2,0.11207062886978213,0.049111578194338076
3,0.11207062886978213,0.049111578194338076
4,0.11207062886978213,0.049111578194338076
5,0.11207062886978213,0.049111578194338076
