,tau,theta
0,0.0016154439321298564,9.99999999911817
1,0.0016154439321298564,9.99999999911817
2,0.0016154439321298564,9.99999999911817
3,0.0016154439321298564,9.99999999911817
4,0.0016154439321298564,9.99999999911817
5,0.0016154439321298564,9.99999999911817
6,0.0016154439321298564,9.99999999911817
7,0.0016154439321298564,9.99999999911817
8,0.0016154439321298564,9.99999999911817
9,0.0016154439321298564,9.99999999911817
10,0.0016154439321298564,9.99999999911817
