,tau,theta
0,9.999999999195728,9.999999999675513
1,9.999999999195728,9.999999999675513
2,9.999999999195728,9.999999999675513
3,9.999999999195728,9.999999999675513
4,9.999999999195728,9.999999999675513
5,9.999999999195728,9.999999999675513
