,tau,theta
0,0.013704464559458718,0.17444296046700458
1,0.013704464559458718,0.17444296046700458
2,0.013704464559458718,0.17444296046700458
3,0.013704464559458718,0.17444296046700458
4,0.013704464559458718,0.17444296046700458
5,0.013704464559458718,0.17444296046700458
6,0.013704464559458718,0.17444296046700458
7,0.013704464559458718,0.17444296046700458
8,0.013704464559458718,0.17444296046700458
9,0.013704464559458718,0.17444296046700458
10,0.013704464559458718,0.17444296046700458
