,tau,theta
0,0.0009200400594184699,9.999999999923261
1,0.0009200400594184699,9.999999999923261
2,0.0009200400594184699,9.999999999923261
3,0.0009200400594184699,9.999999999923261
4,0.0009200400594184699,9.999999999923261
5,0.0009200400594184699,9.999999999923261
6,0.0009200400594184699,9.999999999923261
7,0.0009200400594184699,9.999999999923261
8,0.0009200400594184699,9.999999999923261
9,0.0009200400594184699,9.999999999923261
10,0.0009200400594184699,9.999999999923261
