,beta,tau,theta
0,3.1638516935215844,0.19530781249069384,2.0129558854184375
1,3.1638516935215844,0.19530781249069384,2.0129558854184375
2,3.1638516935215844,0.19530781249069384,2.0129558854184375
3,3.1638516935215844,0.19530781249069384,2.0129558854184375
4,3.1638516935215844,0.19530781249069384,2.0129558854184375
5,3.1638516935215844,0.19530781249069384,2.0129558854184375
