,beta,tau,theta
0,3.350133500518554,0.07646913759918227,0.7281617128623387
1,3.350133500518554,0.07646913759918227,0.7281617128623387
2,3.350133500518554,0.07646913759918227,0.7281617128623387
3,3.350133500518554,0.07646913759918227,0.7281617128623387
4,3.350133500518554,0.07646913759918227,0.7281617128623387
5,3.350133500518554,0.07646913759918227,0.7281617128623387
