,beta,tau,theta
0,5.818740858130663,0.17025024521783239,1.9295497846236116
1,5.818740858130663,0.17025024521783239,1.9295497846236116
2,5.818740858130663,0.17025024521783239,1.9295497846236116
3,5.818740858130663,0.17025024521783239,1.9295497846236116
4,5.818740858130663,0.17025024521783239,1.9295497846236116
5,5.818740858130663,0.17025024521783239,1.9295497846236116
