,beta,tau,theta
0,2.483208446315656,0.08064332890147695,3.2837369344014067
1,2.483208446315656,0.08064332890147695,3.2837369344014067
2,2.483208446315656,0.08064332890147695,3.2837369344014067
3,2.483208446315656,0.08064332890147695,3.2837369344014067
4,2.483208446315656,0.08064332890147695,3.2837369344014067
5,2.483208446315656,0.08064332890147695,3.2837369344014067
