,beta,tau,theta
0,1.6982144964991985,0.16270385431881929,0.7909189017680591
1,1.6982144964991985,0.16270385431881929,0.7909189017680591
2,1.6982144964991985,0.16270385431881929,0.7909189017680591
3,1.6982144964991985,0.16270385431881929,0.7909189017680591
4,1.6982144964991985,0.16270385431881929,0.7909189017680591
5,1.6982144964991985,0.16270385431881929,0.7909189017680591
