,beta,tau,theta
0,0.04677879343673484,0.08641043673391478,1.9341295311994852e-11
1,0.04677879343673484,0.08641043673391478,1.9341295311994852e-11
2,0.04677879343673484,0.08641043673391478,1.9341295311994852e-11
3,0.04677879343673484,0.08641043673391478,1.9341295311994852e-11
4,0.04677879343673484,0.08641043673391478,1.9341295311994852e-11
5,0.04677879343673484,0.08641043673391478,1.9341295311994852e-11
