,beta,tau,theta
0,3.4412362648256727e-12,9.999999998827775,9.999999998571038
1,3.4412362648256727e-12,9.999999998827775,9.999999998571038
2,3.4412362648256727e-12,9.999999998827775,9.999999998571038
3,3.4412362648256727e-12,9.999999998827775,9.999999998571038
4,3.4412362648256727e-12,9.999999998827775,9.999999998571038
5,3.4412362648256727e-12,9.999999998827775,9.999999998571038
