,beta,tau,theta
0,0.029180636195512245,0.00330064446739341,3.350250214628999
1,0.029180636195512245,0.00330064446739341,3.350250214628999
2,0.029180636195512245,0.00330064446739341,3.350250214628999
3,0.029180636195512245,0.00330064446739341,3.350250214628999
4,0.029180636195512245,0.00330064446739341,3.350250214628999
5,0.029180636195512245,0.00330064446739341,3.350250214628999
