,beta,tau,theta
0,1.1757341758564143e-14,0.04830101469332891,0.8382959511195827
1,1.1757341758564143e-14,0.04830101469332891,0.8382959511195827
2,1.1757341758564143e-14,0.04830101469332891,0.8382959511195827
3,1.1757341758564143e-14,0.04830101469332891,0.8382959511195827
4,1.1757341758564143e-14,0.04830101469332891,0.8382959511195827
5,1.1757341758564143e-14,0.04830101469332891,0.8382959511195827
