,beta,tau,theta
0,5.2413241401207165,0.45879111126499683,1.1193824592272117
1,5.2413241401207165,0.45879111126499683,1.1193824592272117
2,5.2413241401207165,0.45879111126499683,1.1193824592272117
3,5.2413241401207165,0.45879111126499683,1.1193824592272117
4,5.2413241401207165,0.45879111126499683,1.1193824592272117
5,5.2413241401207165,0.45879111126499683,1.1193824592272117
