,beta,tau,theta
0,2.724932947350345,0.18855727708546555,1.9579551461473899
1,2.724932947350345,0.18855727708546555,1.9579551461473899
2,2.724932947350345,0.18855727708546555,1.9579551461473899
3,2.724932947350345,0.18855727708546555,1.9579551461473899
4,2.724932947350345,0.18855727708546555,1.9579551461473899
5,2.724932947350345,0.18855727708546555,1.9579551461473899
