,beta,tau,theta
0,2.252317844017104,0.0001366534063591441,2.4583885886935035
1,2.252317844017104,0.0001366534063591441,2.4583885886935035
2,2.252317844017104,0.0001366534063591441,2.4583885886935035
3,2.252317844017104,0.0001366534063591441,2.4583885886935035
4,2.252317844017104,0.0001366534063591441,2.4583885886935035
5,2.252317844017104,0.0001366534063591441,2.4583885886935035
