,beta,tau,theta
0,4.271969660872034,0.4473586278226367,0.43729030740938546
1,4.271969660872034,0.4473586278226367,0.43729030740938546
2,4.271969660872034,0.4473586278226367,0.43729030740938546
3,4.271969660872034,0.4473586278226367,0.43729030740938546
4,4.271969660872034,0.4473586278226367,0.43729030740938546
5,4.271969660872034,0.4473586278226367,0.43729030740938546
