,beta,tau,theta
0,2.0099791291527764,0.05008769185935079,1.1779446145989843
1,2.0099791291527764,0.05008769185935079,1.1779446145989843
2,2.0099791291527764,0.05008769185935079,1.1779446145989843
3,2.0099791291527764,0.05008769185935079,1.1779446145989843
4,2.0099791291527764,0.05008769185935079,1.1779446145989843
5,2.0099791291527764,0.05008769185935079,1.1779446145989843
