,beta,tau,theta
0,0.09064886232085577,2.7484588253179423e-05,9.968342465119335
1,0.09064886232085577,2.7484588253179423e-05,9.968342465119335
2,0.09064886232085577,2.7484588253179423e-05,9.968342465119335
3,0.09064886232085577,2.7484588253179423e-05,9.968342465119335
4,0.09064886232085577,2.7484588253179423e-05,9.968342465119335
5,0.09064886232085577,2.7484588253179423e-05,9.968342465119335
