,beta,tau,theta
0,0.0021629034336946187,0.11385281933532952,1.8665121624969137e-07
1,0.0021629034336946187,0.11385281933532952,1.8665121624969137e-07
2,0.0021629034336946187,0.11385281933532952,1.8665121624969137e-07
3,0.0021629034336946187,0.11385281933532952,1.8665121624969137e-07
4,0.0021629034336946187,0.11385281933532952,1.8665121624969137e-07
5,0.0021629034336946187,0.11385281933532952,1.8665121624969137e-07
