,beta,tau,theta
0,0.01775539358125865,0.13289524417711762,1.7943803064532025e-07
1,0.01775539358125865,0.13289524417711762,1.7943803064532025e-07
2,0.01775539358125865,0.13289524417711762,1.7943803064532025e-07
3,0.01775539358125865,0.13289524417711762,1.7943803064532025e-07
4,0.01775539358125865,0.13289524417711762,1.7943803064532025e-07
5,0.01775539358125865,0.13289524417711762,1.7943803064532025e-07
