,beta,tau,theta
0,7.616749052996629,0.5098572320533025,0.04835796051894169
1,7.616749052996629,0.5098572320533025,0.04835796051894169
2,7.616749052996629,0.5098572320533025,0.04835796051894169
3,7.616749052996629,0.5098572320533025,0.04835796051894169
4,7.616749052996629,0.5098572320533025,0.04835796051894169
5,7.616749052996629,0.5098572320533025,0.04835796051894169
