,beta,tau,theta
0,1e-16,0.11815079412784045,6.210721391627593e-08
1,1e-16,0.11815079412784045,6.210721391627593e-08
2,1e-16,0.11815079412784045,6.210721391627593e-08
3,1e-16,0.11815079412784045,6.210721391627593e-08
4,1e-16,0.11815079412784045,6.210721391627593e-08
5,1e-16,0.11815079412784045,6.210721391627593e-08
