,beta,tau,theta
0,0.08625268375442928,0.006474107954895325,1.4867183104325432
1,0.08625268375442928,0.006474107954895325,1.4867183104325432
2,0.08625268375442928,0.006474107954895325,1.4867183104325432
3,0.08625268375442928,0.006474107954895325,1.4867183104325432
4,0.08625268375442928,0.006474107954895325,1.4867183104325432
5,0.08625268375442928,0.006474107954895325,1.4867183104325432
