,beta,tau,theta
0,0.01188190490360962,0.0002516002640263638,5.16631622534753
1,0.01188190490360962,0.0002516002640263638,5.16631622534753
2,0.01188190490360962,0.0002516002640263638,5.16631622534753
3,0.01188190490360962,0.0002516002640263638,5.16631622534753
4,0.01188190490360962,0.0002516002640263638,5.16631622534753
5,0.01188190490360962,0.0002516002640263638,5.16631622534753
