,beta,tau,theta
0,3.825585872118675,0.03830989253343141,3.4614751827080346
1,3.825585872118675,0.03830989253343141,3.4614751827080346
2,3.825585872118675,0.03830989253343141,3.4614751827080346
3,3.825585872118675,0.03830989253343141,3.4614751827080346
4,3.825585872118675,0.03830989253343141,3.4614751827080346
5,3.825585872118675,0.03830989253343141,3.4614751827080346
