,beta,tau,theta
0,0.04518478760097376,0.000216315751523466,0.0009969823900836006
1,0.04518478760097376,0.000216315751523466,0.0009969823900836006
2,0.04518478760097376,0.000216315751523466,0.0009969823900836006
3,0.04518478760097376,0.000216315751523466,0.0009969823900836006
4,0.04518478760097376,0.000216315751523466,0.0009969823900836006
5,0.04518478760097376,0.000216315751523466,0.0009969823900836006
