,beta,tau,theta
0,0.09961098072994011,0.0003549980831214384,2.753742463564296
1,0.09961098072994011,0.0003549980831214384,2.753742463564296
2,0.09961098072994011,0.0003549980831214384,2.753742463564296
3,0.09961098072994011,0.0003549980831214384,2.753742463564296
4,0.09961098072994011,0.0003549980831214384,2.753742463564296
5,0.09961098072994011,0.0003549980831214384,2.753742463564296
