,beta,tau,theta
0,1e-16,0.012570324789486043,3.759917165399251e-08
1,1e-16,0.012570324789486043,3.759917165399251e-08
2,1e-16,0.012570324789486043,3.759917165399251e-08
3,1e-16,0.012570324789486043,3.759917165399251e-08
4,1e-16,0.012570324789486043,3.759917165399251e-08
5,1e-16,0.012570324789486043,3.759917165399251e-08
