,beta,tau,theta
0,5.674675249243041,0.6617170435991716,0.029764420503865064
1,5.674675249243041,0.6617170435991716,0.029764420503865064
2,5.674675249243041,0.6617170435991716,0.029764420503865064
3,5.674675249243041,0.6617170435991716,0.029764420503865064
4,5.674675249243041,0.6617170435991716,0.029764420503865064
5,5.674675249243041,0.6617170435991716,0.029764420503865064
