,beta,tau,theta
0,0.04623325408112787,0.07230657303741349,4.6770334927250794e-08
1,0.04623325408112787,0.07230657303741349,4.6770334927250794e-08
2,0.04623325408112787,0.07230657303741349,4.6770334927250794e-08
3,0.04623325408112787,0.07230657303741349,4.6770334927250794e-08
4,0.04623325408112787,0.07230657303741349,4.6770334927250794e-08
5,0.04623325408112787,0.07230657303741349,4.6770334927250794e-08
