,beta,tau,theta
0,1.2912074000277447,4.684402396082445e-06,3.7498735077405296
1,1.2912074000277447,4.684402396082445e-06,3.7498735077405296
2,1.2912074000277447,4.684402396082445e-06,3.7498735077405296
3,1.2912074000277447,4.684402396082445e-06,3.7498735077405296
4,1.2912074000277447,4.684402396082445e-06,3.7498735077405296
5,1.2912074000277447,4.684402396082445e-06,3.7498735077405296
