,beta,tau,theta
0,3.3715965249752644,0.17005884691359507,1.4735213899694632
1,3.3715965249752644,0.17005884691359507,1.4735213899694632
2,3.3715965249752644,0.17005884691359507,1.4735213899694632
3,3.3715965249752644,0.17005884691359507,1.4735213899694632
4,3.3715965249752644,0.17005884691359507,1.4735213899694632
5,3.3715965249752644,0.17005884691359507,1.4735213899694632
