,beta,tau,theta
0,3.229646771412954e-14,9.999999995648574,9.99999999999808
1,3.229646771412954e-14,9.999999995648574,9.99999999999808
2,3.229646771412954e-14,9.999999995648574,9.99999999999808
3,3.229646771412954e-14,9.999999995648574,9.99999999999808
4,3.229646771412954e-14,9.999999995648574,9.99999999999808
5,3.229646771412954e-14,9.999999995648574,9.99999999999808
