,beta,tau,theta
0,0.007858383203760522,0.13442718006310372,3.4252445424511884e-08
1,0.007858383203760522,0.13442718006310372,3.4252445424511884e-08
2,0.007858383203760522,0.13442718006310372,3.4252445424511884e-08
3,0.007858383203760522,0.13442718006310372,3.4252445424511884e-08
4,0.007858383203760522,0.13442718006310372,3.4252445424511884e-08
5,0.007858383203760522,0.13442718006310372,3.4252445424511884e-08
