,beta,tau,theta
0,4.129237789816105,0.35994728339660786,0.6662296696138482
1,4.129237789816105,0.35994728339660786,0.6662296696138482
2,4.129237789816105,0.35994728339660786,0.6662296696138482
3,4.129237789816105,0.35994728339660786,0.6662296696138482
4,4.129237789816105,0.35994728339660786,0.6662296696138482
5,4.129237789816105,0.35994728339660786,0.6662296696138482
