,beta,tau,theta
0,8.117925539717367,0.44091958937713904,0.020075451625719654
1,8.117925539717367,0.44091958937713904,0.020075451625719654
2,8.117925539717367,0.44091958937713904,0.020075451625719654
3,8.117925539717367,0.44091958937713904,0.020075451625719654
4,8.117925539717367,0.44091958937713904,0.020075451625719654
5,8.117925539717367,0.44091958937713904,0.020075451625719654
