,beta,tau,theta
0,0.7257027483224144,0.0001574386363807246,2.702462678423714
1,0.7257027483224144,0.0001574386363807246,2.702462678423714
2,0.7257027483224144,0.0001574386363807246,2.702462678423714
3,0.7257027483224144,0.0001574386363807246,2.702462678423714
4,0.7257027483224144,0.0001574386363807246,2.702462678423714
5,0.7257027483224144,0.0001574386363807246,2.702462678423714
