,beta,tau,theta
0,0.09820591054639459,0.001822393456606497,2.5108410961577747
1,0.09820591054639459,0.001822393456606497,2.5108410961577747
2,0.09820591054639459,0.001822393456606497,2.5108410961577747
3,0.09820591054639459,0.001822393456606497,2.5108410961577747
4,0.09820591054639459,0.001822393456606497,2.5108410961577747
5,0.09820591054639459,0.001822393456606497,2.5108410961577747
