,beta,tau,theta
0,2.81619857162948,0.018714448654109195,3.345533497072965
1,2.81619857162948,0.018714448654109195,3.345533497072965
2,2.81619857162948,0.018714448654109195,3.345533497072965
3,2.81619857162948,0.018714448654109195,3.345533497072965
4,2.81619857162948,0.018714448654109195,3.345533497072965
5,2.81619857162948,0.018714448654109195,3.345533497072965
