,beta,tau,theta
0,1e-16,0.6270158315535946,2.312427339502232e-07
1,1e-16,0.6270158315535946,2.312427339502232e-07
2,1e-16,0.6270158315535946,2.312427339502232e-07
3,1e-16,0.6270158315535946,2.312427339502232e-07
4,1e-16,0.6270158315535946,2.312427339502232e-07
5,1e-16,0.6270158315535946,2.312427339502232e-07
