,beta,tau,theta
0,0.09977218880061099,0.0001890595922450112,2.972584539819022
1,0.09977218880061099,0.0001890595922450112,2.972584539819022
2,0.09977218880061099,0.0001890595922450112,2.972584539819022
3,0.09977218880061099,0.0001890595922450112,2.972584539819022
4,0.09977218880061099,0.0001890595922450112,2.972584539819022
5,0.09977218880061099,0.0001890595922450112,2.972584539819022
