,beta,tau,theta
0,4.0779491694482e-12,0.6828323446259178,0.36050243068593846
1,4.0779491694482e-12,0.6828323446259178,0.36050243068593846
2,4.0779491694482e-12,0.6828323446259178,0.36050243068593846
3,4.0779491694482e-12,0.6828323446259178,0.36050243068593846
4,4.0779491694482e-12,0.6828323446259178,0.36050243068593846
5,4.0779491694482e-12,0.6828323446259178,0.36050243068593846
