,beta,tau,theta
0,5.336247241616311,0.4743827313979494,1.311677707462156
1,5.336247241616311,0.4743827313979494,1.311677707462156
2,5.336247241616311,0.4743827313979494,1.311677707462156
3,5.336247241616311,0.4743827313979494,1.311677707462156
4,5.336247241616311,0.4743827313979494,1.311677707462156
5,5.336247241616311,0.4743827313979494,1.311677707462156
