,beta,tau,theta
0,3.4426891956685868,0.3387250885729022,1.3554285931966847
1,3.4426891956685868,0.3387250885729022,1.3554285931966847
2,3.4426891956685868,0.3387250885729022,1.3554285931966847
3,3.4426891956685868,0.3387250885729022,1.3554285931966847
4,3.4426891956685868,0.3387250885729022,1.3554285931966847
5,3.4426891956685868,0.3387250885729022,1.3554285931966847
