,beta,tau,theta
0,0.05618203716945834,0.0006592494172870001,3.139493846506652
1,0.05618203716945834,0.0006592494172870001,3.139493846506652
2,0.05618203716945834,0.0006592494172870001,3.139493846506652
3,0.05618203716945834,0.0006592494172870001,3.139493846506652
4,0.05618203716945834,0.0006592494172870001,3.139493846506652
5,0.05618203716945834,0.0006592494172870001,3.139493846506652
