,beta,tau,theta
0,0.03094350020696256,0.0964088108110873,7.92651287947698e-09
1,0.03094350020696256,0.0964088108110873,7.92651287947698e-09
2,0.03094350020696256,0.0964088108110873,7.92651287947698e-09
3,0.03094350020696256,0.0964088108110873,7.92651287947698e-09
4,0.03094350020696256,0.0964088108110873,7.92651287947698e-09
5,0.03094350020696256,0.0964088108110873,7.92651287947698e-09
