,beta,tau,theta
0,1.762882964041474,0.18989830969090638,0.18146244208195506
1,1.762882964041474,0.18989830969090638,0.18146244208195506
2,1.762882964041474,0.18989830969090638,0.18146244208195506
3,1.762882964041474,0.18989830969090638,0.18146244208195506
4,1.762882964041474,0.18989830969090638,0.18146244208195506
5,1.762882964041474,0.18989830969090638,0.18146244208195506
