,beta,tau,theta
0,3.2968434865195606,0.02831552642521561,3.0554623267727186
1,3.2968434865195606,0.02831552642521561,3.0554623267727186
2,3.2968434865195606,0.02831552642521561,3.0554623267727186
3,3.2968434865195606,0.02831552642521561,3.0554623267727186
4,3.2968434865195606,0.02831552642521561,3.0554623267727186
5,3.2968434865195606,0.02831552642521561,3.0554623267727186
