,beta,tau,theta
0,6.966476077270754,0.9859082131020509,0.019787075488660422
1,6.966476077270754,0.9859082131020509,0.019787075488660422
2,6.966476077270754,0.9859082131020509,0.019787075488660422
3,6.966476077270754,0.9859082131020509,0.019787075488660422
4,6.966476077270754,0.9859082131020509,0.019787075488660422
5,6.966476077270754,0.9859082131020509,0.019787075488660422
