,beta,tau,theta
0,5.763699692479745,0.7602481554630076,0.005588985433796034
1,5.763699692479745,0.7602481554630076,0.005588985433796034
2,5.763699692479745,0.7602481554630076,0.005588985433796034
3,5.763699692479745,0.7602481554630076,0.005588985433796034
4,5.763699692479745,0.7602481554630076,0.005588985433796034
5,5.763699692479745,0.7602481554630076,0.005588985433796034
