,beta,tau,theta
0,0.09708573541905528,0.0021000446261610797,3.6316858522013895
1,0.09708573541905528,0.0021000446261610797,3.6316858522013895
2,0.09708573541905528,0.0021000446261610797,3.6316858522013895
3,0.09708573541905528,0.0021000446261610797,3.6316858522013895
4,0.09708573541905528,0.0021000446261610797,3.6316858522013895
5,0.09708573541905528,0.0021000446261610797,3.6316858522013895
