,beta,tau,theta
0,3.9267829219430417,0.023452378565880328,2.492554145435968
1,3.9267829219430417,0.023452378565880328,2.492554145435968
2,3.9267829219430417,0.023452378565880328,2.492554145435968
3,3.9267829219430417,0.023452378565880328,2.492554145435968
4,3.9267829219430417,0.023452378565880328,2.492554145435968
5,3.9267829219430417,0.023452378565880328,2.492554145435968
