,beta,tau,theta
0,2.121525977034049e-13,0.0071656089371131436,2.6094869209005758
1,2.121525977034049e-13,0.0071656089371131436,2.6094869209005758
2,2.121525977034049e-13,0.0071656089371131436,2.6094869209005758
3,2.121525977034049e-13,0.0071656089371131436,2.6094869209005758
4,2.121525977034049e-13,0.0071656089371131436,2.6094869209005758
5,2.121525977034049e-13,0.0071656089371131436,2.6094869209005758
