,beta,tau,theta
0,1.5275566588595902e-13,9.999999998414227,9.999999998653184
1,1.5275566588595902e-13,9.999999998414227,9.999999998653184
2,1.5275566588595902e-13,9.999999998414227,9.999999998653184
3,1.5275566588595902e-13,9.999999998414227,9.999999998653184
4,1.5275566588595902e-13,9.999999998414227,9.999999998653184
5,1.5275566588595902e-13,9.999999998414227,9.999999998653184
