,beta,tau,theta
0,6.306370538129533,0.4266059413698249,0.008318164188592204
1,6.306370538129533,0.4266059413698249,0.008318164188592204
2,6.306370538129533,0.4266059413698249,0.008318164188592204
3,6.306370538129533,0.4266059413698249,0.008318164188592204
4,6.306370538129533,0.4266059413698249,0.008318164188592204
5,6.306370538129533,0.4266059413698249,0.008318164188592204
