,beta,tau,theta
0,5.1515098908809005,0.7453817704468986,0.011953734023649288
1,5.1515098908809005,0.7453817704468986,0.011953734023649288
2,5.1515098908809005,0.7453817704468986,0.011953734023649288
3,5.1515098908809005,0.7453817704468986,0.011953734023649288
4,5.1515098908809005,0.7453817704468986,0.011953734023649288
5,5.1515098908809005,0.7453817704468986,0.011953734023649288
