,beta,tau,theta
0,3.058275942851736,0.32799196436981437,1.2870823962975013
1,3.058275942851736,0.32799196436981437,1.2870823962975013
2,3.058275942851736,0.32799196436981437,1.2870823962975013
3,3.058275942851736,0.32799196436981437,1.2870823962975013
4,3.058275942851736,0.32799196436981437,1.2870823962975013
5,3.058275942851736,0.32799196436981437,1.2870823962975013
