,beta,tau,theta
0,5.081593419778395,0.5353637940478835,1.1874735395478915
1,5.081593419778395,0.5353637940478835,1.1874735395478915
2,5.081593419778395,0.5353637940478835,1.1874735395478915
3,5.081593419778395,0.5353637940478835,1.1874735395478915
4,5.081593419778395,0.5353637940478835,1.1874735395478915
5,5.081593419778395,0.5353637940478835,1.1874735395478915
