,beta,tau,theta
0,1.725079099852297,0.08626920136869952,2.15235824122193
1,1.725079099852297,0.08626920136869952,2.15235824122193
2,1.725079099852297,0.08626920136869952,2.15235824122193
3,1.725079099852297,0.08626920136869952,2.15235824122193
4,1.725079099852297,0.08626920136869952,2.15235824122193
5,1.725079099852297,0.08626920136869952,2.15235824122193
