,beta,tau,theta
0,5.358356619232392,0.40842685964243464,1.041540330189597
1,5.358356619232392,0.40842685964243464,1.041540330189597
2,5.358356619232392,0.40842685964243464,1.041540330189597
3,5.358356619232392,0.40842685964243464,1.041540330189597
4,5.358356619232392,0.40842685964243464,1.041540330189597
5,5.358356619232392,0.40842685964243464,1.041540330189597
