,beta,tau,theta
0,0.011978430091716497,0.0008597643938824562,4.160670878610637
1,0.011978430091716497,0.0008597643938824562,4.160670878610637
2,0.011978430091716497,0.0008597643938824562,4.160670878610637
3,0.011978430091716497,0.0008597643938824562,4.160670878610637
4,0.011978430091716497,0.0008597643938824562,4.160670878610637
5,0.011978430091716497,0.0008597643938824562,4.160670878610637
