,beta,tau,theta
0,4.787717701478093,0.338718134593169,1.2181657187401718
1,4.787717701478093,0.338718134593169,1.2181657187401718
2,4.787717701478093,0.338718134593169,1.2181657187401718
3,4.787717701478093,0.338718134593169,1.2181657187401718
4,4.787717701478093,0.338718134593169,1.2181657187401718
5,4.787717701478093,0.338718134593169,1.2181657187401718
