,beta,tau,theta
0,1.9027991660086152,0.04879206036423177,1.0167042338266485
1,1.9027991660086152,0.04879206036423177,1.0167042338266485
2,1.9027991660086152,0.04879206036423177,1.0167042338266485
3,1.9027991660086152,0.04879206036423177,1.0167042338266485
4,1.9027991660086152,0.04879206036423177,1.0167042338266485
5,1.9027991660086152,0.04879206036423177,1.0167042338266485
