,beta,tau,theta
0,2.743250870824137e-13,9.999999999235627,9.999999999678474
1,2.743250870824137e-13,9.999999999235627,9.999999999678474
2,2.743250870824137e-13,9.999999999235627,9.999999999678474
3,2.743250870824137e-13,9.999999999235627,9.999999999678474
4,2.743250870824137e-13,9.999999999235627,9.999999999678474
5,2.743250870824137e-13,9.999999999235627,9.999999999678474
