,beta,tau,theta
0,1e-16,0.13655879339346155,0.5211516630296904
1,1e-16,0.13655879339346155,0.5211516630296904
2,1e-16,0.13655879339346155,0.5211516630296904
3,1e-16,0.13655879339346155,0.5211516630296904
4,1e-16,0.13655879339346155,0.5211516630296904
5,1e-16,0.13655879339346155,0.5211516630296904
