,beta,tau,theta
0,3.347202488546116,0.08604458498589938,2.4480535377173283
1,3.347202488546116,0.08604458498589938,2.4480535377173283
2,3.347202488546116,0.08604458498589938,2.4480535377173283
3,3.347202488546116,0.08604458498589938,2.4480535377173283
4,3.347202488546116,0.08604458498589938,2.4480535377173283
5,3.347202488546116,0.08604458498589938,2.4480535377173283
