,beta,tau,theta
0,0.06447152048272796,0.0002950039584593723,3.2347544456485
1,0.06447152048272796,0.0002950039584593723,3.2347544456485
2,0.06447152048272796,0.0002950039584593723,3.2347544456485
3,0.06447152048272796,0.0002950039584593723,3.2347544456485
4,0.06447152048272796,0.0002950039584593723,3.2347544456485
5,0.06447152048272796,0.0002950039584593723,3.2347544456485
