,beta,tau,theta
0,5.515772709026404,0.051946666535841,1.7967191245953447
1,5.515772709026404,0.051946666535841,1.7967191245953447
2,5.515772709026404,0.051946666535841,1.7967191245953447
3,5.515772709026404,0.051946666535841,1.7967191245953447
4,5.515772709026404,0.051946666535841,1.7967191245953447
5,5.515772709026404,0.051946666535841,1.7967191245953447
