,beta,tau,theta
0,5.3390705182007515e-14,0.3009185938417276,0.29688655636581196
1,5.3390705182007515e-14,0.3009185938417276,0.29688655636581196
2,5.3390705182007515e-14,0.3009185938417276,0.29688655636581196
3,5.3390705182007515e-14,0.3009185938417276,0.29688655636581196
4,5.3390705182007515e-14,0.3009185938417276,0.29688655636581196
5,5.3390705182007515e-14,0.3009185938417276,0.29688655636581196
