,beta,tau,theta
0,4.472455300791402,0.495600456422275,0.7841624849625096
1,4.472455300791402,0.495600456422275,0.7841624849625096
2,4.472455300791402,0.495600456422275,0.7841624849625096
3,4.472455300791402,0.495600456422275,0.7841624849625096
4,4.472455300791402,0.495600456422275,0.7841624849625096
5,4.472455300791402,0.495600456422275,0.7841624849625096
