,beta,tau,theta
0,1e-16,0.2634773755093057,7.196515560145221e-08
1,1e-16,0.2634773755093057,7.196515560145221e-08
2,1e-16,0.2634773755093057,7.196515560145221e-08
3,1e-16,0.2634773755093057,7.196515560145221e-08
4,1e-16,0.2634773755093057,7.196515560145221e-08
5,1e-16,0.2634773755093057,7.196515560145221e-08
