,beta,tau,theta
0,0.00017757854903553978,0.00029365236549959715,3.6347734685987776
1,0.00017757854903553978,0.00029365236549959715,3.6347734685987776
2,0.00017757854903553978,0.00029365236549959715,3.6347734685987776
3,0.00017757854903553978,0.00029365236549959715,3.6347734685987776
4,0.00017757854903553978,0.00029365236549959715,3.6347734685987776
5,0.00017757854903553978,0.00029365236549959715,3.6347734685987776
