,beta,tau,theta
0,5.584393603273716,0.4859560572735695,0.8733808337796696
1,5.584393603273716,0.4859560572735695,0.8733808337796696
2,5.584393603273716,0.4859560572735695,0.8733808337796696
3,5.584393603273716,0.4859560572735695,0.8733808337796696
4,5.584393603273716,0.4859560572735695,0.8733808337796696
5,5.584393603273716,0.4859560572735695,0.8733808337796696
