,beta,tau,theta
0,4.8608863137262075,0.004977366058821586,2.0609381577383616
1,4.8608863137262075,0.004977366058821586,2.0609381577383616
2,4.8608863137262075,0.004977366058821586,2.0609381577383616
3,4.8608863137262075,0.004977366058821586,2.0609381577383616
4,4.8608863137262075,0.004977366058821586,2.0609381577383616
5,4.8608863137262075,0.004977366058821586,2.0609381577383616
