,beta,tau,theta
0,5.204856220000464,0.08852158668512643,1.3486602395736496
1,5.204856220000464,0.08852158668512643,1.3486602395736496
2,5.204856220000464,0.08852158668512643,1.3486602395736496
3,5.204856220000464,0.08852158668512643,1.3486602395736496
4,5.204856220000464,0.08852158668512643,1.3486602395736496
5,5.204856220000464,0.08852158668512643,1.3486602395736496
