,beta,tau,theta
0,5.0960036108132045e-15,9.999999999880387,9.999999999653406
1,5.0960036108132045e-15,9.999999999880387,9.999999999653406
2,5.0960036108132045e-15,9.999999999880387,9.999999999653406
3,5.0960036108132045e-15,9.999999999880387,9.999999999653406
4,5.0960036108132045e-15,9.999999999880387,9.999999999653406
5,5.0960036108132045e-15,9.999999999880387,9.999999999653406
