,beta,tau,theta
0,0.5070937630893836,1.2529752314472643e-06,3.321027547505194
1,0.5070937630893836,1.2529752314472643e-06,3.321027547505194
2,0.5070937630893836,1.2529752314472643e-06,3.321027547505194
3,0.5070937630893836,1.2529752314472643e-06,3.321027547505194
4,0.5070937630893836,1.2529752314472643e-06,3.321027547505194
5,0.5070937630893836,1.2529752314472643e-06,3.321027547505194
