,beta,tau,theta
0,6.551115123125783e-16,0.6021805341321474,3.2265311210596616e-07
1,6.551115123125783e-16,0.6021805341321474,3.2265311210596616e-07
2,6.551115123125783e-16,0.6021805341321474,3.2265311210596616e-07
3,6.551115123125783e-16,0.6021805341321474,3.2265311210596616e-07
4,6.551115123125783e-16,0.6021805341321474,3.2265311210596616e-07
5,6.551115123125783e-16,0.6021805341321474,3.2265311210596616e-07
