,beta,tau,theta
0,4.276473917546309,0.3593918428844157,1.061658826399428
1,4.276473917546309,0.3593918428844157,1.061658826399428
2,4.276473917546309,0.3593918428844157,1.061658826399428
3,4.276473917546309,0.3593918428844157,1.061658826399428
4,4.276473917546309,0.3593918428844157,1.061658826399428
5,4.276473917546309,0.3593918428844157,1.061658826399428
