,beta,tau,theta
0,4.182066609449325,0.28798064820065983,1.1490136302998484
1,4.182066609449325,0.28798064820065983,1.1490136302998484
2,4.182066609449325,0.28798064820065983,1.1490136302998484
3,4.182066609449325,0.28798064820065983,1.1490136302998484
4,4.182066609449325,0.28798064820065983,1.1490136302998484
5,4.182066609449325,0.28798064820065983,1.1490136302998484
