,beta,tau,theta
0,3.1186244689504384e-14,0.03837802317387794,0.34409005177516727
1,3.1186244689504384e-14,0.03837802317387794,0.34409005177516727
2,3.1186244689504384e-14,0.03837802317387794,0.34409005177516727
3,3.1186244689504384e-14,0.03837802317387794,0.34409005177516727
4,3.1186244689504384e-14,0.03837802317387794,0.34409005177516727
5,3.1186244689504384e-14,0.03837802317387794,0.34409005177516727
