,beta,tau,theta
0,0.05139603907910527,0.00042531221197194,2.589199765389894
1,0.05139603907910527,0.00042531221197194,2.589199765389894
2,0.05139603907910527,0.00042531221197194,2.589199765389894
3,0.05139603907910527,0.00042531221197194,2.589199765389894
4,0.05139603907910527,0.00042531221197194,2.589199765389894
5,0.05139603907910527,0.00042531221197194,2.589199765389894
