,beta,tau,theta
0,1e-16,0.011235319819207324,2.1296804209835958e-09
1,1e-16,0.011235319819207324,2.1296804209835958e-09
2,1e-16,0.011235319819207324,2.1296804209835958e-09
3,1e-16,0.011235319819207324,2.1296804209835958e-09
4,1e-16,0.011235319819207324,2.1296804209835958e-09
5,1e-16,0.011235319819207324,2.1296804209835958e-09
