,beta,tau,theta
0,2.6383960164554496,0.09596148633987787,0.4746889397546634
1,2.6383960164554496,0.09596148633987787,0.4746889397546634
2,2.6383960164554496,0.09596148633987787,0.4746889397546634
3,2.6383960164554496,0.09596148633987787,0.4746889397546634
4,2.6383960164554496,0.09596148633987787,0.4746889397546634
5,2.6383960164554496,0.09596148633987787,0.4746889397546634
