,beta,tau,theta
0,1.0601016182783152,0.00017221726095483232,3.7044078565022485
1,1.0601016182783152,0.00017221726095483232,3.7044078565022485
2,1.0601016182783152,0.00017221726095483232,3.7044078565022485
3,1.0601016182783152,0.00017221726095483232,3.7044078565022485
4,1.0601016182783152,0.00017221726095483232,3.7044078565022485
5,1.0601016182783152,0.00017221726095483232,3.7044078565022485
