,beta,tau,theta
0,0.015521916541230796,0.09148183758033344,8.993102994522494e-08
1,0.015521916541230796,0.09148183758033344,8.993102994522494e-08
2,0.015521916541230796,0.09148183758033344,8.993102994522494e-08
3,0.015521916541230796,0.09148183758033344,8.993102994522494e-08
4,0.015521916541230796,0.09148183758033344,8.993102994522494e-08
5,0.015521916541230796,0.09148183758033344,8.993102994522494e-08
