,beta,tau,theta
0,7.930718194448558,0.14904734456068613,1.3733743829780058
1,7.930718194448558,0.14904734456068613,1.3733743829780058
2,7.930718194448558,0.14904734456068613,1.3733743829780058
3,7.930718194448558,0.14904734456068613,1.3733743829780058
4,7.930718194448558,0.14904734456068613,1.3733743829780058
5,7.930718194448558,0.14904734456068613,1.3733743829780058
