,beta,tau,theta
0,2.6123639905477862,0.028303084288169956,0.7756775923688914
1,2.6123639905477862,0.028303084288169956,0.7756775923688914
2,2.6123639905477862,0.028303084288169956,0.7756775923688914
3,2.6123639905477862,0.028303084288169956,0.7756775923688914
4,2.6123639905477862,0.028303084288169956,0.7756775923688914
5,2.6123639905477862,0.028303084288169956,0.7756775923688914
