,beta,tau,theta
0,0.03265189938495959,0.00010807764983477028,6.456950499326966
1,0.03265189938495959,0.00010807764983477028,6.456950499326966
2,0.03265189938495959,0.00010807764983477028,6.456950499326966
3,0.03265189938495959,0.00010807764983477028,6.456950499326966
4,0.03265189938495959,0.00010807764983477028,6.456950499326966
5,0.03265189938495959,0.00010807764983477028,6.456950499326966
