,beta,tau,theta
0,0.07118738667128542,0.03327469746623578,1.2985256303634776e-08
1,0.07118738667128542,0.03327469746623578,1.2985256303634776e-08
2,0.07118738667128542,0.03327469746623578,1.2985256303634776e-08
3,0.07118738667128542,0.03327469746623578,1.2985256303634776e-08
4,0.07118738667128542,0.03327469746623578,1.2985256303634776e-08
5,0.07118738667128542,0.03327469746623578,1.2985256303634776e-08
