,beta,tau,theta
0,7.844592761733633,0.18686553290593833,0.383007305918568
1,7.844592761733633,0.18686553290593833,0.383007305918568
2,7.844592761733633,0.18686553290593833,0.383007305918568
3,7.844592761733633,0.18686553290593833,0.383007305918568
4,7.844592761733633,0.18686553290593833,0.383007305918568
5,7.844592761733633,0.18686553290593833,0.383007305918568
