,beta,tau,theta
0,3.881319862930935,0.02712030927591712,4.082332320470638
1,3.881319862930935,0.02712030927591712,4.082332320470638
2,3.881319862930935,0.02712030927591712,4.082332320470638
3,3.881319862930935,0.02712030927591712,4.082332320470638
4,3.881319862930935,0.02712030927591712,4.082332320470638
5,3.881319862930935,0.02712030927591712,4.082332320470638
