,beta,tau,theta
0,0.09210400866438716,0.004461808084032059,2.9430176414803713
1,0.09210400866438716,0.004461808084032059,2.9430176414803713
2,0.09210400866438716,0.004461808084032059,2.9430176414803713
3,0.09210400866438716,0.004461808084032059,2.9430176414803713
4,0.09210400866438716,0.004461808084032059,2.9430176414803713
5,0.09210400866438716,0.004461808084032059,2.9430176414803713
