,beta,tau,theta
0,2.3831779604813375,0.08745132488147632,2.3512075192838604
1,2.3831779604813375,0.08745132488147632,2.3512075192838604
2,2.3831779604813375,0.08745132488147632,2.3512075192838604
3,2.3831779604813375,0.08745132488147632,2.3512075192838604
4,2.3831779604813375,0.08745132488147632,2.3512075192838604
5,2.3831779604813375,0.08745132488147632,2.3512075192838604
