,beta,tau,theta
0,3.9464285347514663,0.2497884122619527,1.462632647028594
1,3.9464285347514663,0.2497884122619527,1.462632647028594
2,3.9464285347514663,0.2497884122619527,1.462632647028594
3,3.9464285347514663,0.2497884122619527,1.462632647028594
4,3.9464285347514663,0.2497884122619527,1.462632647028594
5,3.9464285347514663,0.2497884122619527,1.462632647028594
