,beta,tau,theta
0,8.401157409014345,0.867795165956934,0.0532672450951389
1,8.401157409014345,0.867795165956934,0.0532672450951389
2,8.401157409014345,0.867795165956934,0.0532672450951389
3,8.401157409014345,0.867795165956934,0.0532672450951389
4,8.401157409014345,0.867795165956934,0.0532672450951389
5,8.401157409014345,0.867795165956934,0.0532672450951389
