,beta,tau,theta
0,3.6188284431765014,0.041354972432035106,1.8096760524866866
1,3.6188284431765014,0.041354972432035106,1.8096760524866866
2,3.6188284431765014,0.041354972432035106,1.8096760524866866
3,3.6188284431765014,0.041354972432035106,1.8096760524866866
4,3.6188284431765014,0.041354972432035106,1.8096760524866866
5,3.6188284431765014,0.041354972432035106,1.8096760524866866
