,beta,tau,theta
0,6.892925874098687,0.08892510626783377,1.1873608411855359
1,6.892925874098687,0.08892510626783377,1.1873608411855359
2,6.892925874098687,0.08892510626783377,1.1873608411855359
3,6.892925874098687,0.08892510626783377,1.1873608411855359
4,6.892925874098687,0.08892510626783377,1.1873608411855359
5,6.892925874098687,0.08892510626783377,1.1873608411855359
