,beta,tau,theta
0,2.6521856879798182,0.1850551527563128,2.254165728216715
1,2.6521856879798182,0.1850551527563128,2.254165728216715
2,2.6521856879798182,0.1850551527563128,2.254165728216715
3,2.6521856879798182,0.1850551527563128,2.254165728216715
4,2.6521856879798182,0.1850551527563128,2.254165728216715
5,2.6521856879798182,0.1850551527563128,2.254165728216715
