,beta,tau,theta
0,6.761338147750939e-15,0.09593015290107541,2.2927360873068388
1,6.761338147750939e-15,0.09593015290107541,2.2927360873068388
2,6.761338147750939e-15,0.09593015290107541,2.2927360873068388
3,6.761338147750939e-15,0.09593015290107541,2.2927360873068388
4,6.761338147750939e-15,0.09593015290107541,2.2927360873068388
5,6.761338147750939e-15,0.09593015290107541,2.2927360873068388
