,beta,tau,theta
0,4.163624313845586,0.3593981823842969,1.3810255176338488
1,4.163624313845586,0.3593981823842969,1.3810255176338488
2,4.163624313845586,0.3593981823842969,1.3810255176338488
3,4.163624313845586,0.3593981823842969,1.3810255176338488
4,4.163624313845586,0.3593981823842969,1.3810255176338488
5,4.163624313845586,0.3593981823842969,1.3810255176338488
