,beta,tau,theta
0,3.273733896823333,0.08339991772153953,0.9099546213764593
1,3.273733896823333,0.08339991772153953,0.9099546213764593
2,3.273733896823333,0.08339991772153953,0.9099546213764593
3,3.273733896823333,0.08339991772153953,0.9099546213764593
4,3.273733896823333,0.08339991772153953,0.9099546213764593
5,3.273733896823333,0.08339991772153953,0.9099546213764593
