,beta,tau,theta
0,3.156805844370595,0.16829383932197417,1.545690262873638
1,3.156805844370595,0.16829383932197417,1.545690262873638
2,3.156805844370595,0.16829383932197417,1.545690262873638
3,3.156805844370595,0.16829383932197417,1.545690262873638
4,3.156805844370595,0.16829383932197417,1.545690262873638
5,3.156805844370595,0.16829383932197417,1.545690262873638
