,beta,tau,theta
0,1e-16,0.16777525486889,8.351329635835353e-11
1,1e-16,0.16777525486889,8.351329635835353e-11
2,1e-16,0.16777525486889,8.351329635835353e-11
3,1e-16,0.16777525486889,8.351329635835353e-11
4,1e-16,0.16777525486889,8.351329635835353e-11
5,1e-16,0.16777525486889,8.351329635835353e-11
