,beta,tau,theta
0,1.062796685705707,0.001999067201816185,3.11088702337875
1,1.062796685705707,0.001999067201816185,3.11088702337875
2,1.062796685705707,0.001999067201816185,3.11088702337875
3,1.062796685705707,0.001999067201816185,3.11088702337875
4,1.062796685705707,0.001999067201816185,3.11088702337875
5,1.062796685705707,0.001999067201816185,3.11088702337875
