,trials,x,zs,z_scaled,kernel,globalmax,t,id,environment
0,0,29,0.45657611556742933,33,16,72,1,11,smooth
1,1,28,0.6172454785436683,44,16,72,1,11,smooth
2,2,27,0.4712926764320833,33,16,72,1,11,smooth
3,3,30,0.0,0,16,72,1,11,smooth
4,4,26,0.44576463365994684,31,16,72,1,11,smooth
5,5,25,0.7349329286411572,52,16,72,1,11,smooth
