,trials,x,zs,z_scaled,kernel,globalmax,t,id,environment
0,0,22,0.2732086841680783,18,9,63,1,17,smooth
1,1,23,0.012717580115218941,1,9,63,1,17,smooth
2,2,21,0.6383660304939222,40,9,63,1,17,smooth
3,3,24,0.0076126256164341065,1,9,63,1,17,smooth
4,4,21,0.6383660304939222,41,9,63,1,17,smooth
5,5,22,0.2732086841680783,17,9,63,1,17,smooth
