,trials,x,zs,z_scaled,kernel,globalmax,t,id,environment
0,0,24,0.5786383378249931,41,30,71,0,73,rough
1,1,23,0.12617320681130725,10,30,71,0,73,rough
2,2,25,1.0,72,30,71,0,73,rough
3,3,26,0.5120680434009408,37,30,71,0,73,rough
4,4,25,1.0,72,30,71,0,73,rough
5,5,27,0.22674491064330812,17,30,71,0,73,rough
6,6,25,1.0,71,30,71,0,73,rough
7,7,24,0.5786383378249931,41,30,71,0,73,rough
8,8,25,1.0,72,30,71,0,73,rough
9,9,26,0.5120680434009408,36,30,71,0,73,rough
10,10,25,1.0,71,30,71,0,73,rough
