,trials,x,zs,z_scaled,kernel,globalmax,t,id,environment
0,0,30,0.3069719129247653,23,3,76,0.6,51,smooth
1,1,29,0.30602578914275785,22,3,76,0.6,51,smooth
2,2,28,0.2583755096368173,20,3,76,0.6,51,smooth
3,3,27,0.2527205247281528,19,3,76,0.6,51,smooth
4,4,26,0.24889260023549223,20,3,76,0.6,51,smooth
5,5,25,0.1525756686839944,12,3,76,0.6,51,smooth
