,trials,x,zs,z_scaled,kernel,globalmax,t,id,environment
0,0,7,0.48384174542009034,32,3,66,0,45,smooth
1,1,8,0.5410218126304285,36,3,66,0,45,smooth
2,2,9,0.5168658078739135,33,3,66,0,45,smooth
3,3,10,0.5097057900190732,35,3,66,0,45,smooth
4,4,11,0.5874241834067454,36,3,66,0,45,smooth
5,5,12,0.7802146150546256,52,3,66,0,45,smooth
