,trials,x,zs,z_scaled,kernel,globalmax,t,id,environment
0,0,11,0.47319923025823396,34,1,70,0,11,smooth
1,1,12,0.5593527656315179,39,1,70,0,11,smooth
2,2,13,0.6640993771064414,46,1,70,0,11,smooth
3,3,14,0.6179389898791616,43,1,70,0,11,smooth
4,4,15,0.5379350048139953,39,1,70,0,11,smooth
5,5,16,0.5974174062530081,42,1,70,0,11,smooth
