,trials,x,zs,z_scaled,kernel,globalmax,t,id,environment
0,0,24,0.20525094446428693,16,19,79,0.4,67,smooth
1,1,25,0.33415596295319766,27,19,79,0.4,67,smooth
2,2,26,0.4725878053535909,40,19,79,0.4,67,smooth
3,3,27,0.5185372681163484,41,19,79,0.4,67,smooth
4,4,28,0.37128541767129236,29,19,79,0.4,67,smooth
5,5,26,0.4725878053535909,36,19,79,0.4,67,smooth
