,trials,x,zs,z_scaled,kernel,globalmax,t,id,environment
0,0,23,0.47390428036316756,32,0,67,0.6,32,smooth
1,1,24,0.6337679668456351,42,0,67,0.6,32,smooth
2,2,25,0.6195673901029147,40,0,67,0.6,32,smooth
3,3,26,0.5269544974715014,36,0,67,0.6,32,smooth
4,4,22,0.2572986281251589,17,0,67,0.6,32,smooth
5,5,21,0.10078672838569698,6,0,67,0.6,32,smooth
