,trials,x,zs,z_scaled,kernel,globalmax,t,id,environment
0,0,24,0.5953514037778586,42,15,68,0.4,50,smooth
1,1,23,0.7924694395892842,53,15,68,0.4,50,smooth
2,2,22,0.929753563824119,63,15,68,0.4,50,smooth
3,3,25,0.42846776730019726,29,15,68,0.4,50,smooth
4,4,26,0.3431290248158007,26,15,68,0.4,50,smooth
5,5,21,0.9693273453441724,66,15,68,0.4,50,smooth
