,trials,x,zs,z_scaled,kernel,globalmax,t,id,environment
0,0,20,0.9572269343427956,72,35,76,0,57,smooth
1,1,19,0.8566402350113845,67,35,76,0,57,smooth
2,2,21,1.0,75,35,76,0,57,smooth
3,3,22,0.905066361769084,69,35,76,0,57,smooth
4,4,23,0.7514320756981244,57,35,76,0,57,smooth
5,5,21,1.0,76,35,76,0,57,smooth
