,trials,x,zs,z_scaled,kernel,globalmax,t,id,environment
0,0,8,0.6102448899069348,43,32,73,0.4,56,smooth
1,1,7,0.6609133991634292,48,32,73,0.4,56,smooth
2,2,6,0.6594606996919687,48,32,73,0.4,56,smooth
3,3,9,0.7181598100770484,51,32,73,0.4,56,smooth
4,4,10,0.8265216734120533,61,32,73,0.4,56,smooth
5,5,11,0.6338869968157095,48,32,73,0.4,56,smooth
