,trials,x,zs,z_scaled,kernel,globalmax,t,id,environment
0,0,14,0.023140086352258102,2,30,64,0.6,56,smooth
1,1,15,0.0,0,30,64,0.6,56,smooth
2,2,13,0.18457955554644992,12,30,64,0.6,56,smooth
3,3,12,0.4234080418451264,28,30,64,0.6,56,smooth
4,4,11,0.6159634521295274,40,30,64,0.6,56,smooth
5,5,10,0.6520197863490393,42,30,64,0.6,56,smooth
