,trials,x,zs,z_scaled,kernel,globalmax,t,id,environment
0,0,6,0.38831563190634455,25,6,65,0.6,62,smooth
1,1,7,0.21264320055056687,15,6,65,0.6,62,smooth
2,2,5,0.46653471435577637,31,6,65,0.6,62,smooth
3,3,4,0.3450370851743958,22,6,65,0.6,62,smooth
4,4,5,0.46653471435577637,30,6,65,0.6,62,smooth
5,5,4,0.3450370851743958,23,6,65,0.6,62,smooth
