,trials,x,zs,z_scaled,kernel,globalmax,t,id,environment
0,0,23,0.379418039981813,25,5,66,0.2,63,smooth
1,1,24,0.47480941520591113,31,5,66,0.2,63,smooth
2,2,25,0.5259082417487578,33,5,66,0.2,63,smooth
3,3,26,0.5015125764208248,33,5,66,0.2,63,smooth
4,4,27,0.47634595483277714,30,5,66,0.2,63,smooth
5,5,28,0.4878317157597517,32,5,66,0.2,63,smooth
