,trials,x,zs,z_scaled,kernel,globalmax,t,id,environment
0,0,13,0.7489054898283981,58,6,76,0.4,44,smooth
1,1,14,0.9552314851015172,73,6,76,0.4,44,smooth
2,2,15,1.0,77,6,76,0.4,44,smooth
3,3,16,0.8666690724497781,66,6,76,0.4,44,smooth
4,4,17,0.6092135904892688,46,6,76,0.4,44,smooth
5,5,15,1.0,76,6,76,0.4,44,smooth
