,trials,x,zs,z_scaled,kernel,globalmax,t,id,environment
0,0,8,0.5410218126304285,42,3,77,0.4,16,smooth
1,1,9,0.5168658078739135,40,3,77,0.4,16,smooth
2,2,10,0.5097057900190732,40,3,77,0.4,16,smooth
3,3,7,0.48384174542009034,37,3,77,0.4,16,smooth
4,4,6,0.32556600060832996,23,3,77,0.4,16,smooth
5,5,9,0.5168658078739135,40,3,77,0.4,16,smooth
