,trials,x,zs,z_scaled,kernel,globalmax,t,id,environment
0,0,9,0.5321925734850401,38,35,71,0,74,smooth
1,1,10,0.3812546501001692,26,35,71,0,74,smooth
2,2,8,0.5590460607831814,40,35,71,0,74,smooth
3,3,7,0.5469343536002171,41,35,71,0,74,smooth
4,4,6,0.4800337146997511,34,35,71,0,74,smooth
5,5,5,0.33313133632137926,25,35,71,0,74,smooth
