,trials,x,zs,z_scaled,kernel,globalmax,t,id,environment
0,0,8,0.18557101699505146,12,9,75,0.2,54,smooth
1,1,9,0.09196763479439576,8,9,75,0.2,54,smooth
2,2,10,0.06402450560681668,3,9,75,0.2,54,smooth
3,3,7,0.15924531362378816,12,9,75,0.2,54,smooth
4,4,8,0.18557101699505146,13,9,75,0.2,54,smooth
5,5,7,0.15924531362378816,11,9,75,0.2,54,smooth
