,trials,x,zs,z_scaled,kernel,globalmax,t,id,environment
0,0,26,0.7309698607667118,46,14,61,0.6,54,smooth
1,1,25,0.7765821132888406,46,14,61,0.6,54,smooth
2,2,24,0.6482627421709266,41,14,61,0.6,54,smooth
3,3,27,0.521906061185611,30,14,61,0.6,54,smooth
4,4,28,0.28977759360800825,16,14,61,0.6,54,smooth
5,5,23,0.47992905353857834,32,14,61,0.6,54,smooth
