,trials,x,zs,z_scaled,kernel,globalmax,t,id,environment
0,0,11,0.4973679656428531,32,15,63,0.2,15,smooth
1,1,12,0.5613939290561613,35,15,63,0.2,15,smooth
2,2,13,0.6078728459378355,40,15,63,0.2,15,smooth
3,3,14,0.5597956408081649,35,15,63,0.2,15,smooth
4,4,13,0.6078728459378355,37,15,63,0.2,15,smooth
5,5,12,0.5613939290561613,35,15,63,0.2,15,smooth
