,trials,x,zs,z_scaled,kernel,globalmax,t,id,environment
0,0,24,0.30966363298922495,18,26,60,0.2,76,smooth
1,1,25,0.1251272720774748,6,26,60,0.2,76,smooth
2,2,23,0.49645979579734617,28,26,60,0.2,76,smooth
3,3,22,0.6207727266239378,39,26,60,0.2,76,smooth
4,4,21,0.7153570715603615,44,26,60,0.2,76,smooth
5,5,20,0.8696621929072221,51,26,60,0.2,76,smooth
