,trials,x,zs,z_scaled,kernel,globalmax,t,id,environment
0,0,19,0.3825851950026677,23,30,66,0.4,37,smooth
1,1,20,0.3790120233346004,25,30,66,0.4,37,smooth
2,2,21,0.2578088551559046,17,30,66,0.4,37,smooth
3,3,22,0.10469565873394632,7,30,66,0.4,37,smooth
4,4,19,0.3825851950026677,23,30,66,0.4,37,smooth
5,5,20,0.3790120233346004,25,30,66,0.4,37,smooth
