,trials,x,zs,z_scaled,kernel,globalmax,t,id,environment
0,0,11,0.4970772499780818,38,20,78,0,13,smooth
1,1,12,0.43364113723498204,34,20,78,0,13,smooth
2,2,13,0.3473188344611166,26,20,78,0,13,smooth
3,3,10,0.4960656156447567,38,20,78,0,13,smooth
4,4,9,0.34028702833383423,27,20,78,0,13,smooth
5,5,11,0.4970772499780818,39,20,78,0,13,smooth
