,trials,x,zs,z_scaled,kernel,globalmax,t,id,environment
0,0,17,0.7507924219434277,51,37,67,0,63,smooth
1,1,18,0.8498080023590387,55,37,67,0,63,smooth
2,2,19,0.880232792052808,61,37,67,0,63,smooth
3,3,20,0.8214056243670559,55,37,67,0,63,smooth
4,4,16,0.7001322132217902,47,37,67,0,63,smooth
5,5,15,0.6869090823390623,45,37,67,0,63,smooth
