,trials,x,zs,z_scaled,kernel,globalmax,t,id,environment
0,0,28,0.36844793501629275,28,2,76,0.4,63,smooth
1,1,27,0.26694977333335435,21,2,76,0.4,63,smooth
2,2,29,0.3652693076202102,27,2,76,0.4,63,smooth
3,3,30,0.21474851627711783,18,2,76,0.4,63,smooth
4,4,26,0.16043309882015616,12,2,76,0.4,63,smooth
5,5,25,0.14290804909148216,11,2,76,0.4,63,smooth
