,trials,x,zs,z_scaled,kernel,globalmax,t,id,environment
0,0,22,0.9697514918359245,60,28,63,0.2,46,smooth
1,1,21,0.8752457579839693,54,28,63,0.2,46,smooth
2,2,23,0.9969847850826676,63,28,63,0.2,46,smooth
3,3,24,0.9036083065565749,56,28,63,0.2,46,smooth
4,4,25,0.721946768236787,45,28,63,0.2,46,smooth
5,5,23,0.9969847850826676,62,28,63,0.2,46,smooth
