,trials,x,zs,z_scaled,kernel,globalmax,t,id,environment
0,0,4,0.6529726764830828,49,38,73,0.6,20,smooth
1,1,5,0.8911320550663498,65,38,73,0.6,20,smooth
2,2,6,0.9355553318168225,68,38,73,0.6,20,smooth
3,3,7,0.8364356911100591,60,38,73,0.6,20,smooth
4,4,8,0.6766027793083057,50,38,73,0.6,20,smooth
5,5,5,0.8911320550663498,66,38,73,0.6,20,smooth
