,trials,x,zs,z_scaled,kernel,globalmax,t,id,environment
0,0,7,0.48384174542009034,35,3,70,0.2,9,smooth
1,1,8,0.5410218126304285,39,3,70,0.2,9,smooth
2,2,9,0.5168658078739135,34,3,70,0.2,9,smooth
3,3,8,0.5410218126304285,38,3,70,0.2,9,smooth
4,4,7,0.48384174542009034,35,3,70,0.2,9,smooth
5,5,8,0.5410218126304285,38,3,70,0.2,9,smooth
