,trials,x,zs,z_scaled,kernel,globalmax,t,id,environment
0,0,4,0.29930784942058625,19,7,70,0.2,49,smooth
1,1,5,0.3167871205620157,21,7,70,0.2,49,smooth
2,2,6,0.6031464100826509,42,7,70,0.2,49,smooth
3,3,7,0.89584749678419,63,7,70,0.2,49,smooth
4,4,8,1.0,71,7,70,0.2,49,smooth
5,5,9,0.9333634977012586,64,7,70,0.2,49,smooth
