,trials,x,zs,z_scaled,kernel,globalmax,t,id,environment
0,0,14,0.6128683763517736,42,8,67,0.2,65,smooth
1,1,15,0.5329920352532485,36,8,67,0.2,65,smooth
2,2,16,0.5057996862989593,33,8,67,0.2,65,smooth
3,3,13,0.7474229379171358,49,8,67,0.2,65,smooth
4,4,12,0.8572766181145713,59,8,67,0.2,65,smooth
5,5,11,0.9503491713282913,65,8,67,0.2,65,smooth
