,trials,x,zs,z_scaled,kernel,globalmax,t,id,environment
0,0,10,0.0,1,5,80,0,64,smooth
1,1,11,0.10694197164535878,9,5,80,0,64,smooth
2,2,12,0.4046225766933707,33,5,80,0,64,smooth
3,3,13,0.6713885047383006,55,5,80,0,64,smooth
4,4,14,0.8066510885903005,64,5,80,0,64,smooth
5,5,15,0.9278332348267991,76,5,80,0,64,smooth
