,trials,x,zs,z_scaled,kernel,globalmax,t,id,environment
0,0,2,1.0,59,25,60,0,50,smooth
1,1,3,0.9844831387036941,62,25,60,0,50,smooth
2,2,4,0.8491174725953746,51,25,60,0,50,smooth
3,3,5,0.7077293106417366,43,25,60,0,50,smooth
4,4,3,0.9844831387036941,61,25,60,0,50,smooth
5,5,2,1.0,60,25,60,0,50,smooth
