,trials,x,zs,z_scaled,kernel,globalmax,t,id,environment
0,0,4,0.7423121200371933,50,13,68,0.2,21,smooth
1,1,5,0.7698180191763099,52,13,68,0.2,21,smooth
2,2,6,0.7096713557940727,49,13,68,0.2,21,smooth
3,3,7,0.5016158581177712,33,13,68,0.2,21,smooth
4,4,5,0.7698180191763099,51,13,68,0.2,21,smooth
5,5,4,0.7423121200371933,50,13,68,0.2,21,smooth
