,trials,x,zs,z_scaled,kernel,globalmax,t,id,environment
0,0,23,0.18354177247738074,13,6,74,0.2,23,smooth
1,1,24,0.39344333388567326,30,6,74,0.2,23,smooth
2,2,25,0.576512180845716,41,6,74,0.2,23,smooth
3,3,26,0.5788666370012401,43,6,74,0.2,23,smooth
4,4,27,0.43739252288420477,32,6,74,0.2,23,smooth
5,5,25,0.576512180845716,42,6,74,0.2,23,smooth
