,trials,x,zs,z_scaled,kernel,globalmax,t,id,environment
0,0,17,0.30092878613474844,23,18,69,0.2,48,smooth
1,1,18,0.12554275909305168,9,18,69,0.2,48,smooth
2,2,19,0.008854416057688823,2,18,69,0.2,48,smooth
3,3,16,0.4278770556484276,30,18,69,0.2,48,smooth
4,4,15,0.4830224838102971,33,18,69,0.2,48,smooth
5,5,14,0.5029285599157197,34,18,69,0.2,48,smooth
