,trials,x,zs,z_scaled,kernel,globalmax,t,id,environment
0,0,2,0.6835327548203922,48,1,67,0.4,30,smooth
1,1,3,0.797016522931386,55,1,67,0.4,30,smooth
2,2,4,0.7473676303566975,51,1,67,0.4,30,smooth
3,3,5,0.690853669953691,49,1,67,0.4,30,smooth
4,4,6,0.7447326080639622,49,1,67,0.4,30,smooth
5,5,5,0.690853669953691,44,1,67,0.4,30,smooth
