,trials,x,zs,z_scaled,kernel,globalmax,t,id,environment
0,0,27,0.25280383828378855,14,15,61,0.2,47,smooth
1,1,28,0.09332101497317599,6,15,61,0.2,47,smooth
2,2,26,0.3431290248158007,21,15,61,0.2,47,smooth
3,3,25,0.42846776730019726,26,15,61,0.2,47,smooth
4,4,24,0.5953514037778586,36,15,61,0.2,47,smooth
5,5,23,0.7924694395892842,48,15,61,0.2,47,smooth
