,trials,x,zs,z_scaled,kernel,globalmax,t,id,environment
0,0,2,0.8093992717871322,56,20,69,0.4,60,smooth
1,1,3,0.6653064293921147,48,20,69,0.4,60,smooth
2,2,4,0.5029622192676447,36,20,69,0.4,60,smooth
3,3,1,0.8369219014951959,56,20,69,0.4,60,smooth
4,4,2,0.8093992717871322,57,20,69,0.4,60,smooth
5,5,1,0.8369219014951959,59,20,69,0.4,60,smooth
