,trials,x,zs,z_scaled,kernel,globalmax,t,id,environment
0,0,23,0.49645979579734617,30,26,63,0.4,72,smooth
1,1,24,0.30966363298922495,20,26,63,0.4,72,smooth
2,2,22,0.6207727266239378,38,26,63,0.4,72,smooth
3,3,21,0.7153570715603615,45,26,63,0.4,72,smooth
4,4,20,0.8696621929072221,55,26,63,0.4,72,smooth
5,5,19,1.0,64,26,63,0.4,72,smooth
