,trials,x,zs,z_scaled,kernel,globalmax,t,id,environment
0,0,3,0.5413738171534932,34,36,63,0.4,36,smooth
1,1,4,0.536311309188087,34,36,63,0.4,36,smooth
2,2,5,0.4943523444200267,31,36,63,0.4,36,smooth
3,3,6,0.34761961630896226,21,36,63,0.4,36,smooth
4,4,7,0.24962429237364994,15,36,63,0.4,36,smooth
5,5,3,0.5413738171534932,36,36,63,0.4,36,smooth
