,trials,x,zs,z_scaled,kernel,globalmax,t,id,environment
0,0,30,0.0,2,16,66,0.2,6,smooth
1,1,29,0.45657611556742933,29,16,66,0.2,6,smooth
2,2,28,0.6172454785436683,40,16,66,0.2,6,smooth
3,3,27,0.4712926764320833,29,16,66,0.2,6,smooth
4,4,26,0.44576463365994684,29,16,66,0.2,6,smooth
5,5,25,0.7349329286411572,50,16,66,0.2,6,smooth
