,trials,x,zs,z_scaled,kernel,globalmax,t,id,environment
0,0,9,0.0077731929093036636,0,23,63,0.4,54,smooth
1,1,8,0.16970989474439013,9,23,63,0.4,54,smooth
2,2,7,0.35216448023697766,22,23,63,0.4,54,smooth
3,3,6,0.425072974889556,25,23,63,0.4,54,smooth
4,4,5,0.410173173550744,26,23,63,0.4,54,smooth
5,5,4,0.37923481770462875,23,23,63,0.4,54,smooth
