,trials,x,zs,z_scaled,kernel,globalmax,t,id,environment
0,0,26,0.16043309882015616,11,2,76,0.4,6,smooth
1,1,25,0.14290804909148216,12,2,76,0.4,6,smooth
2,2,24,0.2643643571453962,20,2,76,0.4,6,smooth
3,3,23,0.44586253459688163,34,2,76,0.4,6,smooth
4,4,22,0.4881188972560852,38,2,76,0.4,6,smooth
5,5,21,0.2908290382535925,20,2,76,0.4,6,smooth
