,trials,x,zs,z_scaled,kernel,globalmax,t,id,environment
0,0,22,0.6219448101366961,40,8,63,0.4,14,smooth
1,1,21,0.6113177045644982,38,8,63,0.4,14,smooth
2,2,23,0.5363882378941637,34,8,63,0.4,14,smooth
3,3,24,0.46082761093202373,28,8,63,0.4,14,smooth
4,4,25,0.4755274241819322,33,8,63,0.4,14,smooth
5,5,26,0.45129388028538137,29,8,63,0.4,14,smooth
