,trials,x,zs,z_scaled,kernel,globalmax,t,id,environment
0,0,8,0.6766027793083057,52,38,78,0.2,78,smooth
1,1,7,0.8364356911100591,66,38,78,0.2,78,smooth
2,2,9,0.4749281783754378,37,38,78,0.2,78,smooth
3,3,7,0.8364356911100591,65,38,78,0.2,78,smooth
4,4,6,0.9355553318168225,73,38,78,0.2,78,smooth
5,5,5,0.8911320550663498,68,38,78,0.2,78,smooth
