,trials,x,zs,z_scaled,kernel,globalmax,t,id,environment
0,0,18,0.6511280457304155,52,20,79,0.8,3,smooth
1,1,19,0.8657050895916107,68,20,79,0.8,3,smooth
2,2,20,1.0,78,20,79,0.8,3,smooth
3,3,21,0.9992988013845073,78,20,79,0.8,3,smooth
4,4,22,0.9048837591118988,73,20,79,0.8,3,smooth
5,5,23,0.7747025507107569,61,20,79,0.8,3,smooth
