,trials,x,zs,z_scaled,kernel,globalmax,t,id,environment
0,0,6,0.5054816669017494,36,26,74,0.2,12,smooth
1,1,7,0.7506084765638589,57,26,74,0.2,12,smooth
2,2,8,0.9557327198254492,71,26,74,0.2,12,smooth
3,3,9,0.9142781590145536,69,26,74,0.2,12,smooth
4,4,10,0.6654476365366124,50,26,74,0.2,12,smooth
5,5,8,0.9557327198254492,72,26,74,0.2,12,smooth
