,trials,x,zs,z_scaled,kernel,globalmax,t,id,environment
0,0,7,0.8408828687948382,55,1,64,0.6,68,smooth
1,1,6,0.7447326080639622,48,1,64,0.6,68,smooth
2,2,8,0.8647855421676476,56,1,64,0.6,68,smooth
3,3,9,0.753775944528811,49,1,64,0.6,68,smooth
4,4,10,0.567025536185107,38,1,64,0.6,68,smooth
5,5,8,0.8647855421676476,55,1,64,0.6,68,smooth
