,trials,x,zs,z_scaled,kernel,globalmax,t,id,environment
0,0,25,0.7765821132888406,56,14,72,0.8,17,smooth
1,1,24,0.6482627421709266,47,14,72,0.8,17,smooth
2,2,23,0.47992905353857834,35,14,72,0.8,17,smooth
3,3,26,0.7309698607667118,52,14,72,0.8,17,smooth
4,4,27,0.521906061185611,38,14,72,0.8,17,smooth
5,5,28,0.28977759360800825,20,14,72,0.8,17,smooth
