,trials,x,zs,z_scaled,kernel,globalmax,t,id,environment
0,0,18,0.7228656222634141,48,28,65,0.2,50,smooth
1,1,17,0.8033253460059827,53,28,65,0.2,50,smooth
2,2,16,0.9182645990201425,60,28,65,0.2,50,smooth
3,3,19,0.7117726773538587,47,28,65,0.2,50,smooth
4,4,20,0.7751903894645767,51,28,65,0.2,50,smooth
5,5,15,1.0,65,28,65,0.2,50,smooth
