,trials,x,zs,z_scaled,kernel,globalmax,t,id,environment
0,0,7,0.13120122468335393,10,31,62,0.2,55,smooth
1,1,8,0.23393417541026992,14,31,62,0.2,55,smooth
2,2,9,0.415513176035796,25,31,62,0.2,55,smooth
3,3,10,0.4535058333782137,28,31,62,0.2,55,smooth
4,4,11,0.2911993687447766,19,31,62,0.2,55,smooth
5,5,10,0.4535058333782137,29,31,62,0.2,55,smooth
