,trials,x,zs,z_scaled,kernel,globalmax,t,id,environment
0,0,25,0.4755274241819322,34,8,71,0.2,17,smooth
1,1,24,0.46082761093202373,33,8,71,0.2,17,smooth
2,2,23,0.5363882378941637,38,8,71,0.2,17,smooth
3,3,26,0.45129388028538137,31,8,71,0.2,17,smooth
4,4,27,0.3557980950065754,27,8,71,0.2,17,smooth
5,5,22,0.6219448101366961,47,8,71,0.2,17,smooth
