,trials,x,zs,z_scaled,kernel,globalmax,t,id,environment
0,0,19,0.154921375157552,13,19,76,0.4,32,smooth
1,1,18,0.3662763166612521,27,19,76,0.4,32,smooth
2,2,17,0.6997460548726052,54,19,76,0.4,32,smooth
3,3,16,0.8902845363488477,67,19,76,0.4,32,smooth
4,4,15,0.822687881059501,64,19,76,0.4,32,smooth
5,5,14,0.6574277842753801,48,19,76,0.4,32,smooth
