,trials,x,zs,z_scaled,kernel,globalmax,t,id,environment
0,0,19,0.35586560768141534,22,13,60,0,42,smooth
1,1,18,0.3858644272501738,23,13,60,0,42,smooth
2,2,17,0.45883748946459857,27,13,60,0,42,smooth
3,3,20,0.30936436431903186,20,13,60,0,42,smooth
4,4,17,0.45883748946459857,28,13,60,0,42,smooth
5,5,18,0.3858644272501738,21,13,60,0,42,smooth
