,trials,x,zs,z_scaled,kernel,globalmax,t,id,environment
0,0,6,0.3700040274140534,23,5,63,0,71,smooth
1,1,7,0.3926072362400882,25,5,63,0,71,smooth
2,2,8,0.2607077777486002,18,5,63,0,71,smooth
3,3,5,0.3142328048001862,21,5,63,0,71,smooth
4,4,4,0.4474638414615687,28,5,63,0,71,smooth
5,5,3,0.7325116047659238,46,5,63,0,71,smooth
