,trials,x,zs,z_scaled,kernel,globalmax,t,id,environment
0,0,27,0.3557980950065754,24,8,65,0,20,smooth
1,1,26,0.45129388028538137,30,8,65,0,20,smooth
2,2,25,0.4755274241819322,29,8,65,0,20,smooth
3,3,28,0.3051534556654526,21,8,65,0,20,smooth
4,4,29,0.29864282538004083,20,8,65,0,20,smooth
5,5,26,0.45129388028538137,30,8,65,0,20,smooth
