,trials,x,zs,z_scaled,kernel,globalmax,t,id,environment
0,0,24,0.46082761093202373,37,8,78,0,79,smooth
1,1,25,0.4755274241819322,37,8,78,0,79,smooth
2,2,26,0.45129388028538137,36,8,78,0,79,smooth
3,3,23,0.5363882378941637,41,8,78,0,79,smooth
4,4,22,0.6219448101366961,48,8,78,0,79,smooth
5,5,21,0.6113177045644982,48,8,78,0,79,smooth
