,trials,x,zs,z_scaled,kernel,globalmax,t,id,environment
0,0,10,0.1278161429087331,8,14,63,0.6,44,smooth
1,1,11,0.32970452368672754,20,14,63,0.6,44,smooth
2,2,12,0.6235806158000567,39,14,63,0.6,44,smooth
3,3,13,0.723793347479395,46,14,63,0.6,44,smooth
4,4,14,0.4777140856156505,30,14,63,0.6,44,smooth
5,5,15,0.17618121017705604,10,14,63,0.6,44,smooth
