,trials,x,zs,z_scaled,kernel,globalmax,t,id,environment
0,0,12,0.6038025896622993,41,24,70,0.4,70,smooth
1,1,13,0.4816591538810011,35,24,70,0.4,70,smooth
2,2,14,0.3368663801928065,24,24,70,0.4,70,smooth
3,3,11,0.751695372131809,53,24,70,0.4,70,smooth
4,4,10,0.922082235799452,65,24,70,0.4,70,smooth
5,5,9,1.0,69,24,70,0.4,70,smooth
