,trials,x,zs,z_scaled,kernel,globalmax,t,id,environment
0,0,28,0.6261286161189863,42,12,64,0.4,51,smooth
1,1,27,0.6438602092037434,43,12,64,0.4,51,smooth
2,2,26,0.45750925354642735,29,12,64,0.4,51,smooth
3,3,29,0.3304080254866764,21,12,64,0.4,51,smooth
4,4,30,0.0,0,12,64,0.4,51,smooth
5,5,27,0.6438602092037434,40,12,64,0.4,51,smooth
