,trials,x,zs,z_scaled,kernel,globalmax,t,id,environment
0,0,11,0.5258467914591911,35,17,67,0,70,smooth
1,1,12,0.49005121406469443,32,17,67,0,70,smooth
2,2,13,0.369881222689252,25,17,67,0,70,smooth
3,3,14,0.3558998516772202,23,17,67,0,70,smooth
4,4,15,0.48391786123825625,31,17,67,0,70,smooth
5,5,16,0.5682448741063837,39,17,67,0,70,smooth
