,trials,x,zs,z_scaled,kernel,globalmax,t,id,environment
0,0,18,0.3858644272501738,25,13,63,0.6,75,smooth
1,1,17,0.45883748946459857,29,13,63,0.6,75,smooth
2,2,16,0.5528919561768265,35,13,63,0.6,75,smooth
3,3,19,0.35586560768141534,22,13,63,0.6,75,smooth
4,4,20,0.30936436431903186,20,13,63,0.6,75,smooth
5,5,16,0.5528919561768265,34,13,63,0.6,75,smooth
