,trials,x,zs,z_scaled,kernel,globalmax,t,id,environment
0,0,5,0.0,1,9,64,0.6,16,smooth
1,1,6,0.057106853394800414,4,9,64,0.6,16,smooth
2,2,7,0.15924531362378816,8,9,64,0.6,16,smooth
3,3,8,0.18557101699505146,13,9,64,0.6,16,smooth
4,4,9,0.09196763479439576,8,9,64,0.6,16,smooth
5,5,8,0.18557101699505146,11,9,64,0.6,16,smooth
