,trials,x,zs,z_scaled,kernel,globalmax,t,id,environment
0,0,23,1.0,71,4,71,0.6,23,smooth
1,1,22,0.9578787818179191,68,4,71,0.6,23,smooth
2,2,24,0.9410162889103971,67,4,71,0.6,23,smooth
3,3,25,0.787569663734046,55,4,71,0.6,23,smooth
4,4,26,0.5926501115380347,42,4,71,0.6,23,smooth
5,5,21,0.8688362420758847,62,4,71,0.6,23,smooth
