,trials,x,zs,z_scaled,kernel,globalmax,t,id,environment
0,0,28,0.6130491126901965,42,7,68,0.2,31,smooth
1,1,27,0.7798297914266749,53,7,68,0.2,31,smooth
2,2,26,0.8930266146657662,61,7,68,0.2,31,smooth
3,3,25,0.726408910035048,50,7,68,0.2,31,smooth
4,4,27,0.7798297914266749,55,7,68,0.2,31,smooth
5,5,26,0.8930266146657662,63,7,68,0.2,31,smooth
