,trials,x,zs,z_scaled,kernel,globalmax,t,id,environment
0,0,8,0.2615081966665483,15,2,63,0.6,67,smooth
1,1,9,0.5550367811934613,34,2,63,0.6,67,smooth
2,2,10,0.5612393752927937,35,2,63,0.6,67,smooth
3,3,11,0.2990342341208278,19,2,63,0.6,67,smooth
4,4,10,0.5612393752927937,35,2,63,0.6,67,smooth
5,5,9,0.5550367811934613,34,2,63,0.6,67,smooth
