,trials,x,zs,z_scaled,kernel,globalmax,t,id,environment
0,0,27,0.35148744193391734,24,28,73,0.6,2,smooth
1,1,28,0.2499061862102741,18,28,73,0.6,2,smooth
2,2,29,0.2823654000245709,21,28,73,0.6,2,smooth
3,3,26,0.5233937054204656,40,28,73,0.6,2,smooth
4,4,25,0.721946768236787,53,28,73,0.6,2,smooth
5,5,24,0.9036083065565749,67,28,73,0.6,2,smooth
