,trials,x,zs,z_scaled,kernel,globalmax,t,id,environment
0,0,11,0.2713331821862329,16,18,61,0.4,26,smooth
1,1,12,0.38862910305436804,22,18,61,0.4,26,smooth
2,2,13,0.48218204866833086,30,18,61,0.4,26,smooth
3,3,14,0.5029285599157197,30,18,61,0.4,26,smooth
4,4,15,0.4830224838102971,29,18,61,0.4,26,smooth
5,5,16,0.4278770556484276,25,18,61,0.4,26,smooth
