,trials,x,zs,z_scaled,kernel,globalmax,t,id,environment
0,0,14,0.5029285599157197,34,18,68,1,25,smooth
1,1,15,0.4830224838102971,31,18,68,1,25,smooth
2,2,16,0.4278770556484276,29,18,68,1,25,smooth
3,3,13,0.48218204866833086,34,18,68,1,25,smooth
4,4,12,0.38862910305436804,28,18,68,1,25,smooth
5,5,14,0.5029285599157197,34,18,68,1,25,smooth
