,trials,x,zs,z_scaled,kernel,globalmax,t,id,environment
0,0,23,0.5846204173348586,45,29,77,0,22,smooth
1,1,24,0.5494860067851998,42,29,77,0,22,smooth
2,2,25,0.33865126250902267,26,29,77,0,22,smooth
3,3,22,0.5725780683089297,44,29,77,0,22,smooth
4,4,21,0.6613760024059651,49,29,77,0,22,smooth
5,5,20,0.8250639541917311,64,29,77,0,22,smooth
