,trials,x,zs,z_scaled,kernel,globalmax,t,id,environment
0,0,30,0.7275987883681513,58,21,77,0.8,14,smooth
1,1,29,0.7890135572604741,60,21,77,0.8,14,smooth
2,2,28,0.8708950633423159,67,21,77,0.8,14,smooth
3,3,27,0.9416487705496246,72,21,77,0.8,14,smooth
4,4,26,0.8996907608860631,71,21,77,0.8,14,smooth
5,5,25,0.7147058979849364,53,21,77,0.8,14,smooth
