,trials,x,zs,z_scaled,kernel,globalmax,t,id,environment
0,0,20,0.7681408314549177,62,5,78,0.2,43,smooth
1,1,19,0.8594161732966201,68,5,78,0.2,43,smooth
2,2,21,0.5202432902178524,42,5,78,0.2,43,smooth
3,3,18,0.8434482639098503,68,5,78,0.2,43,smooth
4,4,19,0.8594161732966201,66,5,78,0.2,43,smooth
5,5,20,0.7681408314549177,60,5,78,0.2,43,smooth
