,trials,x,zs,z_scaled,kernel,globalmax,t,id,environment
0,0,8,0.7897885654189625,47,15,62,0.6,33,smooth
1,1,7,0.9782609206084004,59,15,62,0.6,33,smooth
2,2,9,0.5891996171546341,38,15,62,0.6,33,smooth
3,3,7,0.9782609206084004,61,15,62,0.6,33,smooth
4,4,8,0.7897885654189625,49,15,62,0.6,33,smooth
5,5,7,0.9782609206084004,61,15,62,0.6,33,smooth
