,trials,x,zs,z_scaled,kernel,globalmax,t,id,environment
0,0,8,0.1438574850974171,10,28,69,0,39,smooth
1,1,9,0.0,0,28,69,0,39,smooth
2,2,7,0.32491027795947763,23,28,69,0,39,smooth
3,3,6,0.4733818245329534,32,28,69,0,39,smooth
4,4,5,0.6123986284948025,42,28,69,0,39,smooth
5,5,4,0.6480491653925223,43,28,69,0,39,smooth
