,trials,x,zs,z_scaled,kernel,globalmax,t,id,environment
0,0,4,0.6529726764830828,43,38,65,0,78,smooth
1,1,5,0.8911320550663498,58,38,65,0,78,smooth
2,2,6,0.9355553318168225,60,38,65,0,78,smooth
3,3,7,0.8364356911100591,56,38,65,0,78,smooth
4,4,8,0.6766027793083057,44,38,65,0,78,smooth
5,5,6,0.9355553318168225,61,38,65,0,78,smooth
