,trials,x,zs,z_scaled,kernel,globalmax,t,id,environment
0,0,20,0.8696621929072221,63,26,71,0.6,37,smooth
1,1,19,1.0,71,26,71,0.6,37,smooth
2,2,21,0.7153570715603615,51,26,71,0.6,37,smooth
3,3,22,0.6207727266239378,45,26,71,0.6,37,smooth
4,4,18,0.913144800128626,64,26,71,0.6,37,smooth
5,5,17,0.619580551738059,45,26,71,0.6,37,smooth
