,trials,x,zs,z_scaled,kernel,globalmax,t,id,environment
0,0,24,0.5953514037778586,48,15,80,0.6,49,smooth
1,1,25,0.42846776730019726,34,15,80,0.6,49,smooth
2,2,23,0.7924694395892842,65,15,80,0.6,49,smooth
3,3,22,0.929753563824119,74,15,80,0.6,49,smooth
4,4,21,0.9693273453441724,78,15,80,0.6,49,smooth
5,5,23,0.7924694395892842,63,15,80,0.6,49,smooth
