,trials,x,zs,z_scaled,kernel,globalmax,t,id,environment
0,0,22,0.0,1,33,71,0,12,smooth
1,1,23,0.1793276037820016,11,33,71,0,12,smooth
2,2,24,0.42939765783958866,31,33,71,0,12,smooth
3,3,25,0.5976012288064978,43,33,71,0,12,smooth
4,4,26,0.7222878057449496,50,33,71,0,12,smooth
5,5,25,0.5976012288064978,43,33,71,0,12,smooth
