,trials,x,zs,z_scaled,kernel,globalmax,t,id,environment
0,0,24,0.22818438083620302,16,25,73,0,8,smooth
1,1,23,0.048144105819328105,2,25,73,0,8,smooth
2,2,25,0.5105672237726209,37,25,73,0,8,smooth
3,3,26,0.7631571180501049,56,25,73,0,8,smooth
4,4,27,0.8249261808455867,59,25,73,0,8,smooth
5,5,28,0.6451809849839495,47,25,73,0,8,smooth
