,trials,x,zs,z_scaled,kernel,globalmax,t,id,environment
0,0,11,0.11129690982312268,7,38,73,0.4,59,smooth
1,1,12,0.0,0,38,73,0.4,59,smooth
2,2,10,0.2757490621235896,21,38,73,0.4,59,smooth
3,3,9,0.4749281783754378,34,38,73,0.4,59,smooth
4,4,8,0.6766027793083057,49,38,73,0.4,59,smooth
5,5,7,0.8364356911100591,61,38,73,0.4,59,smooth
