,trials,x,zs,z_scaled,kernel,globalmax,t,id,environment
0,0,25,0.6195673901029147,40,0,66,0.4,69,smooth
1,1,24,0.6337679668456351,42,0,66,0.4,69,smooth
2,2,23,0.47390428036316756,30,0,66,0.4,69,smooth
3,3,26,0.5269544974715014,36,0,66,0.4,69,smooth
4,4,27,0.5130896635333806,34,0,66,0.4,69,smooth
5,5,28,0.5807534731301708,38,0,66,0.4,69,smooth
