,trials,x,zs,z_scaled,kernel,globalmax,t,id,environment
0,0,14,0.4777140856156505,38,14,79,0.8,10,smooth
1,1,15,0.17618121017705604,13,14,79,0.8,10,smooth
2,2,13,0.723793347479395,55,14,79,0.8,10,smooth
3,3,12,0.6235806158000567,50,14,79,0.8,10,smooth
4,4,11,0.32970452368672754,26,14,79,0.8,10,smooth
5,5,13,0.723793347479395,57,14,79,0.8,10,smooth
