,trials,x,zs,z_scaled,kernel,globalmax,t,id,environment
0,0,5,0.4202329558291235,31,31,75,0.4,31,smooth
1,1,6,0.24113458505270305,18,31,75,0.4,31,smooth
2,2,7,0.13120122468335393,10,31,75,0.4,31,smooth
3,3,4,0.46891607212233033,35,31,75,0.4,31,smooth
4,4,3,0.4711801110670606,36,31,75,0.4,31,smooth
5,5,2,0.5786165730646398,43,31,75,0.4,31,smooth
