,trials,x,zs,z_scaled,kernel,globalmax,t,id,environment
0,0,1,0.8301002966333916,50,14,61,0.2,36,smooth
1,1,2,1.0,61,14,61,0.2,36,smooth
2,2,3,0.9663377520154366,61,14,61,0.2,36,smooth
3,3,4,0.7254461835490879,47,14,61,0.2,36,smooth
4,4,2,1.0,61,14,61,0.2,36,smooth
5,5,3,0.9663377520154366,58,14,61,0.2,36,smooth
