,trials,x,zs,z_scaled,kernel,globalmax,t,id,environment
0,0,4,0.7111551174336251,49,17,70,0.6,36,smooth
1,1,5,0.4638155536078868,33,17,70,0.6,36,smooth
2,2,6,0.18364583036531093,15,17,70,0.6,36,smooth
3,3,3,0.8523521316824683,58,17,70,0.6,36,smooth
4,4,2,0.9358317375717077,67,17,70,0.6,36,smooth
5,5,1,1.0,70,17,70,0.6,36,smooth
