,trials,x,zs,z_scaled,kernel,globalmax,t,id,environment
0,0,1,0.7939120720613011,50,33,64,0.6,5,smooth
1,1,2,1.0,64,33,64,0.6,5,smooth
2,2,3,0.9886734917334056,64,33,64,0.6,5,smooth
3,3,4,0.9210563267123675,58,33,64,0.6,5,smooth
4,4,5,0.7027571307116819,45,33,64,0.6,5,smooth
5,5,2,1.0,65,33,64,0.6,5,smooth
