,trials,x,zs,z_scaled,kernel,globalmax,t,id,environment
0,0,16,0.07942998123673048,6,30,63,0.4,13,smooth
1,1,15,0.0,0,30,63,0.4,13,smooth
2,2,17,0.19591244680975642,14,30,63,0.4,13,smooth
3,3,18,0.30581606862494903,19,30,63,0.4,13,smooth
4,4,19,0.3825851950026677,25,30,63,0.4,13,smooth
5,5,20,0.3790120233346004,23,30,63,0.4,13,smooth
