,trials,x,zs,z_scaled,kernel,globalmax,t,id,environment
0,0,6,0.7763280434400782,62,27,78,0.6,65,smooth
1,1,7,0.597087753798208,46,27,78,0.6,65,smooth
2,2,8,0.37827752729866676,30,27,78,0.6,65,smooth
3,3,5,0.7460892199563453,56,27,78,0.6,65,smooth
4,4,9,0.32440145362510286,27,27,78,0.6,65,smooth
5,5,10,0.43718603905643627,35,27,78,0.6,65,smooth
