,trials,x,zs,z_scaled,kernel,globalmax,t,id,environment
0,0,13,0.9799585537977739,78,7,80,0.2,7,smooth
1,1,14,0.8346237548289485,66,7,80,0.2,7,smooth
2,2,15,0.5110445752082378,41,7,80,0.2,7,smooth
3,3,12,0.9148230371180752,72,7,80,0.2,7,smooth
4,4,11,0.7951933173526722,63,7,80,0.2,7,smooth
5,5,10,0.8115362493052756,65,7,80,0.2,7,smooth
