,trials,x,zs,z_scaled,kernel,globalmax,t,id,environment
0,0,17,0.40313917457125786,33,24,78,0.2,28,smooth
1,1,18,0.5463270812380823,43,24,78,0.2,28,smooth
2,2,19,0.6564911888878625,52,24,78,0.2,28,smooth
3,3,20,0.732621574324465,57,24,78,0.2,28,smooth
4,4,21,0.7595331193068757,60,24,78,0.2,28,smooth
5,5,22,0.7325139222842392,57,24,78,0.2,28,smooth
