,trials,x,zs,z_scaled,kernel,globalmax,t,id,environment
0,0,29,0.4874818943332892,35,33,71,0.8,9,smooth
1,1,28,0.6192979901943207,44,33,71,0.8,9,smooth
2,2,27,0.7263949022943949,51,33,71,0.8,9,smooth
3,3,26,0.7222878057449496,52,33,71,0.8,9,smooth
4,4,25,0.5976012288064978,43,33,71,0.8,9,smooth
5,5,24,0.42939765783958866,32,33,71,0.8,9,smooth
