,trials,x,zs,z_scaled,kernel,globalmax,t,id,environment
0,0,12,0.8572766181145713,63,8,75,0.2,38,smooth
1,1,11,0.9503491713282913,71,8,75,0.2,38,smooth
2,2,13,0.7474229379171358,56,8,75,0.2,38,smooth
3,3,14,0.6128683763517736,47,8,75,0.2,38,smooth
4,4,15,0.5329920352532485,40,8,75,0.2,38,smooth
5,5,11,0.9503491713282913,72,8,75,0.2,38,smooth
