,trials,x,zs,z_scaled,kernel,globalmax,t,id,environment
0,0,19,0.8657050895916107,70,20,77,0.6,66,smooth
1,1,18,0.6511280457304155,50,20,77,0.6,66,smooth
2,2,20,1.0,76,20,77,0.6,66,smooth
3,3,21,0.9992988013845073,77,20,77,0.6,66,smooth
4,4,22,0.9048837591118988,69,20,77,0.6,66,smooth
5,5,17,0.432799625411233,35,20,77,0.6,66,smooth
