,trials,x,zs,z_scaled,kernel,globalmax,t,id,environment
0,0,18,0.6511280457304155,40,20,62,0.2,33,smooth
1,1,19,0.8657050895916107,56,20,62,0.2,33,smooth
2,2,20,1.0,63,20,62,0.2,33,smooth
3,3,21,0.9992988013845073,61,20,62,0.2,33,smooth
4,4,22,0.9048837591118988,55,20,62,0.2,33,smooth
5,5,23,0.7747025507107569,47,20,62,0.2,33,smooth
