,trials,x,zs,z_scaled,kernel,globalmax,t,id,environment
0,0,30,0.0,1,19,75,0.6,46,smooth
1,1,29,0.10874238587216563,8,19,75,0.6,46,smooth
2,2,28,0.37128541767129236,26,19,75,0.6,46,smooth
3,3,27,0.5185372681163484,39,19,75,0.6,46,smooth
4,4,26,0.4725878053535909,36,19,75,0.6,46,smooth
5,5,25,0.33415596295319766,26,19,75,0.6,46,smooth
