,trials,x,zs,z_scaled,kernel,globalmax,t,id,environment
0,0,25,0.7147058979849364,43,21,60,0.6,38,smooth
1,1,24,0.5410158764277342,32,21,60,0.6,38,smooth
2,2,26,0.8996907608860631,55,21,60,0.6,38,smooth
3,3,27,0.9416487705496246,58,21,60,0.6,38,smooth
4,4,28,0.8708950633423159,52,21,60,0.6,38,smooth
5,5,26,0.8996907608860631,54,21,60,0.6,38,smooth
