,trials,x,zs,z_scaled,kernel,globalmax,t,id,environment
0,0,16,0.5528919561768265,35,13,61,0,65,smooth
1,1,17,0.45883748946459857,28,13,61,0,65,smooth
2,2,18,0.3858644272501738,23,13,61,0,65,smooth
3,3,15,0.5474284383173352,35,13,61,0,65,smooth
4,4,14,0.41811993910116474,26,13,61,0,65,smooth
5,5,19,0.35586560768141534,21,13,61,0,65,smooth
