,trials,x,zs,z_scaled,kernel,globalmax,t,id,environment
0,0,10,0.37996051570953454,26,17,72,0,77,smooth
1,1,11,0.5258467914591911,39,17,72,0,77,smooth
2,2,12,0.49005121406469443,35,17,72,0,77,smooth
3,3,13,0.369881222689252,25,17,72,0,77,smooth
4,4,11,0.5258467914591911,38,17,72,0,77,smooth
5,5,12,0.49005121406469443,35,17,72,0,77,smooth
