,trials,x,zs,z_scaled,kernel,globalmax,t,id,environment
0,0,28,0.37128541767129236,24,19,66,0.6,47,smooth
1,1,27,0.5185372681163484,32,19,66,0.6,47,smooth
2,2,26,0.4725878053535909,33,19,66,0.6,47,smooth
3,3,29,0.10874238587216563,8,19,66,0.6,47,smooth
4,4,26,0.4725878053535909,31,19,66,0.6,47,smooth
5,5,27,0.5185372681163484,34,19,66,0.6,47,smooth
