,trials,x,zs,z_scaled,kernel,globalmax,t,id,environment
0,0,24,0.6645768820260589,43,27,65,0,19,smooth
1,1,23,0.6140950919279761,39,27,65,0,19,smooth
2,2,22,0.5970469879508538,39,27,65,0,19,smooth
3,3,25,0.776361406051798,49,27,65,0,19,smooth
4,4,26,0.9268699341536111,61,27,65,0,19,smooth
5,5,27,1.0,65,27,65,0,19,smooth
