,trials,x,zs,z_scaled,kernel,globalmax,t,id,environment
0,0,15,0.15759116987944938,14,33,80,0.4,9,smooth
1,1,14,0.2618997305989226,21,33,80,0.4,9,smooth
2,2,16,0.14310022987326101,11,33,80,0.4,9,smooth
3,3,13,0.3151048831539902,25,33,80,0.4,9,smooth
4,4,12,0.2883143034468796,22,33,80,0.4,9,smooth
5,5,11,0.27067969802389047,21,33,80,0.4,9,smooth
