,trials,x,zs,z_scaled,kernel,globalmax,t,id,environment
0,0,9,0.668883150961484,42,25,63,0,32,smooth
1,1,10,0.6317141471277063,40,25,63,0,32,smooth
2,2,11,0.573711095576146,36,25,63,0,32,smooth
3,3,8,0.6537520099870497,41,25,63,0,32,smooth
4,4,7,0.6367852056774981,40,25,63,0,32,smooth
5,5,6,0.6459471805178142,41,25,63,0,32,smooth
