,trials,x,zs,z_scaled,kernel,globalmax,t,id,environment
0,0,12,0.8572766181145713,53,8,63,0.4,79,smooth
1,1,11,0.9503491713282913,59,8,63,0.4,79,smooth
2,2,13,0.7474229379171358,46,8,63,0.4,79,smooth
3,3,14,0.6128683763517736,37,8,63,0.4,79,smooth
4,4,10,1.0,64,8,63,0.4,79,smooth
5,5,9,0.9545863959984454,60,8,63,0.4,79,smooth
