,trials,x,zs,z_scaled,kernel,globalmax,t,id,environment
0,0,25,0.776361406051798,59,27,76,0,31,smooth
1,1,24,0.6645768820260589,50,27,76,0,31,smooth
2,2,26,0.9268699341536111,70,27,76,0,31,smooth
3,3,27,1.0,75,27,76,0,31,smooth
4,4,28,0.9057753535097847,69,27,76,0,31,smooth
5,5,29,0.7017994100967329,52,27,76,0,31,smooth
