,trials,x,zs,z_scaled,kernel,globalmax,t,id,environment
0,0,10,0.4205217824270238,28,39,67,0.8,18,smooth
1,1,11,0.5088855575082933,34,39,67,0.8,18,smooth
2,2,12,0.671471361237324,43,39,67,0.8,18,smooth
3,3,13,0.8715265397381311,58,39,67,0.8,18,smooth
4,4,14,0.9995969600661947,68,39,67,0.8,18,smooth
5,5,15,1.0,68,39,67,0.8,18,smooth
