,trials,x,zs,z_scaled,kernel,globalmax,t,id,environment
0,0,8,0.43311264142905986,26,33,60,0,36,smooth
1,1,9,0.5513456319281251,33,33,60,0,36,smooth
2,2,10,0.39361123587340124,26,33,60,0,36,smooth
3,3,11,0.27067969802389047,17,33,60,0,36,smooth
4,4,9,0.5513456319281251,33,33,60,0,36,smooth
5,5,9,0.5513456319281251,35,33,60,0,36,smooth
