,trials,x,zs,z_scaled,kernel,globalmax,t,id,environment
0,0,20,0.5488710695342938,41,3,72,0.6,60,smooth
1,1,19,0.34630916848469406,25,3,72,0.6,60,smooth
2,2,21,0.4300722619829549,32,3,72,0.6,60,smooth
3,3,22,0.16649204100866172,11,3,72,0.6,60,smooth
4,4,21,0.4300722619829549,30,3,72,0.6,60,smooth
5,5,23,0.0,1,3,72,0.6,60,smooth
