,trials,x,zs,z_scaled,kernel,globalmax,t,id,environment
0,0,23,0.012717580115218941,2,9,69,0.6,19,smooth
1,1,22,0.2732086841680783,19,9,69,0.6,19,smooth
2,2,24,0.0076126256164341065,0,9,69,0.6,19,smooth
3,3,21,0.6383660304939222,43,9,69,0.6,19,smooth
4,4,20,0.9035846267706472,63,9,69,0.6,19,smooth
5,5,19,1.0,69,9,69,0.6,19,smooth
