,trials,x,zs,z_scaled,kernel,globalmax,t,id,environment
0,0,14,0.3027283087901141,24,2,76,0.2,10,smooth
1,1,13,0.14020871597411708,11,2,76,0.2,10,smooth
2,2,15,0.42523079360644167,31,2,76,0.2,10,smooth
3,3,16,0.49320817431060027,38,2,76,0.2,10,smooth
4,4,17,0.46732039732571495,34,2,76,0.2,10,smooth
5,5,18,0.30728195113607204,23,2,76,0.2,10,smooth
