,trials,x,zs,z_scaled,kernel,globalmax,t,id,environment
0,0,30,0.5313591484527127,37,4,67,0.6,1,smooth
1,1,29,0.34428149063640745,23,4,67,0.6,1,smooth
2,2,28,0.31351329676500145,21,4,67,0.6,1,smooth
3,3,27,0.41269368493825437,28,4,67,0.6,1,smooth
4,4,26,0.5926501115380347,41,4,67,0.6,1,smooth
5,5,25,0.787569663734046,52,4,67,0.6,1,smooth
