,trials,x,zs,z_scaled,kernel,globalmax,t,id,environment
0,0,28,0.6192979901943207,44,33,73,0.4,17,smooth
1,1,27,0.7263949022943949,54,33,73,0.4,17,smooth
2,2,29,0.4874818943332892,35,33,73,0.4,17,smooth
3,3,26,0.7222878057449496,54,33,73,0.4,17,smooth
4,4,30,0.39849270189954206,27,33,73,0.4,17,smooth
5,5,27,0.7263949022943949,54,33,73,0.4,17,smooth
