,trials,x,zs,z_scaled,kernel,globalmax,t,id,environment
0,0,25,0.4426003173023777,32,17,72,0.6,78,smooth
1,1,24,0.410991516499542,28,17,72,0.6,78,smooth
2,2,26,0.5160622356887972,37,17,72,0.6,78,smooth
3,3,27,0.639083132263381,46,17,72,0.6,78,smooth
4,4,28,0.7692488388699894,56,17,72,0.6,78,smooth
5,5,29,0.809174106943249,60,17,72,0.6,78,smooth
