,trials,x,zs,z_scaled,kernel,globalmax,t,id,environment
0,0,23,0.4091885760361319,30,18,72,0.6,34,smooth
1,1,22,0.19241703166909546,14,18,72,0.6,34,smooth
2,2,24,0.6649180656737889,47,18,72,0.6,34,smooth
3,3,25,0.8759755949585178,64,18,72,0.6,34,smooth
4,4,26,0.9868090207464583,72,18,72,0.6,34,smooth
5,5,27,1.0,72,18,72,0.6,34,smooth
