,trials,x,zs,z_scaled,kernel,globalmax,t,id,environment
0,0,18,0.12554275909305168,10,18,74,0.2,0,smooth
1,1,17,0.30092878613474844,21,18,74,0.2,0,smooth
2,2,19,0.008854416057688823,1,18,74,0.2,0,smooth
3,3,16,0.4278770556484276,32,18,74,0.2,0,smooth
4,4,15,0.4830224838102971,36,18,74,0.2,0,smooth
5,5,14,0.5029285599157197,37,18,74,0.2,0,smooth
