,trials,x,zs,z_scaled,kernel,globalmax,t,id,environment
0,0,17,0.4641494230901681,27,17,60,0.6,4,smooth
1,1,18,0.23954692694090374,17,17,60,0.6,4,smooth
2,2,19,0.055662650971580796,4,17,60,0.6,4,smooth
3,3,16,0.5682448741063837,34,17,60,0.6,4,smooth
4,4,15,0.48391786123825625,29,17,60,0.6,4,smooth
5,5,14,0.3558998516772202,21,17,60,0.6,4,smooth
