,trials,x,zs,z_scaled,kernel,globalmax,t,id,environment
0,0,8,0.9557327198254492,74,26,77,0.2,51,smooth
1,1,9,0.9142781590145536,71,26,77,0.2,51,smooth
2,2,10,0.6654476365366124,51,26,77,0.2,51,smooth
3,3,7,0.7506084765638589,58,26,77,0.2,51,smooth
4,4,6,0.5054816669017494,39,26,77,0.2,51,smooth
5,5,5,0.403356998889531,31,26,77,0.2,51,smooth
