,trials,x,zs,z_scaled,kernel,globalmax,t,id,environment
0,0,23,0.7083698702984204,48,37,67,0.6,55,smooth
1,1,22,0.7620596281381998,53,37,67,0.6,55,smooth
2,2,24,0.6505292224838615,43,37,67,0.6,55,smooth
3,3,21,0.7774497650253868,52,37,67,0.6,55,smooth
4,4,25,0.6814349059178852,48,37,67,0.6,55,smooth
5,5,26,0.7300995070794045,48,37,67,0.6,55,smooth
