,trials,x,zs,z_scaled,kernel,globalmax,t,id,environment
0,0,21,1.0,72,1,73,0,37,smooth
1,1,22,0.9716152299746291,71,1,73,0,37,smooth
2,2,23,0.9165358779785636,66,1,73,0,37,smooth
3,3,24,0.9305137307794434,66,1,73,0,37,smooth
4,4,25,0.9459541684236629,69,1,73,0,37,smooth
5,5,26,0.7834730077799389,56,1,73,0,37,smooth
