,trials,x,zs,z_scaled,kernel,globalmax,t,id,environment
0,0,24,0.6413145202224522,52,38,77,0.6,57,smooth
1,1,23,0.4696954068905368,37,38,77,0.6,57,smooth
2,2,25,0.6654568885510724,51,38,77,0.6,57,smooth
3,3,26,0.6218182510791745,47,38,77,0.6,57,smooth
4,4,22,0.22481987265700515,16,38,77,0.6,57,smooth
5,5,21,0.11772205384311518,10,38,77,0.6,57,smooth
