,trials,x,zs,z_scaled,kernel,globalmax,t,id,environment
0,0,2,0.44241426121662314,37,15,80,0.6,77,smooth
1,1,3,0.5667348055888864,46,15,80,0.6,77,smooth
2,2,4,0.7198046931308051,57,15,80,0.6,77,smooth
3,3,5,0.8756762757777076,71,15,80,0.6,77,smooth
4,4,6,1.0,80,15,80,0.6,77,smooth
5,5,7,0.9782609206084004,79,15,80,0.6,77,smooth
