,trials,x,zs,z_scaled,kernel,globalmax,t,id,environment
0,0,26,0.5233937054204656,35,28,66,0.6,25,smooth
1,1,27,0.35148744193391734,21,28,66,0.6,25,smooth
2,2,25,0.721946768236787,49,28,66,0.6,25,smooth
3,3,24,0.9036083065565749,59,28,66,0.6,25,smooth
4,4,23,0.9969847850826676,66,28,66,0.6,25,smooth
5,5,22,0.9697514918359245,64,28,66,0.6,25,smooth
