,trials,x,zs,z_scaled,kernel,globalmax,t,id,environment
0,0,15,0.8157744896305118,60,12,73,0.2,56,smooth
1,1,14,0.4349181320521283,33,12,73,0.2,56,smooth
2,2,16,0.9907425563928741,73,12,73,0.2,56,smooth
3,3,17,0.8752740502852976,64,12,73,0.2,56,smooth
4,4,18,0.6205030459958362,45,12,73,0.2,56,smooth
5,5,16,0.9907425563928741,73,12,73,0.2,56,smooth
