,trials,x,zs,z_scaled,kernel,globalmax,t,id,environment
0,0,5,0.2908811829456651,19,0,63,0.8,21,smooth
1,1,6,0.03493634213015373,3,0,63,0.8,21,smooth
2,2,7,0.0,0,0,63,0.8,21,smooth
3,3,4,0.5918715728401014,38,0,63,0.8,21,smooth
4,4,3,0.7444234881705704,45,0,63,0.8,21,smooth
5,5,2,0.7077261147550069,45,0,63,0.8,21,smooth
