,trials,x,zs,z_scaled,kernel,globalmax,t,id,environment
0,0,16,0.5004607487492915,32,34,65,0.8,8,smooth
1,1,17,0.3865724709952218,24,34,65,0.8,8,smooth
2,2,18,0.38986387775628206,26,34,65,0.8,8,smooth
3,3,15,0.7884426473342905,50,34,65,0.8,8,smooth
4,4,14,1.0,63,34,65,0.8,8,smooth
5,5,13,0.9416350039466721,61,34,65,0.8,8,smooth
