,trials,x,zs,z_scaled,kernel,globalmax,t,id,environment
0,0,5,0.7027571307116819,46,33,65,0,16,smooth
1,1,6,0.33118767712042685,21,33,65,0,16,smooth
2,2,7,0.20497748335292168,13,33,65,0,16,smooth
3,3,4,0.9210563267123675,59,33,65,0,16,smooth
4,4,3,0.9886734917334056,65,33,65,0,16,smooth
5,5,2,1.0,67,33,65,0,16,smooth
