,trials,x,zs,z_scaled,kernel,globalmax,t,id,environment
0,0,14,0.2618997305989226,21,33,77,0.4,75,smooth
1,1,13,0.3151048831539902,24,33,77,0.4,75,smooth
2,2,15,0.15759116987944938,13,33,77,0.4,75,smooth
3,3,16,0.14310022987326101,12,33,77,0.4,75,smooth
4,4,17,0.2721918517093892,20,33,77,0.4,75,smooth
5,5,18,0.4689741750163109,38,33,77,0.4,75,smooth
