,trials,x,zs,z_scaled,kernel,globalmax,t,id,environment
0,0,13,0.7474229379171358,56,8,74,0.2,2,smooth
1,1,14,0.6128683763517736,45,8,74,0.2,2,smooth
2,2,12,0.8572766181145713,64,8,74,0.2,2,smooth
3,3,11,0.9503491713282913,72,8,74,0.2,2,smooth
4,4,10,1.0,75,8,74,0.2,2,smooth
5,5,9,0.9545863959984454,69,8,74,0.2,2,smooth
