,trials,x,zs,z_scaled,kernel,globalmax,t,id,environment
0,0,8,0.6537520099870497,41,25,62,0.4,58,smooth
1,1,9,0.668883150961484,42,25,62,0.4,58,smooth
2,2,10,0.6317141471277063,39,25,62,0.4,58,smooth
3,3,11,0.573711095576146,34,25,62,0.4,58,smooth
4,4,12,0.5522743791946265,33,25,62,0.4,58,smooth
5,5,9,0.668883150961484,40,25,62,0.4,58,smooth
