,trials,x,zs,z_scaled,kernel,globalmax,t,id,environment
0,0,8,0.8443710352090429,54,4,65,0.4,18,smooth
1,1,9,0.9306357241636537,61,4,65,0.4,18,smooth
2,2,10,0.9627087057053813,61,4,65,0.4,18,smooth
3,3,7,0.7366278377623542,49,4,65,0.4,18,smooth
4,4,9,0.9306357241636537,60,4,65,0.4,18,smooth
5,5,10,0.9627087057053813,62,4,65,0.4,18,smooth
