,trials,x,zs,z_scaled,kernel,globalmax,t,id,environment
0,0,21,0.05903060443835843,3,25,75,0.2,40,smooth
1,1,22,0.0,0,25,75,0.2,40,smooth
2,2,23,0.048144105819328105,4,25,75,0.2,40,smooth
3,3,24,0.22818438083620302,17,25,75,0.2,40,smooth
4,4,25,0.5105672237726209,39,25,75,0.2,40,smooth
5,5,26,0.7631571180501049,57,25,75,0.2,40,smooth
