,trials,x,zs,z_scaled,kernel,globalmax,t,id,environment
0,0,13,0.6713885047383006,54,5,80,0.2,62,smooth
1,1,14,0.8066510885903005,66,5,80,0.2,62,smooth
2,2,15,0.9278332348267991,76,5,80,0.2,62,smooth
3,3,16,1.0,80,5,80,0.2,62,smooth
4,4,17,0.9212342456286512,71,5,80,0.2,62,smooth
5,5,18,0.8434482639098503,68,5,80,0.2,62,smooth
