,trials,x,zs,z_scaled,kernel,globalmax,t,id,environment
0,0,20,0.0825698068096695,6,31,75,0,26,smooth
1,1,19,0.0,0,31,75,0,26,smooth
2,2,21,0.5818764764422084,44,31,75,0,26,smooth
3,3,22,1.0,74,31,75,0,26,smooth
4,4,23,0.8248194593184054,62,31,75,0,26,smooth
5,5,24,0.28271857383708004,21,31,75,0,26,smooth
