,trials,x,zs,z_scaled,kernel,globalmax,t,id,environment
0,0,2,0.6796114945409657,46,7,67,0,10,smooth
1,1,3,0.5199212422545935,34,7,67,0,10,smooth
2,2,4,0.29930784942058625,20,7,67,0,10,smooth
3,3,1,0.6013699535658993,40,7,67,0,10,smooth
4,4,2,0.6796114945409657,47,7,67,0,10,smooth
5,5,1,0.6013699535658993,42,7,67,0,10,smooth
