,trials,x,zs,z_scaled,kernel,globalmax,t,id,environment
0,0,7,0.9363795160100642,61,19,65,0,59,smooth
1,1,8,0.8379136818356961,54,19,65,0,59,smooth
2,2,9,0.8410440112204817,54,19,65,0,59,smooth
3,3,10,0.8688474042613865,56,19,65,0,59,smooth
4,4,11,0.7974710877587764,52,19,65,0,59,smooth
5,5,10,0.8688474042613865,55,19,65,0,59,smooth
