,trials,x,zs,z_scaled,kernel,globalmax,t,id,environment
0,0,14,0.4777140856156505,36,14,76,0.6,15,smooth
1,1,15,0.17618121017705604,16,14,76,0.6,15,smooth
2,2,13,0.723793347479395,54,14,76,0.6,15,smooth
3,3,12,0.6235806158000567,49,14,76,0.6,15,smooth
4,4,13,0.723793347479395,55,14,76,0.6,15,smooth
5,5,13,0.723793347479395,55,14,76,0.6,15,smooth
