,trials,x,zs,z_scaled,kernel,globalmax,t,id,environment
0,0,2,0.20928544227807314,16,28,78,0.4,64,smooth
1,1,3,0.45448793352283245,35,28,78,0.4,64,smooth
2,2,4,0.6480491653925223,52,28,78,0.4,64,smooth
3,3,5,0.6123986284948025,48,28,78,0.4,64,smooth
4,4,4,0.6480491653925223,51,28,78,0.4,64,smooth
5,5,3,0.45448793352283245,35,28,78,0.4,64,smooth
