,trials,x,zs,z_scaled,kernel,globalmax,t,id,environment
0,0,2,0.7543282218940647,52,4,69,0.6,43,smooth
1,1,3,0.8557575871310795,59,4,69,0.6,43,smooth
2,2,4,0.8734676865692808,60,4,69,0.6,43,smooth
3,3,5,0.7566868759965032,54,4,69,0.6,43,smooth
4,4,4,0.8734676865692808,60,4,69,0.6,43,smooth
5,5,3,0.8557575871310795,58,4,69,0.6,43,smooth
