,trials,x,zs,z_scaled,kernel,globalmax,t,id,environment
0,0,19,0.6564911888878625,44,24,66,0.2,5,smooth
1,1,20,0.732621574324465,47,24,66,0.2,5,smooth
2,2,21,0.7595331193068757,52,24,66,0.2,5,smooth
3,3,22,0.7325139222842392,47,24,66,0.2,5,smooth
4,4,23,0.6703089586164483,45,24,66,0.2,5,smooth
5,5,21,0.7595331193068757,49,24,66,0.2,5,smooth
