,trials,x,zs,z_scaled,kernel,globalmax,t,id,environment
0,0,30,0.0,1,12,75,0.6,52,smooth
1,1,29,0.3304080254866764,25,12,75,0.6,52,smooth
2,2,28,0.6261286161189863,46,12,75,0.6,52,smooth
3,3,27,0.6438602092037434,47,12,75,0.6,52,smooth
4,4,26,0.45750925354642735,36,12,75,0.6,52,smooth
5,5,25,0.40226238677885723,30,12,75,0.6,52,smooth
