,trials,x,zs,z_scaled,kernel,globalmax,t,id,environment
0,0,12,0.2631959314313359,17,32,60,0.4,55,smooth
1,1,13,0.1654979598046163,10,32,60,0.4,55,smooth
2,2,11,0.6338869968157095,38,32,60,0.4,55,smooth
3,3,10,0.8265216734120533,50,32,60,0.4,55,smooth
4,4,9,0.7181598100770484,43,32,60,0.4,55,smooth
5,5,11,0.6338869968157095,38,32,60,0.4,55,smooth
