,trials,x,zs,z_scaled,kernel,globalmax,t,id,environment
0,0,1,0.8983346825905716,60,25,68,0,24,smooth
1,1,2,1.0,68,25,68,0,24,smooth
2,2,3,0.9844831387036941,66,25,68,0,24,smooth
3,3,4,0.8491174725953746,56,25,68,0,24,smooth
4,4,5,0.7077293106417366,48,25,68,0,24,smooth
5,5,2,1.0,67,25,68,0,24,smooth
