,trials,x,zs,z_scaled,kernel,globalmax,t,id,environment
0,0,29,0.38317735311027035,23,6,63,0,1,rough
1,1,28,0.293347055914774,18,6,63,0,1,rough
2,2,30,0.30248078429526476,19,6,63,0,1,rough
3,3,27,0.48308349478793566,30,6,63,0,1,rough
4,4,26,0.9763356965186142,61,6,63,0,1,rough
5,5,25,1.0,62,6,63,0,1,rough
