,trials,x,zs,z_scaled,kernel,globalmax,t,id,environment
0,0,27,0.48308349478793566,30,6,63,0.4,12,rough
1,1,26,0.9763356965186142,60,6,63,0.4,12,rough
2,2,25,1.0,63,6,63,0.4,12,rough
3,3,24,0.6590812806609082,43,6,63,0.4,12,rough
4,4,28,0.293347055914774,19,6,63,0.4,12,rough
5,5,29,0.38317735311027035,26,6,63,0.4,12,rough
