,trials,x,zs,z_scaled,kernel,globalmax,t,id,environment
0,0,17,0.2662463087682369,20,2,76,0.4,9,rough
1,1,18,0.5420643362905995,43,2,76,0.4,9,rough
2,2,19,0.22329970097615562,16,2,76,0.4,9,rough
3,3,16,0.0,0,2,76,0.4,9,rough
4,4,18,0.5420643362905995,41,2,76,0.4,9,rough
5,5,20,0.26241736595197407,20,2,76,0.4,9,rough
