,trials,x,zs,z_scaled,kernel,globalmax,t,id,environment
0,0,15,0.8002557402236996,50,6,66,0,12,rough
1,1,14,0.6324338035085821,42,6,66,0,12,rough
2,2,16,0.4103089002383267,26,6,66,0,12,rough
3,3,13,0.7655780093565977,52,6,66,0,12,rough
4,4,17,0.6695509431437915,45,6,66,0,12,rough
5,5,18,0.993617036115647,66,6,66,0,12,rough
