,trials,x,zs,z_scaled,kernel,globalmax,t,id,environment
0,0,26,0.5559766345807567,38,14,71,0.6,0,rough
1,1,25,0.8357617464975418,60,14,71,0.6,0,rough
2,2,24,0.9576932309003159,67,14,71,0.6,0,rough
3,3,23,1.0,71,14,71,0.6,0,rough
4,4,22,0.8582578011694865,58,14,71,0.6,0,rough
5,5,21,0.49250231077386625,33,14,71,0.6,0,rough
