,trials,x,zs,z_scaled,kernel,globalmax,t,id,environment
0,0,23,0.2323678397811582,14,6,73,0.8,5,rough
1,1,22,0.15207834138855472,10,6,73,0.8,5,rough
2,2,24,0.6590812806609082,48,6,73,0.8,5,rough
3,3,25,1.0,74,6,73,0.8,5,rough
4,4,26,0.9763356965186142,73,6,73,0.8,5,rough
5,5,25,1.0,71,6,73,0.8,5,rough
