,trials,x,zs,z_scaled,kernel,globalmax,t,id,environment
0,0,30,0.7191672931400127,49,24,67,0.8,19,rough
1,1,29,0.8827396954958825,60,24,67,0.8,19,rough
2,2,28,0.486074019794594,33,24,67,0.8,19,rough
3,3,29,0.8827396954958825,57,24,67,0.8,19,rough
4,4,30,0.7191672931400127,46,24,67,0.8,19,rough
5,5,29,0.8827396954958825,60,24,67,0.8,19,rough
