,trials,x,zs,z_scaled,kernel,globalmax,t,id,environment
0,0,27,0.6856716851248803,44,21,66,0.6,14,rough
1,1,26,0.33907860894824765,22,21,66,0.6,14,rough
2,2,28,0.5502873747193335,37,21,66,0.6,14,rough
3,3,29,0.10423314150329159,5,21,66,0.6,14,rough
4,4,28,0.5502873747193335,37,21,66,0.6,14,rough
5,5,30,0.31601313565176153,21,21,66,0.6,14,rough
