,trials,x,zs,z_scaled,kernel,globalmax,t,id,environment
0,0,18,0.6883985028448881,41,21,61,0,19,rough
1,1,17,0.6044276122661437,38,21,61,0,19,rough
2,2,19,0.560421715112876,34,21,61,0,19,rough
3,3,20,0.2914324057188202,18,21,61,0,19,rough
4,4,16,0.5601893450807077,37,21,61,0,19,rough
5,5,15,0.5478272881798594,33,21,61,0,19,rough
