,trials,x,zs,z_scaled,kernel,globalmax,t,id,environment
0,0,26,0.6663308945721169,49,5,72,0.4,14,rough
1,1,25,0.40066449479517335,28,5,72,0.4,14,rough
2,2,27,0.2812057871897938,20,5,72,0.4,14,rough
3,3,28,0.3082741355907949,23,5,72,0.4,14,rough
4,4,29,0.1846720546501824,13,5,72,0.4,14,rough
5,5,26,0.6663308945721169,48,5,72,0.4,14,rough
