,trials,x,zs,z_scaled,kernel,globalmax,t,id,environment
0,0,12,0.19835641932627307,15,2,79,0.4,4,rough
1,1,13,0.21163137253888137,17,2,79,0.4,4,rough
2,2,14,0.4391863696387141,36,2,79,0.4,4,rough
3,3,15,0.16642672573552458,13,2,79,0.4,4,rough
4,4,14,0.4391863696387141,35,2,79,0.4,4,rough
5,5,14,0.4391863696387141,36,2,79,0.4,4,rough
