,trials,x,zs,z_scaled,kernel,globalmax,t,id,environment
0,0,7,0.5053684940518911,35,0,70,0.6,7,rough
1,1,8,0.7440650857610247,52,0,70,0.6,7,rough
2,2,9,0.9552038482559212,67,0,70,0.6,7,rough
3,3,10,0.7482169457852379,52,0,70,0.6,7,rough
4,4,11,0.42864671740005056,30,0,70,0.6,7,rough
5,5,9,0.9552038482559212,66,0,70,0.6,7,rough
