,trials,x,zs,z_scaled,kernel,globalmax,t,id,environment
0,0,14,0.35543198466383963,27,33,80,0.8,8,rough
1,1,13,0.30627093485042906,28,33,80,0.8,8,rough
2,2,15,0.6974800921499918,54,33,80,0.8,8,rough
3,3,16,0.6283557105829345,50,33,80,0.8,8,rough
4,4,17,0.4855516678212551,38,33,80,0.8,8,rough
5,5,18,0.7329903376579091,59,33,80,0.8,8,rough
