,trials,x,zs,z_scaled,kernel,globalmax,t,id,environment
0,0,18,0.6004815159739864,45,5,74,0.8,2,rough
1,1,17,0.4936618876172163,36,5,74,0.8,2,rough
2,2,19,0.5835655224147718,43,5,74,0.8,2,rough
3,3,20,0.7669492119463357,56,5,74,0.8,2,rough
4,4,16,0.6130761390307791,46,5,74,0.8,2,rough
5,5,21,0.6533633979104735,49,5,74,0.8,2,rough
