,trials,x,zs,z_scaled,kernel,globalmax,t,id,environment
0,0,25,0.31327984755954896,21,19,62,0.2,10,rough
1,1,26,0.45529160462281126,28,19,62,0.2,10,rough
2,2,27,0.5159010349805373,32,19,62,0.2,10,rough
3,3,28,0.31543951166824213,20,19,62,0.2,10,rough
4,4,29,0.5335744642555847,33,19,62,0.2,10,rough
5,5,30,0.5226178625142612,31,19,62,0.2,10,rough
