,trials,x,zs,z_scaled,kernel,globalmax,t,id,environment
0,0,13,0.32109106814837,23,12,69,0.2,13,rough
1,1,14,0.5005065253915096,33,12,69,0.2,13,rough
2,2,15,1.0,69,12,69,0.2,13,rough
3,3,16,0.9397966312264515,66,12,69,0.2,13,rough
4,4,17,0.5691311997426599,40,12,69,0.2,13,rough
5,5,15,1.0,69,12,69,0.2,13,rough
