,trials,x,zs,z_scaled,kernel,globalmax,t,id,environment
0,0,11,0.6459187672257226,40,8,60,0.8,16,rough
1,1,12,0.6747111689714541,40,8,60,0.8,16,rough
2,2,13,0.6242994293834844,38,8,60,0.8,16,rough
3,3,11,0.6459187672257226,40,8,60,0.8,16,rough
4,4,12,0.6747111689714541,40,8,60,0.8,16,rough
5,5,11,0.6459187672257226,39,8,60,0.8,16,rough
