,trials,x,zs,z_scaled,kernel,globalmax,t,id,environment
0,0,9,0.8405808456138621,52,21,62,0.6,8,rough
1,1,10,0.5683602999938835,37,21,62,0.6,8,rough
2,2,8,1.0,63,21,62,0.6,8,rough
3,3,7,0.5733019880361118,36,21,62,0.6,8,rough
4,4,9,0.8405808456138621,52,21,62,0.6,8,rough
5,5,8,1.0,62,21,62,0.6,8,rough
