,trials,x,zs,z_scaled,kernel,globalmax,t,id,environment
0,0,23,0.904253779487103,63,11,69,0.8,3,rough
1,1,22,1.0,68,11,69,0.8,3,rough
2,2,24,0.5403152451819,38,11,69,0.8,3,rough
3,3,25,0.44992960032349005,30,11,69,0.8,3,rough
4,4,21,0.6266453393296296,44,11,69,0.8,3,rough
5,5,26,0.4358875356741389,30,11,69,0.8,3,rough
