,trials,x,zs,z_scaled,kernel,globalmax,t,id,environment
0,0,7,1.0,72,34,71,0.4,19,rough
1,1,6,0.6395516827179778,45,34,71,0.4,19,rough
2,2,8,0.8172115470632542,57,34,71,0.4,19,rough
3,3,9,0.5246454200640559,38,34,71,0.4,19,rough
4,4,10,0.019697825375690394,0,34,71,0.4,19,rough
5,5,7,1.0,72,34,71,0.4,19,rough
