,trials,x,zs,z_scaled,kernel,globalmax,t,id,environment
0,0,7,0.29561057797421475,20,39,66,1,34,smooth
1,1,8,0.3167226085845242,23,39,66,1,34,smooth
2,2,9,0.36576139550931613,24,39,66,1,34,smooth
3,3,10,0.4205217824270238,27,39,66,1,34,smooth
4,4,11,0.5088855575082933,36,39,66,1,34,smooth
5,5,12,0.671471361237324,44,39,66,1,34,smooth
