,trials,x,zs,z_scaled,kernel,globalmax,t,id,environment
0,0,30,0.7850046870876527,55,16,73,0,14,rough
1,1,29,0.6278873299393289,46,16,73,0,14,rough
2,2,28,0.29499234619536197,23,16,73,0,14,rough
3,3,27,0.36059844904549254,27,16,73,0,14,rough
4,4,26,0.5391296525601827,39,16,73,0,14,rough
5,5,25,0.758071940954461,56,16,73,0,14,rough
