,trials,x,zs,z_scaled,kernel,globalmax,t,id,environment
0,0,14,0.7064430676403356,41,31,60,0.4,13,rough
1,1,15,0.1760590048399126,12,31,60,0.4,13,rough
2,2,13,0.8049388273416341,48,31,60,0.4,13,rough
3,3,12,0.47234518795249014,29,31,60,0.4,13,rough
4,4,11,0.19493200668874683,13,31,60,0.4,13,rough
5,5,13,0.8049388273416341,48,31,60,0.4,13,rough
