,trials,x,zs,z_scaled,kernel,globalmax,t,id,environment
0,0,21,0.5818764764422084,38,31,62,1,35,smooth
1,1,22,1.0,63,31,62,1,35,smooth
2,2,23,0.8248194593184054,52,31,62,1,35,smooth
3,3,24,0.28271857383708004,19,31,62,1,35,smooth
4,4,22,1.0,62,31,62,1,35,smooth
5,5,23,0.8248194593184054,50,31,62,1,35,smooth
