,trials,x,zs,z_scaled,kernel,globalmax,t,id,environment
0,0,12,0.8892907645532425,65,15,74,0.6,1,rough
1,1,11,1.0,74,15,74,0.6,1,rough
2,2,10,0.7818645619232797,60,15,74,0.6,1,rough
3,3,13,0.4460235164029772,33,15,74,0.6,1,rough
4,4,14,0.06936955942016002,7,15,74,0.6,1,rough
5,5,11,1.0,74,15,74,0.6,1,rough
