,trials,x,zs,z_scaled,kernel,globalmax,t,id,environment
0,0,20,0.14581749675322694,11,7,69,0,6,rough
1,1,19,0.3583899748066923,26,7,69,0,6,rough
2,2,21,0.5622082797169747,41,7,69,0,6,rough
3,3,22,1.0,69,7,69,0,6,rough
4,4,23,0.7268443233895278,51,7,69,0,6,rough
5,5,24,0.38762589327331,28,7,69,0,6,rough
