,trials,x,zs,z_scaled,kernel,globalmax,t,id,environment
0,0,12,0.27113759467037885,22,0,74,0,0,rough
1,1,13,0.8289782566789632,60,0,74,0,0,rough
2,2,14,0.9547061723998915,71,0,74,0,0,rough
3,3,15,0.8625001666786719,64,0,74,0,0,rough
4,4,14,0.9547061723998915,71,0,74,0,0,rough
5,5,13,0.8289782566789632,62,0,74,0,0,rough
