,trials,x,zs,z_scaled,kernel,globalmax,t,id,environment
0,0,18,0.726775458708558,51,18,69,0.2,11,rough
1,1,17,0.3937130142647242,27,18,69,0.2,11,rough
2,2,19,0.4224570493101173,29,18,69,0.2,11,rough
3,3,20,0.18046967384336035,12,18,69,0.2,11,rough
4,4,19,0.4224570493101173,28,18,69,0.2,11,rough
5,5,18,0.726775458708558,50,18,69,0.2,11,rough
