,trials,x,zs,z_scaled,kernel,globalmax,t,id,environment
0,0,14,0.8573016022569282,58,13,66,0.2,2,rough
1,1,13,0.6990578638337398,46,13,66,0.2,2,rough
2,2,15,0.6098707450014589,39,13,66,0.2,2,rough
3,3,16,0.5113021142354829,34,13,66,0.2,2,rough
4,4,12,0.5487384604683339,36,13,66,0.2,2,rough
5,5,11,0.39743571947677514,27,13,66,0.2,2,rough
