,trials,x,zs,z_scaled,kernel,globalmax,t,id,environment
0,0,20,0.4879354979703924,34,6,71,0,5,rough
1,1,19,0.8179174035888768,59,6,71,0,5,rough
2,2,18,0.993617036115647,69,6,71,0,5,rough
3,3,17,0.6695509431437915,46,6,71,0,5,rough
4,4,19,0.8179174035888768,58,6,71,0,5,rough
5,5,18,0.993617036115647,69,6,71,0,5,rough
