,trials,x,zs,z_scaled,kernel,globalmax,t,id,environment
0,0,20,0.6021641643355382,39,14,63,1,40,smooth
1,1,19,0.6890791048065594,43,14,63,1,40,smooth
2,2,18,0.6429258140521318,40,14,63,1,40,smooth
3,3,21,0.47240773118508994,30,14,63,1,40,smooth
4,4,19,0.6890791048065594,42,14,63,1,40,smooth
5,5,20,0.6021641643355382,37,14,63,1,40,smooth
