,trials,x,zs,z_scaled,kernel,globalmax,t,id,environment
0,0,5,0.5503712021650681,44,12,78,1,41,rough
1,1,6,0.3596926243455298,29,12,78,1,41,rough
2,2,7,0.06242948327804764,6,12,78,1,41,rough
3,3,4,0.12608348071136655,10,12,78,1,41,rough
4,4,5,0.5503712021650681,41,12,78,1,41,rough
5,5,6,0.3596926243455298,29,12,78,1,41,rough
