,trials,x,zs,z_scaled,kernel,globalmax,t,id,environment
0,0,30,0.7679119631727531,50,13,66,1,5,smooth
1,1,29,0.8988260295375563,59,13,66,1,5,smooth
2,2,28,0.999040540390667,65,13,66,1,5,smooth
3,3,27,1.0,63,13,66,1,5,smooth
4,4,26,0.828632772158036,55,13,66,1,5,smooth
5,5,25,0.5688641647175368,39,13,66,1,5,smooth
