,trials,x,zs,z_scaled,kernel,globalmax,t,id,environment
0,0,28,0.20575785041386854,16,15,77,1,59,rough
1,1,27,0.24614360939591234,18,15,77,1,59,rough
2,2,29,0.48360640853846726,37,15,77,1,59,rough
3,3,30,0.8177447596444734,62,15,77,1,59,rough
4,4,29,0.48360640853846726,37,15,77,1,59,rough
5,5,30,0.8177447596444734,65,15,77,1,59,rough
