,trials,x,zs,z_scaled,kernel,globalmax,t,id,environment
0,0,23,0.0,0,33,67,1,56,rough
1,1,24,0.3937971327612423,25,33,67,1,56,rough
2,2,25,0.44533580110746623,29,33,67,1,56,rough
3,3,26,0.24355026068605004,17,33,67,1,56,rough
4,4,27,0.44645506519954303,31,33,67,1,56,rough
5,5,28,0.8375166897550276,56,33,67,1,56,rough
