,trials,x,zs,z_scaled,kernel,globalmax,t,id,environment
0,0,6,0.9613468752428588,71,11,72,1,68,rough
1,1,7,0.5818640996432024,42,11,72,1,68,rough
2,2,8,0.3270871528634166,23,11,72,1,68,rough
3,3,5,0.7013696425114325,49,11,72,1,68,rough
4,4,4,0.3181294900673139,24,11,72,1,68,rough
5,5,3,0.479163023708673,35,11,72,1,68,rough
