,trials,x,zs,z_scaled,kernel,globalmax,t,id,environment
0,0,1,0.47480617487014715,34,38,71,1,67,rough
1,1,2,0.7557651639957668,54,38,71,1,67,rough
2,2,3,0.8228070802749509,59,38,71,1,67,rough
3,3,4,0.5239514383648827,37,38,71,1,67,rough
4,4,5,0.5194046341218024,37,38,71,1,67,rough
5,5,2,0.7557651639957668,55,38,71,1,67,rough
