,trials,x,zs,z_scaled,kernel,globalmax,t,id,environment
0,0,27,0.6276551279619781,39,34,61,1,74,rough
1,1,26,0.5312093373283556,33,34,61,1,74,rough
2,2,28,0.49641852401379677,30,34,61,1,74,rough
3,3,29,0.5067742894605382,31,34,61,1,74,rough
4,4,30,0.3572727283854258,21,34,61,1,74,rough
5,5,27,0.6276551279619781,39,34,61,1,74,rough
