,trials,x,zs,z_scaled,kernel,globalmax,t,id,environment
0,0,18,0.6747182054806005,44,32,63,1,72,rough
1,1,17,0.4797889584250759,29,32,63,1,72,rough
2,2,19,0.7261583047807681,45,32,63,1,72,rough
3,3,20,0.9612122082264287,61,32,63,1,72,rough
4,4,19,0.7261583047807681,46,32,63,1,72,rough
5,5,20,0.9612122082264287,61,32,63,1,72,rough
