,beta,tau,length
0,0.07022269541304925,0.07818852427759714,0.7885327623521133
1,0.07022269541304925,0.07818852427759714,0.7885327623521133
2,0.07022269541304925,0.07818852427759714,0.7885327623521133
3,0.07022269541304925,0.07818852427759714,0.7885327623521133
4,0.07022269541304925,0.07818852427759714,0.7885327623521133
5,0.07022269541304925,0.07818852427759714,0.7885327623521133
