,beta,tau
0,1e-16,0.013803387138214374
1,1e-16,0.013803387138214374
2,1e-16,0.013803387138214374
3,1e-16,0.013803387138214374
4,1e-16,0.013803387138214374
5,1e-16,0.013803387138214374
6,1e-16,0.013803387138214374
7,1e-16,0.013803387138214374
8,1e-16,0.013803387138214374
9,1e-16,0.013803387138214374
10,1e-16,0.013803387138214374
