,beta,tau,length
0,2.2435537436213835,3.104330920602375,9.999999999881961
1,2.2435537436213835,3.104330920602375,9.999999999881961
2,2.2435537436213835,3.104330920602375,9.999999999881961
3,2.2435537436213835,3.104330920602375,9.999999999881961
4,2.2435537436213835,3.104330920602375,9.999999999881961
5,2.2435537436213835,3.104330920602375,9.999999999881961
