,beta,tau,length
0,9.999999998452793,0.0018249798967513331,0.3273846563038042
1,9.999999998452793,0.0018249798967513331,0.3273846563038042
2,9.999999998452793,0.0018249798967513331,0.3273846563038042
3,9.999999998452793,0.0018249798967513331,0.3273846563038042
4,9.999999998452793,0.0018249798967513331,0.3273846563038042
5,9.999999998452793,0.0018249798967513331,0.3273846563038042
