,beta,tau,length
0,7.794354427772319,0.0006707061836714768,0.9657165972137584
1,7.794354427772319,0.0006707061836714768,0.9657165972137584
2,7.794354427772319,0.0006707061836714768,0.9657165972137584
3,7.794354427772319,0.0006707061836714768,0.9657165972137584
4,7.794354427772319,0.0006707061836714768,0.9657165972137584
5,7.794354427772319,0.0006707061836714768,0.9657165972137584
