,beta,tau,length
0,1.2038016605541668,0.004750474126706361,0.7719520862121427
1,1.2038016605541668,0.004750474126706361,0.7719520862121427
2,1.2038016605541668,0.004750474126706361,0.7719520862121427
3,1.2038016605541668,0.004750474126706361,0.7719520862121427
4,1.2038016605541668,0.004750474126706361,0.7719520862121427
5,1.2038016605541668,0.004750474126706361,0.7719520862121427
