,beta,tau,length
0,9.99999999492297,0.01212947129058627,0.5090158574170368
1,9.99999999492297,0.01212947129058627,0.5090158574170368
2,9.99999999492297,0.01212947129058627,0.5090158574170368
3,9.99999999492297,0.01212947129058627,0.5090158574170368
4,9.99999999492297,0.01212947129058627,0.5090158574170368
5,9.99999999492297,0.01212947129058627,0.5090158574170368
