,beta,tau
0,1e-16,0.013376575367608601
1,1e-16,0.013376575367608601
2,1e-16,0.013376575367608601
3,1e-16,0.013376575367608601
4,1e-16,0.013376575367608601
5,1e-16,0.013376575367608601
6,1e-16,0.013376575367608601
7,1e-16,0.013376575367608601
8,1e-16,0.013376575367608601
9,1e-16,0.013376575367608601
10,1e-16,0.013376575367608601
