,beta,tau,length
0,9.30435828463408e-10,0.39963575902469195,4.298499519772781
1,9.30435828463408e-10,0.39963575902469195,4.298499519772781
2,9.30435828463408e-10,0.39963575902469195,4.298499519772781
3,9.30435828463408e-10,0.39963575902469195,4.298499519772781
4,9.30435828463408e-10,0.39963575902469195,4.298499519772781
5,9.30435828463408e-10,0.39963575902469195,4.298499519772781
