,beta,tau
0,1e-16,0.013865735451489936
1,1e-16,0.013865735451489936
2,1e-16,0.013865735451489936
3,1e-16,0.013865735451489936
4,1e-16,0.013865735451489936
5,1e-16,0.013865735451489936
6,1e-16,0.013865735451489936
7,1e-16,0.013865735451489936
8,1e-16,0.013865735451489936
9,1e-16,0.013865735451489936
10,1e-16,0.013865735451489936
