,beta,tau,length
0,3.447210184770372e-10,0.8201296716924013,1.1033476044496393
1,3.447210184770372e-10,0.8201296716924013,1.1033476044496393
2,3.447210184770372e-10,0.8201296716924013,1.1033476044496393
3,3.447210184770372e-10,0.8201296716924013,1.1033476044496393
4,3.447210184770372e-10,0.8201296716924013,1.1033476044496393
5,3.447210184770372e-10,0.8201296716924013,1.1033476044496393
