,beta,tau
0,1e-16,0.013315873206055196
1,1e-16,0.013315873206055196
2,1e-16,0.013315873206055196
3,1e-16,0.013315873206055196
4,1e-16,0.013315873206055196
5,1e-16,0.013315873206055196
6,1e-16,0.013315873206055196
7,1e-16,0.013315873206055196
8,1e-16,0.013315873206055196
9,1e-16,0.013315873206055196
10,1e-16,0.013315873206055196
