,beta,tau,length
0,1.2040691482158876,0.004747122797054237,0.7718607672458262
1,1.2040691482158876,0.004747122797054237,0.7718607672458262
2,1.2040691482158876,0.004747122797054237,0.7718607672458262
3,1.2040691482158876,0.004747122797054237,0.7718607672458262
4,1.2040691482158876,0.004747122797054237,0.7718607672458262
5,1.2040691482158876,0.004747122797054237,0.7718607672458262
