,beta,tau
0,1e-16,0.013806234526817052
1,1e-16,0.013806234526817052
2,1e-16,0.013806234526817052
3,1e-16,0.013806234526817052
4,1e-16,0.013806234526817052
5,1e-16,0.013806234526817052
6,1e-16,0.013806234526817052
7,1e-16,0.013806234526817052
8,1e-16,0.013806234526817052
9,1e-16,0.013806234526817052
10,1e-16,0.013806234526817052
