,beta,tau
0,1e-16,0.013833532899026436
1,1e-16,0.013833532899026436
2,1e-16,0.013833532899026436
3,1e-16,0.013833532899026436
4,1e-16,0.013833532899026436
5,1e-16,0.013833532899026436
6,1e-16,0.013833532899026436
7,1e-16,0.013833532899026436
8,1e-16,0.013833532899026436
9,1e-16,0.013833532899026436
10,1e-16,0.013833532899026436
