,beta,tau,length
0,8.616517470854044,2.676057263424982,0.018919948962036293
1,8.616517470854044,2.676057263424982,0.018919948962036293
2,8.616517470854044,2.676057263424982,0.018919948962036293
3,8.616517470854044,2.676057263424982,0.018919948962036293
4,8.616517470854044,2.676057263424982,0.018919948962036293
5,8.616517470854044,2.676057263424982,0.018919948962036293
