,beta,tau,length
0,0.007039399553193759,0.03342908406611954,0.4140444473310019
1,0.007039399553193759,0.03342908406611954,0.4140444473310019
2,0.007039399553193759,0.03342908406611954,0.4140444473310019
3,0.007039399553193759,0.03342908406611954,0.4140444473310019
4,0.007039399553193759,0.03342908406611954,0.4140444473310019
5,0.007039399553193759,0.03342908406611954,0.4140444473310019
