,beta,tau,length
0,0.06825521273854783,1.1396722687340236e-05,0.2303788939773389
1,0.06825521273854783,1.1396722687340236e-05,0.2303788939773389
2,0.06825521273854783,1.1396722687340236e-05,0.2303788939773389
3,0.06825521273854783,1.1396722687340236e-05,0.2303788939773389
4,0.06825521273854783,1.1396722687340236e-05,0.2303788939773389
5,0.06825521273854783,1.1396722687340236e-05,0.2303788939773389
