,beta,tau,length
0,2.041800142285663e-12,0.8206445299120442,1.1034178766789038
1,2.041800142285663e-12,0.8206445299120442,1.1034178766789038
2,2.041800142285663e-12,0.8206445299120442,1.1034178766789038
3,2.041800142285663e-12,0.8206445299120442,1.1034178766789038
4,2.041800142285663e-12,0.8206445299120442,1.1034178766789038
5,2.041800142285663e-12,0.8206445299120442,1.1034178766789038
