,beta,tau,length
0,5.042009526071007,0.0034391519152117025,0.3749759576638174
1,5.042009526071007,0.0034391519152117025,0.3749759576638174
2,5.042009526071007,0.0034391519152117025,0.3749759576638174
3,5.042009526071007,0.0034391519152117025,0.3749759576638174
4,5.042009526071007,0.0034391519152117025,0.3749759576638174
5,5.042009526071007,0.0034391519152117025,0.3749759576638174
