,beta,tau
0,1e-16,0.013808358023662082
1,1e-16,0.013808358023662082
2,1e-16,0.013808358023662082
3,1e-16,0.013808358023662082
4,1e-16,0.013808358023662082
5,1e-16,0.013808358023662082
6,1e-16,0.013808358023662082
7,1e-16,0.013808358023662082
8,1e-16,0.013808358023662082
9,1e-16,0.013808358023662082
10,1e-16,0.013808358023662082
