,beta,tau,length
0,9.999999999457792,0.0028014754889866714,0.4519377567471812
1,9.999999999457792,0.0028014754889866714,0.4519377567471812
2,9.999999999457792,0.0028014754889866714,0.4519377567471812
3,9.999999999457792,0.0028014754889866714,0.4519377567471812
4,9.999999999457792,0.0028014754889866714,0.4519377567471812
5,9.999999999457792,0.0028014754889866714,0.4519377567471812
