,beta,tau,length
0,8.910158350869843,4.075445859564564e-07,0.18291957444469942
1,8.910158350869843,4.075445859564564e-07,0.18291957444469942
2,8.910158350869843,4.075445859564564e-07,0.18291957444469942
3,8.910158350869843,4.075445859564564e-07,0.18291957444469942
4,8.910158350869843,4.075445859564564e-07,0.18291957444469942
5,8.910158350869843,4.075445859564564e-07,0.18291957444469942
