,beta,tau,length
0,4.028565267154843e-11,0.39955245207859047,4.298973518307696
1,4.028565267154843e-11,0.39955245207859047,4.298973518307696
2,4.028565267154843e-11,0.39955245207859047,4.298973518307696
3,4.028565267154843e-11,0.39955245207859047,4.298973518307696
4,4.028565267154843e-11,0.39955245207859047,4.298973518307696
5,4.028565267154843e-11,0.39955245207859047,4.298973518307696
