,beta,tau,length
0,9.999999487905733,3.641973064082434e-05,0.4345233995802318
1,9.999999487905733,3.641973064082434e-05,0.4345233995802318
2,9.999999487905733,3.641973064082434e-05,0.4345233995802318
3,9.999999487905733,3.641973064082434e-05,0.4345233995802318
4,9.999999487905733,3.641973064082434e-05,0.4345233995802318
5,9.999999487905733,3.641973064082434e-05,0.4345233995802318
