,beta,tau,length
0,1.8545820514850927e-11,9.999999999748724,0.6291862814452782
1,1.8545820514850927e-11,9.999999999748724,0.6291862814452782
2,1.8545820514850927e-11,9.999999999748724,0.6291862814452782
3,1.8545820514850927e-11,9.999999999748724,0.6291862814452782
4,1.8545820514850927e-11,9.999999999748724,0.6291862814452782
5,1.8545820514850927e-11,9.999999999748724,0.6291862814452782
