,beta,tau,length
0,5.234273358095577,9.999999973817348,2.6094294431034215
1,5.234273358095577,9.999999973817348,2.6094294431034215
2,5.234273358095577,9.999999973817348,2.6094294431034215
3,5.234273358095577,9.999999973817348,2.6094294431034215
4,5.234273358095577,9.999999973817348,2.6094294431034215
5,5.234273358095577,9.999999973817348,2.6094294431034215
