,beta,tau,length
0,0.23041720743577587,0.08420300263082779,3.963779541922607
1,0.23041720743577587,0.08420300263082779,3.963779541922607
2,0.23041720743577587,0.08420300263082779,3.963779541922607
3,0.23041720743577587,0.08420300263082779,3.963779541922607
4,0.23041720743577587,0.08420300263082779,3.963779541922607
5,0.23041720743577587,0.08420300263082779,3.963779541922607
