,beta,tau,length
0,9.999999999762629,0.012130823642220834,0.5090172164222357
1,9.999999999762629,0.012130823642220834,0.5090172164222357
2,9.999999999762629,0.012130823642220834,0.5090172164222357
3,9.999999999762629,0.012130823642220834,0.5090172164222357
4,9.999999999762629,0.012130823642220834,0.5090172164222357
5,9.999999999762629,0.012130823642220834,0.5090172164222357
