,beta,tau,length
0,7.640654855470327e-12,9.99999999926969,0.029976530669700397
1,7.640654855470327e-12,9.99999999926969,0.029976530669700397
2,7.640654855470327e-12,9.99999999926969,0.029976530669700397
3,7.640654855470327e-12,9.99999999926969,0.029976530669700397
4,7.640654855470327e-12,9.99999999926969,0.029976530669700397
5,7.640654855470327e-12,9.99999999926969,0.029976530669700397
