,beta,tau
0,1e-16,0.013843346322644046
1,1e-16,0.013843346322644046
2,1e-16,0.013843346322644046
3,1e-16,0.013843346322644046
4,1e-16,0.013843346322644046
5,1e-16,0.013843346322644046
6,1e-16,0.013843346322644046
7,1e-16,0.013843346322644046
8,1e-16,0.013843346322644046
9,1e-16,0.013843346322644046
10,1e-16,0.013843346322644046
