,beta,tau,length
0,9.999999998636389,0.0010606523259044543,0.4240280386289126
1,9.999999998636389,0.0010606523259044543,0.4240280386289126
2,9.999999998636389,0.0010606523259044543,0.4240280386289126
3,9.999999998636389,0.0010606523259044543,0.4240280386289126
4,9.999999998636389,0.0010606523259044543,0.4240280386289126
5,9.999999998636389,0.0010606523259044543,0.4240280386289126
