,beta,tau,length
0,9.999999999740485,0.0017359696319869556,0.3434457173266421
1,9.999999999740485,0.0017359696319869556,0.3434457173266421
2,9.999999999740485,0.0017359696319869556,0.3434457173266421
3,9.999999999740485,0.0017359696319869556,0.3434457173266421
4,9.999999999740485,0.0017359696319869556,0.3434457173266421
5,9.999999999740485,0.0017359696319869556,0.3434457173266421
