,beta,tau
0,1e-16,0.013318669211063273
1,1e-16,0.013318669211063273
2,1e-16,0.013318669211063273
3,1e-16,0.013318669211063273
4,1e-16,0.013318669211063273
5,1e-16,0.013318669211063273
6,1e-16,0.013318669211063273
7,1e-16,0.013318669211063273
8,1e-16,0.013318669211063273
9,1e-16,0.013318669211063273
10,1e-16,0.013318669211063273
