,beta,tau,length
0,3.8314545478568753,4.901363094168242e-07,0.19946250040057467
1,3.8314545478568753,4.901363094168242e-07,0.19946250040057467
2,3.8314545478568753,4.901363094168242e-07,0.19946250040057467
3,3.8314545478568753,4.901363094168242e-07,0.19946250040057467
4,3.8314545478568753,4.901363094168242e-07,0.19946250040057467
5,3.8314545478568753,4.901363094168242e-07,0.19946250040057467
