,beta,tau,length
0,3.1731174043786974e-12,9.999999999856474,0.6292648315454703
1,3.1731174043786974e-12,9.999999999856474,0.6292648315454703
2,3.1731174043786974e-12,9.999999999856474,0.6292648315454703
3,3.1731174043786974e-12,9.999999999856474,0.6292648315454703
4,3.1731174043786974e-12,9.999999999856474,0.6292648315454703
5,3.1731174043786974e-12,9.999999999856474,0.6292648315454703
