,beta,tau,length
0,3.6989402617843847,0.0015022671619736472,1.0596673572909843
1,3.6989402617843847,0.0015022671619736472,1.0596673572909843
2,3.6989402617843847,0.0015022671619736472,1.0596673572909843
3,3.6989402617843847,0.0015022671619736472,1.0596673572909843
4,3.6989402617843847,0.0015022671619736472,1.0596673572909843
5,3.6989402617843847,0.0015022671619736472,1.0596673572909843
