,beta,tau,length
0,0.05195393627931209,0.1850782894319204,3.4712034965530654
1,0.05195393627931209,0.1850782894319204,3.4712034965530654
2,0.05195393627931209,0.1850782894319204,3.4712034965530654
3,0.05195393627931209,0.1850782894319204,3.4712034965530654
4,0.05195393627931209,0.1850782894319204,3.4712034965530654
5,0.05195393627931209,0.1850782894319204,3.4712034965530654
