,beta,tau,length
0,2.726733100283787,0.4284266997617038,0.009816969172131252
1,2.726733100283787,0.4284266997617038,0.009816969172131252
2,2.726733100283787,0.4284266997617038,0.009816969172131252
3,2.726733100283787,0.4284266997617038,0.009816969172131252
4,2.726733100283787,0.4284266997617038,0.009816969172131252
5,2.726733100283787,0.4284266997617038,0.009816969172131252
