,beta,tau,length
0,3.05561192867636,0.8870395668507998,0.0037571133570514117
1,3.05561192867636,0.8870395668507998,0.0037571133570514117
2,3.05561192867636,0.8870395668507998,0.0037571133570514117
3,3.05561192867636,0.8870395668507998,0.0037571133570514117
4,3.05561192867636,0.8870395668507998,0.0037571133570514117
5,3.05561192867636,0.8870395668507998,0.0037571133570514117
