,beta,tau,length
0,0.22925839674340376,0.04988470376731012,1.344031319815246
1,0.22925839674340376,0.04988470376731012,1.344031319815246
2,0.22925839674340376,0.04988470376731012,1.344031319815246
3,0.22925839674340376,0.04988470376731012,1.344031319815246
4,0.22925839674340376,0.04988470376731012,1.344031319815246
5,0.22925839674340376,0.04988470376731012,1.344031319815246
