,beta,tau,length
0,9.999999982052312,0.0003650056098681743,0.4277559064466969
1,9.999999982052312,0.0003650056098681743,0.4277559064466969
2,9.999999982052312,0.0003650056098681743,0.4277559064466969
3,9.999999982052312,0.0003650056098681743,0.4277559064466969
4,9.999999982052312,0.0003650056098681743,0.4277559064466969
5,9.999999982052312,0.0003650056098681743,0.4277559064466969
