,beta,tau,length
0,9.766530593567833,2.1421882297578768e-05,0.4449107888272925
1,9.766530593567833,2.1421882297578768e-05,0.4449107888272925
2,9.766530593567833,2.1421882297578768e-05,0.4449107888272925
3,9.766530593567833,2.1421882297578768e-05,0.4449107888272925
4,9.766530593567833,2.1421882297578768e-05,0.4449107888272925
5,9.766530593567833,2.1421882297578768e-05,0.4449107888272925
