,beta,tau,length
0,0.21612198597446186,0.13700621246538547,3.4477876440282564
1,0.21612198597446186,0.13700621246538547,3.4477876440282564
2,0.21612198597446186,0.13700621246538547,3.4477876440282564
3,0.21612198597446186,0.13700621246538547,3.4477876440282564
4,0.21612198597446186,0.13700621246538547,3.4477876440282564
5,0.21612198597446186,0.13700621246538547,3.4477876440282564
