,beta,tau,length
0,0.22925270880421522,0.049882233684588426,1.3440174835380336
1,0.22925270880421522,0.049882233684588426,1.3440174835380336
2,0.22925270880421522,0.049882233684588426,1.3440174835380336
3,0.22925270880421522,0.049882233684588426,1.3440174835380336
4,0.22925270880421522,0.049882233684588426,1.3440174835380336
5,0.22925270880421522,0.049882233684588426,1.3440174835380336
