,beta,tau,length
0,0.13505651875500801,3.034805408373983e-05,0.24195030602035605
1,0.13505651875500801,3.034805408373983e-05,0.24195030602035605
2,0.13505651875500801,3.034805408373983e-05,0.24195030602035605
3,0.13505651875500801,3.034805408373983e-05,0.24195030602035605
4,0.13505651875500801,3.034805408373983e-05,0.24195030602035605
5,0.13505651875500801,3.034805408373983e-05,0.24195030602035605
