,beta,tau,length
0,1.0390585280245213e-13,9.999999998236031,0.6599953213285932
1,1.0390585280245213e-13,9.999999998236031,0.6599953213285932
2,1.0390585280245213e-13,9.999999998236031,0.6599953213285932
3,1.0390585280245213e-13,9.999999998236031,0.6599953213285932
4,1.0390585280245213e-13,9.999999998236031,0.6599953213285932
5,1.0390585280245213e-13,9.999999998236031,0.6599953213285932
