,beta,tau,length
0,0.23038918356627314,0.0842029714290483,3.9635838912993537
1,0.23038918356627314,0.0842029714290483,3.9635838912993537
2,0.23038918356627314,0.0842029714290483,3.9635838912993537
3,0.23038918356627314,0.0842029714290483,3.9635838912993537
4,0.23038918356627314,0.0842029714290483,3.9635838912993537
5,0.23038918356627314,0.0842029714290483,3.9635838912993537
