,beta,tau,length
0,0.07028729881162331,0.07820424650706102,0.7886953856673008
1,0.07028729881162331,0.07820424650706102,0.7886953856673008
2,0.07028729881162331,0.07820424650706102,0.7886953856673008
3,0.07028729881162331,0.07820424650706102,0.7886953856673008
4,0.07028729881162331,0.07820424650706102,0.7886953856673008
5,0.07028729881162331,0.07820424650706102,0.7886953856673008
