,beta,tau,length
0,3.719797876909495,0.7372845150982483,6.723768850479547e-05
1,3.719797876909495,0.7372845150982483,6.723768850479547e-05
2,3.719797876909495,0.7372845150982483,6.723768850479547e-05
3,3.719797876909495,0.7372845150982483,6.723768850479547e-05
4,3.719797876909495,0.7372845150982483,6.723768850479547e-05
5,3.719797876909495,0.7372845150982483,6.723768850479547e-05
