,beta,tau,length
0,9.99999999650223,0.00036500580398123327,0.4277558899647744
1,9.99999999650223,0.00036500580398123327,0.4277558899647744
2,9.99999999650223,0.00036500580398123327,0.4277558899647744
3,9.99999999650223,0.00036500580398123327,0.4277558899647744
4,9.99999999650223,0.00036500580398123327,0.4277558899647744
5,9.99999999650223,0.00036500580398123327,0.4277558899647744
