,beta,tau,length
0,0.011402410892234028,0.09968284365803558,0.12162567665630018
1,0.011402410892234028,0.09968284365803558,0.12162567665630018
2,0.011402410892234028,0.09968284365803558,0.12162567665630018
3,0.011402410892234028,0.09968284365803558,0.12162567665630018
4,0.011402410892234028,0.09968284365803558,0.12162567665630018
5,0.011402410892234028,0.09968284365803558,0.12162567665630018
