,beta,tau,length
0,9.999999992803275,0.0010605181636964445,0.4240262995406875
1,9.999999992803275,0.0010605181636964445,0.4240262995406875
2,9.999999992803275,0.0010605181636964445,0.4240262995406875
3,9.999999992803275,0.0010605181636964445,0.4240262995406875
4,9.999999992803275,0.0010605181636964445,0.4240262995406875
5,9.999999992803275,0.0010605181636964445,0.4240262995406875
