,beta,tau,length
0,1e-16,9.999999999997403,0.1334634837128552
1,1e-16,9.999999999997403,0.1334634837128552
2,1e-16,9.999999999997403,0.1334634837128552
3,1e-16,9.999999999997403,0.1334634837128552
4,1e-16,9.999999999997403,0.1334634837128552
5,1e-16,9.999999999997403,0.1334634837128552
