,beta,tau,length
0,0.007038232190094795,0.033438978653190884,0.41414074586243144
1,0.007038232190094795,0.033438978653190884,0.41414074586243144
2,0.007038232190094795,0.033438978653190884,0.41414074586243144
3,0.007038232190094795,0.033438978653190884,0.41414074586243144
4,0.007038232190094795,0.033438978653190884,0.41414074586243144
5,0.007038232190094795,0.033438978653190884,0.41414074586243144
