,beta,tau
0,1e-16,0.013816291598887188
1,1e-16,0.013816291598887188
2,1e-16,0.013816291598887188
3,1e-16,0.013816291598887188
4,1e-16,0.013816291598887188
5,1e-16,0.013816291598887188
6,1e-16,0.013816291598887188
7,1e-16,0.013816291598887188
8,1e-16,0.013816291598887188
9,1e-16,0.013816291598887188
10,1e-16,0.013816291598887188
