,beta,tau,length
0,0.05194837430042408,0.18508702147484524,3.4716203772246876
1,0.05194837430042408,0.18508702147484524,3.4716203772246876
2,0.05194837430042408,0.18508702147484524,3.4716203772246876
3,0.05194837430042408,0.18508702147484524,3.4716203772246876
4,0.05194837430042408,0.18508702147484524,3.4716203772246876
5,0.05194837430042408,0.18508702147484524,3.4716203772246876
