,trials,x,zs,z_scaled,kernel,globalmax,t,environment
0,0,9,0.7107425431413056,57,2,78,1,rough
1,1,10,0.5497138044516832,44,2,78,1,rough
2,0,11,0.25324525058047165,14,24,66,1,rough
3,1,12,0.689789542833985,46,24,66,1,rough
4,2,11,0.25324525058047165,17,24,66,1,rough
