,trials,x,z,horizons,environment,id
0,0,10,0.45751230806141674,5,rough,103
1,1,28,0.5536537715252365,5,rough,103
2,2,25,0.9479635990072997,5,rough,103
3,3,5,0.2929596881295136,5,rough,103
4,4,14,0.38965702558417104,5,rough,103
5,5,12,0.5859879606322622,5,rough,103
