,trials,x,z,horizons,environment,id
0,0,15,0.8168598723679836,5,rough,30
1,1,11,0.5796059047562273,5,rough,30
2,2,7,0.25037028433266806,5,rough,30
3,3,14,0.6787040437867742,5,rough,30
4,4,2,0.5925484781799233,5,rough,30
5,5,21,0.5429699720482415,5,rough,30
