,trials,x,z,horizons,environment,id
0,0,23,0.2954206500372349,5,rough,156
1,1,10,0.8147763414106513,5,rough,156
2,2,7,0.07452366823698381,5,rough,156
3,3,14,0.45755777891593963,5,rough,156
4,4,26,0.5490802756920385,5,rough,156
5,5,0,0.5550054910591494,5,rough,156
