,trials,x,z,horizons,environment,id
0,0,20,0.47240773118508994,10,smooth,318
1,1,3,0.7254461835490879,10,smooth,318
2,2,18,0.6890791048065594,10,smooth,318
3,3,21,0.41151774112030687,10,smooth,318
4,4,17,0.6429258140521318,10,smooth,318
5,5,16,0.4244169621310078,10,smooth,318
6,6,4,0.41323091981805454,10,smooth,318
7,7,18,0.6890791048065594,10,smooth,318
8,8,28,0.2550883699637327,10,smooth,318
9,9,10,0.32970452368672754,10,smooth,318
10,10,2,0.9663377520154366,10,smooth,318
