,trials,x,z,horizons,environment,id
0,0,19,0.050837115602884037,10,smooth,335
1,1,9,0.9224195494889865,10,smooth,335
2,2,16,0.6118417283169145,10,smooth,335
3,3,23,0.6337679668456351,10,smooth,335
4,4,6,0.0,10,smooth,335
5,5,23,0.6337679668456351,10,smooth,335
6,6,16,0.6118417283169145,10,smooth,335
7,7,10,1.0,10,smooth,335
8,8,8,0.627919182869412,10,smooth,335
9,9,22,0.47390428036316756,10,smooth,335
10,10,14,0.5643679317568718,10,smooth,335
