,trials,x,z,horizons,environment,id
0,0,15,0.26192002589765967,10,smooth,108
1,1,15,0.26192002589765967,10,smooth,108
2,2,23,0.6138283306580333,10,smooth,108
3,3,19,0.732621574324465,10,smooth,108
4,4,21,0.7325139222842392,10,smooth,108
5,5,4,0.09005114287247813,10,smooth,108
6,6,21,0.7325139222842392,10,smooth,108
7,7,16,0.40313917457125786,10,smooth,108
8,8,5,0.34671594460775984,10,smooth,108
9,9,19,0.732621574324465,10,smooth,108
10,10,17,0.5463270812380823,10,smooth,108
