,trials,x,z,horizons,environment,id
0,0,22,0.0,10,smooth,263
1,1,13,0.40923784017282,10,smooth,263
2,2,29,0.29846978454429185,10,smooth,263
3,3,24,0.4497072422703715,10,smooth,263
4,4,23,0.21084720491583028,10,smooth,263
5,5,20,0.2750810181162411,10,smooth,263
6,6,23,0.21084720491583028,10,smooth,263
7,7,2,0.5978147399985966,10,smooth,263
8,8,3,0.6391426995242028,10,smooth,263
9,9,8,0.41419182482629213,10,smooth,263
10,10,25,0.5344235554546856,10,smooth,263
