,trials,x,z,horizons,environment,id
0,0,7,1.0,5,rough,249
1,1,1,0.5781325854704923,5,rough,249
2,2,19,0.26241736595197407,5,rough,249
3,3,13,0.4391863696387141,5,rough,249
4,4,1,0.5781325854704923,5,rough,249
5,5,5,0.6497501954458332,5,rough,249
