,trials,x,z,horizons,environment,id
0,0,16,0.2721918517093892,10,smooth,286
1,1,17,0.4689741750163109,10,smooth,286
2,2,11,0.2883143034468796,10,smooth,286
3,3,8,0.5513456319281251,10,smooth,286
4,4,28,0.4874818943332892,10,smooth,286
5,5,13,0.2618997305989226,10,smooth,286
6,6,9,0.39361123587340124,10,smooth,286
7,7,7,0.43311264142905986,10,smooth,286
8,8,5,0.33118767712042685,10,smooth,286
9,9,12,0.3151048831539902,10,smooth,286
10,10,22,0.1793276037820016,10,smooth,286
