,trials,x,z,horizons,environment,id
0,0,10,0.41928237325232615,10,smooth,271
1,1,13,0.0,10,smooth,271
2,2,19,0.8696621929072221,10,smooth,271
3,3,2,0.3535886159292143,10,smooth,271
4,4,16,0.619580551738059,10,smooth,271
5,5,27,0.32924193592945555,10,smooth,271
6,6,23,0.30966363298922495,10,smooth,271
7,7,28,0.6232273838021007,10,smooth,271
8,8,12,0.08447303459099591,10,smooth,271
9,9,16,0.619580551738059,10,smooth,271
10,10,15,0.2965374464171663,10,smooth,271
