,trials,x,z,horizons,environment,id
0,0,11,0.3428826466609615,10,smooth,296
1,1,24,0.2550248281860953,10,smooth,296
2,2,8,0.5808934593261377,10,smooth,296
3,3,13,0.5482240170044905,10,smooth,296
4,4,10,0.3041842127512766,10,smooth,296
5,5,3,0.6952123281783481,10,smooth,296
6,6,18,0.5345222037205756,10,smooth,296
7,7,24,0.2550248281860953,10,smooth,296
8,8,12,0.4768437989224892,10,smooth,296
9,9,25,0.5942687846225974,10,smooth,296
10,10,26,0.8858239349719894,10,smooth,296
