,trials,x,z,horizons,environment,id
0,0,17,0.25642148233894063,10,smooth,330
1,1,3,0.46891607212233033,10,smooth,330
2,2,12,0.05116923286041199,10,smooth,330
3,3,15,0.4322232779996376,10,smooth,330
4,4,23,0.28271857383708004,10,smooth,330
5,5,10,0.2911993687447766,10,smooth,330
6,6,27,0.18071829122384875,10,smooth,330
7,7,26,0.2964573863113293,10,smooth,330
8,8,19,0.0825698068096695,10,smooth,330
9,9,22,0.8248194593184054,10,smooth,330
10,10,7,0.23393417541026992,10,smooth,330
