,trials,x,z,horizons,environment,id
0,0,15,0.24636195760732174,10,smooth,279
1,1,27,0.4035347124486383,10,smooth,279
2,2,12,0.3473188344611166,10,smooth,279
3,3,4,0.34902951819361483,10,smooth,279
4,4,12,0.3473188344611166,10,smooth,279
5,5,29,0.4743176026082243,10,smooth,279
6,6,15,0.24636195760732174,10,smooth,279
7,7,29,0.4743176026082243,10,smooth,279
8,8,10,0.4970772499780818,10,smooth,279
9,9,25,0.5288230025012319,10,smooth,279
10,10,22,0.7747025507107569,10,smooth,279
