,trials,x,z,horizons,environment,id
0,0,10,0.2801618362029448,10,rough,126
1,1,24,0.3015625382890858,10,rough,126
2,2,15,0.9397966312264515,10,rough,126
3,3,17,0.25404090248270655,10,rough,126
4,4,7,0.0645447613341522,10,rough,126
5,5,21,0.32654303644606864,10,rough,126
6,6,29,0.536591386331244,10,rough,126
7,7,23,0.2567957678917096,10,rough,126
8,8,2,0.1042706650637551,10,rough,126
9,9,17,0.25404090248270655,10,rough,126
10,10,18,0.44932540306508345,10,rough,126
