,trials,x,z,horizons,environment,id
0,0,14,0.0,10,rough,152
1,1,24,0.39611982189594847,10,rough,152
2,2,11,0.8892907645532425,10,rough,152
3,3,23,0.6097711657291071,10,rough,152
4,4,20,0.6924674110652616,10,rough,152
5,5,4,0.8836367912011707,10,rough,152
6,6,24,0.39611982189594847,10,rough,152
7,7,4,0.8836367912011707,10,rough,152
8,8,9,0.7818645619232797,10,rough,152
9,9,5,0.7098101457463769,10,rough,152
10,10,26,0.24614360939591234,10,rough,152
