,trials,x,z,horizons,environment,id
0,0,9,0.6552032682444526,5,rough,21
1,1,16,0.16787784227238578,5,rough,21
2,2,18,0.22396511866928806,5,rough,21
3,3,1,0.7748911627662383,5,rough,21
4,4,4,0.3734525299238103,5,rough,21
5,5,7,0.48054717867135877,5,rough,21
