,trials,x,z,horizons,environment,id
0,0,6,0.36226337162882766,10,rough,149
1,1,22,0.3789632337383859,10,rough,149
2,2,5,0.4174068480812776,10,rough,149
3,3,29,0.5898020234618504,10,rough,149
4,4,20,0.7702227746304062,10,rough,149
5,5,14,0.49228968628539077,10,rough,149
6,6,29,0.5898020234618504,10,rough,149
7,7,17,1.0,10,rough,149
8,8,6,0.36226337162882766,10,rough,149
9,9,23,0.632342781548526,10,rough,149
10,10,3,0.5286920448121384,10,rough,149
