,trials,x,z,horizons,environment,id
0,0,26,0.56315676766431,10,rough,11
1,1,10,0.21224117959778357,10,rough,11
2,2,25,0.5948990474360132,10,rough,11
3,3,26,0.56315676766431,10,rough,11
4,4,8,0.9198959465213588,10,rough,11
5,5,18,0.3408896701244219,10,rough,11
6,6,2,0.8228070802749509,10,rough,11
7,7,27,0.5510382329732314,10,rough,11
8,8,5,0.288937149348907,10,rough,11
9,9,19,0.2517163658181758,10,rough,11
10,10,29,1.0,10,rough,11
