,trials,x,z,horizons,environment,id
0,0,19,0.4629127563451476,5,rough,160
1,1,7,0.6360666488499358,5,rough,160
2,2,29,0.8177447596444734,5,rough,160
3,3,3,0.9966837725251273,5,rough,160
4,4,12,0.4460235164029772,5,rough,160
5,5,28,0.48360640853846726,5,rough,160
