,trials,x,z,horizons,environment,id
0,0,4,0.6695789393048104,5,smooth,233
1,1,9,0.2770237050889606,5,smooth,233
2,2,23,0.6649180656737889,5,smooth,233
3,3,8,0.478811242324549,5,smooth,233
4,4,0,0.3273192451178833,5,smooth,233
5,5,24,0.8759755949585178,5,smooth,233
