,trials,x,z,horizons,environment,id
0,0,1,0.9243180579894985,10,smooth,236
1,1,26,0.47634595483277714,10,smooth,236
2,2,12,0.6713885047383006,10,smooth,236
3,3,8,0.08761746965869353,10,smooth,236
4,4,24,0.5259082417487578,10,smooth,236
5,5,8,0.08761746965869353,10,smooth,236
6,6,29,0.6266856005146072,10,smooth,236
7,7,20,0.5202432902178524,10,smooth,236
8,8,9,0.0,10,smooth,236
9,9,22,0.379418039981813,10,smooth,236
10,10,16,0.9212342456286512,10,smooth,236
