,trials,x,z,horizons,environment,id
0,0,0,1.0,10,smooth,324
1,1,3,0.6655790974367705,10,smooth,324
2,2,14,0.0,10,smooth,324
3,3,17,0.30581606862494903,10,smooth,324
4,4,9,0.6520197863490393,10,smooth,324
5,5,13,0.023140086352258102,10,smooth,324
6,6,7,0.38465856827555217,10,smooth,324
7,7,0,1.0,10,smooth,324
8,8,17,0.30581606862494903,10,smooth,324
9,9,13,0.023140086352258102,10,smooth,324
10,10,4,0.4229822233219205,10,smooth,324
