,trials,x,z,horizons,environment,id
0,0,12,0.7474229379171358,5,smooth,129
1,1,26,0.3557980950065754,5,smooth,129
2,2,23,0.46082761093202373,5,smooth,129
3,3,21,0.6219448101366961,5,smooth,129
4,4,9,1.0,5,smooth,129
5,5,17,0.4227234471605543,5,smooth,129
