,trials,x,z,horizons,environment,id
0,0,1,0.3848117572349038,5,smooth,225
1,1,1,0.3848117572349038,5,smooth,225
2,2,28,0.6620691335983738,5,smooth,225
3,3,7,0.18557101699505146,5,smooth,225
4,4,24,0.1560584141137636,5,smooth,225
5,5,27,0.619489855357776,5,smooth,225
