,trials,x,z,horizons,environment,id
0,0,19,0.38000656713597636,10,smooth,275
1,1,11,0.9148230371180752,10,smooth,275
2,2,5,0.6031464100826509,10,smooth,275
3,3,24,0.726408910035048,10,smooth,275
4,4,3,0.29930784942058625,10,smooth,275
5,5,11,0.9148230371180752,10,smooth,275
6,6,25,0.8930266146657662,10,smooth,275
7,7,2,0.5199212422545935,10,smooth,275
8,8,25,0.8930266146657662,10,smooth,275
9,9,11,0.9148230371180752,10,smooth,275
10,10,11,0.9148230371180752,10,smooth,275
