,trials,x,z,horizons,environment,id
0,0,28,0.0,10,smooth,287
1,1,3,0.7198046931308051,10,smooth,287
2,2,3,0.7198046931308051,10,smooth,287
3,3,17,0.3641183425531859,10,smooth,287
4,4,22,0.7924694395892842,10,smooth,287
5,5,16,0.19995225785924178,10,smooth,287
6,6,22,0.7924694395892842,10,smooth,287
7,7,23,0.5953514037778586,10,smooth,287
8,8,1,0.44241426121662314,10,smooth,287
9,9,24,0.42846776730019726,10,smooth,287
10,10,19,0.883900592049785,10,smooth,287
