,trials,x,z,horizons,environment,id
0,0,5,0.13689468284457157,10,rough,198
1,1,17,0.5483808770937888,10,rough,198
2,2,10,0.5861022044517238,10,rough,198
3,3,9,0.24398761648124004,10,rough,198
4,4,24,0.814003284113426,10,rough,198
5,5,22,0.7147031365549676,10,rough,198
6,6,21,0.698234010499189,10,rough,198
7,7,14,0.5133619752290635,10,rough,198
8,8,2,0.30050652032586384,10,rough,198
9,9,10,0.5861022044517238,10,rough,198
10,10,17,0.5483808770937888,10,rough,198
