,trials,x,z,horizons,environment,id
0,0,18,0.7424195875680732,5,rough,242
1,1,6,0.5053684940518911,5,rough,242
2,2,3,0.07337515569897893,5,rough,242
3,3,17,0.6760518499849528,5,rough,242
4,4,25,1.0,5,rough,242
5,5,8,0.9552038482559212,5,rough,242
