,trials,x,z,horizons,environment,id
0,0,18,0.880232792052808,10,smooth,310
1,1,0,0.3905790489726215,10,smooth,310
2,2,21,0.7620596281381998,10,smooth,310
3,3,25,0.7300995070794045,10,smooth,310
4,4,17,0.8498080023590387,10,smooth,310
5,5,11,0.4739762790231101,10,smooth,310
6,6,7,1.0,10,smooth,310
7,7,5,0.8622258861354188,10,smooth,310
8,8,3,0.7583685997145962,10,smooth,310
9,9,15,0.7001322132217902,10,smooth,310
10,10,27,0.3232913844872023,10,smooth,310
