,trials,x,z,horizons,environment,id
0,0,28,0.0,10,smooth,178
1,1,24,0.6664760642684788,10,smooth,178
2,2,6,0.5469343536002171,10,smooth,178
3,3,25,0.5968639856253268,10,smooth,178
4,4,20,1.0,10,smooth,178
5,5,14,0.5276786515040821,10,smooth,178
6,6,21,0.905066361769084,10,smooth,178
7,7,28,0.0,10,smooth,178
8,8,1,0.8353065612106478,10,smooth,178
9,9,28,0.0,10,smooth,178
10,10,16,0.644598264398615,10,smooth,178
