,trials,x,z,horizons,environment,id
0,0,22,0.3789632337383859,10,rough,188
1,1,15,0.1783658367237774,10,rough,188
2,2,6,0.36226337162882766,10,rough,188
3,3,22,0.3789632337383859,10,rough,188
4,4,17,1.0,10,rough,188
5,5,21,0.37681962097143373,10,rough,188
6,6,21,0.37681962097143373,10,rough,188
7,7,28,0.3318862790941167,10,rough,188
8,8,20,0.7702227746304062,10,rough,188
9,9,1,0.4832652904273229,10,rough,188
10,10,15,0.1783658367237774,10,rough,188
