,trials,x,z,horizons,environment,id
0,0,6,0.6367852056774981,10,smooth,314
1,1,0,0.8983346825905716,10,smooth,314
2,2,18,0.46821806831579105,10,smooth,314
3,3,20,0.05903060443835843,10,smooth,314
4,4,8,0.668883150961484,10,smooth,314
5,5,5,0.6459471805178142,10,smooth,314
6,6,1,1.0,10,smooth,314
7,7,27,0.6451809849839495,10,smooth,314
8,8,15,0.4960555805380899,10,smooth,314
9,9,23,0.22818438083620302,10,smooth,314
10,10,1,1.0,10,smooth,314
