,trials,x,z,horizons,environment,id
0,0,14,0.17760798743261713,10,rough,228
1,1,25,0.39337195294982913,10,rough,228
2,2,12,0.5054770096476855,10,rough,228
3,3,22,0.4264702750244219,10,rough,228
4,4,28,0.09260808573208779,10,rough,228
5,5,25,0.39337195294982913,10,rough,228
6,6,26,0.4075885258241591,10,rough,228
7,7,6,0.3379684085871966,10,rough,228
8,8,7,0.8042491713976032,10,rough,228
9,9,9,0.6680373901576594,10,rough,228
10,10,18,0.636846270253349,10,rough,228
