,trials,x,z,horizons,environment,id
0,0,17,0.6205030459958362,10,smooth,290
1,1,22,0.9394512533106503,10,smooth,290
2,2,6,0.6289184070580767,10,smooth,290
3,3,4,0.5552177045925577,10,smooth,290
4,4,24,0.40226238677885723,10,smooth,290
5,5,19,0.5148668087459262,10,smooth,290
6,6,10,0.6750304111280592,10,smooth,290
7,7,0,0.1842402778905793,10,smooth,290
8,8,13,0.4349181320521283,10,smooth,290
9,9,26,0.6438602092037434,10,smooth,290
10,10,15,0.9907425563928741,10,smooth,290
