,trials,x,z,horizons,environment,id
0,0,24,0.42749904863632204,10,rough,208
1,1,27,0.2570649068245182,10,rough,208
2,2,12,0.3730415440928567,10,rough,208
3,3,20,0.5622082797169747,10,rough,208
4,4,18,0.3583899748066923,10,rough,208
5,5,25,0.48576873739655024,10,rough,208
6,6,9,0.08344542307393793,10,rough,208
7,7,20,0.5622082797169747,10,rough,208
8,8,9,0.08344542307393793,10,rough,208
9,9,6,0.5788237720667211,10,rough,208
10,10,25,0.48576873739655024,10,rough,208
