,trials,x,z,horizons,environment,id
0,0,10,0.6163554237969013,10,rough,130
1,1,4,0.5015230650563453,10,rough,130
2,2,29,0.5898020234618504,10,rough,130
3,3,13,0.7466995533359331,10,rough,130
4,4,17,1.0,10,rough,130
5,5,8,0.6872698198409547,10,rough,130
6,6,17,1.0,10,rough,130
7,7,21,0.37681962097143373,10,rough,130
8,8,6,0.36226337162882766,10,rough,130
9,9,8,0.6872698198409547,10,rough,130
10,10,2,0.2955272584909711,10,rough,130
