,trials,x,z,horizons,environment,id
0,0,7,0.6140045255617953,5,rough,1
1,1,13,0.303211362265867,5,rough,1
2,2,17,0.6509898737549125,5,rough,1
3,3,2,0.3507404596018232,5,rough,1
4,4,11,0.578072884080914,5,rough,1
5,5,1,0.19847376859395843,5,rough,1
