,trials,x,z,horizons,environment,id
0,0,26,0.7007990645578092,5,rough,259
1,1,4,0.5076397231616214,5,rough,259
2,2,0,0.5856858967237933,5,rough,259
3,3,24,1.0,5,rough,259
4,4,20,0.5422109204680851,5,rough,259
5,5,24,1.0,5,rough,259
