,trials,x,z,horizons,environment,id
0,0,2,0.3038442446646835,5,rough,17
1,1,14,0.8625001666786719,5,rough,17
2,2,7,0.7440650857610247,5,rough,17
3,3,27,0.3210545364539811,5,rough,17
4,4,1,0.4424753067328126,5,rough,17
5,5,15,0.7477967242253537,5,rough,17
