,trials,x,z,horizons,environment,id
0,0,2,0.36866976151965686,5,rough,18
1,1,13,0.0,5,rough,18
2,2,24,0.40792301864507857,5,rough,18
3,3,5,0.6193889914304662,5,rough,18
4,4,23,0.09488962434104711,5,rough,18
5,5,4,0.48017749378768,5,rough,18
