,trials,x,z,horizons,environment,id
0,0,13,0.8573016022569282,10,rough,127
1,1,23,0.8578289439670664,10,rough,127
2,2,9,0.11428255880934914,10,rough,127
3,3,10,0.39743571947677514,10,rough,127
4,4,8,0.7963056068977591,10,rough,127
5,5,8,0.7963056068977591,10,rough,127
6,6,27,0.6362072306555834,10,rough,127
7,7,24,0.835059450382272,10,rough,127
8,8,4,0.27985543230279236,10,rough,127
9,9,20,0.23271371172842847,10,rough,127
10,10,10,0.39743571947677514,10,rough,127
