,trials,x,z,horizons,environment,id
0,0,8,0.41419182482629213,10,smooth,329
1,1,20,0.2750810181162411,10,smooth,329
2,2,0,0.4993348619526304,10,smooth,329
3,3,18,0.9260326282948229,10,smooth,329
4,4,17,1.0,10,smooth,329
5,5,15,0.6700324769318372,10,smooth,329
6,6,1,0.5356488591539769,10,smooth,329
7,7,12,0.5693371098763556,10,smooth,329
8,8,5,0.44589061385168444,10,smooth,329
9,9,13,0.40923784017282,10,smooth,329
10,10,12,0.5693371098763556,10,smooth,329
