,trials,x,z,horizons,environment,id
0,0,7,0.44476167646166304,5,rough,240
1,1,4,0.2518444159423507,5,rough,240
2,2,14,0.0,5,rough,240
3,3,3,0.30486093130629816,5,rough,240
4,4,11,0.3488361525184188,5,rough,240
5,5,17,0.675474460709207,5,rough,240
