,trials,x,z,horizons,environment,id
0,0,18,0.6530330236618841,10,smooth,297
1,1,26,0.25280383828378855,10,smooth,297
2,2,28,0.0,10,smooth,297
3,3,24,0.42846776730019726,10,smooth,297
4,4,17,0.3641183425531859,10,smooth,297
5,5,1,0.44241426121662314,10,smooth,297
6,6,20,0.9693273453441724,10,smooth,297
7,7,8,0.5891996171546341,10,smooth,297
8,8,15,0.24770492929531815,10,smooth,297
9,9,23,0.5953514037778586,10,smooth,297
10,10,16,0.19995225785924178,10,smooth,297
