,trials,x,z,horizons,environment,id
0,0,14,0.2864179026369994,5,rough,246
1,1,1,0.7943865271211237,5,rough,246
2,2,28,0.4912128864834289,5,rough,246
3,3,3,0.8604519538022272,5,rough,246
4,4,13,0.456664753828438,5,rough,246
5,5,10,0.6459187672257226,5,rough,246
