,trials,x,z,horizons,environment,id
0,0,17,0.3112457074204715,10,smooth,332
1,1,26,0.41269368493825437,10,smooth,332
2,2,15,0.0,10,smooth,332
3,3,5,0.6764262773091281,10,smooth,332
4,4,21,0.9578787818179191,10,smooth,332
5,5,17,0.3112457074204715,10,smooth,332
6,6,1,0.7543282218940647,10,smooth,332
7,7,13,0.17838060453126628,10,smooth,332
8,8,23,0.9410162889103971,10,smooth,332
9,9,3,0.8734676865692808,10,smooth,332
10,10,15,0.0,10,smooth,332
