,trials,x,z,horizons,environment,id
0,0,15,0.5057996862989593,10,smooth,274
1,1,21,0.6219448101366961,10,smooth,274
2,2,29,0.2426812823406153,10,smooth,274
3,3,21,0.6219448101366961,10,smooth,274
4,4,11,0.8572766181145713,10,smooth,274
5,5,16,0.4454783462788208,10,smooth,274
6,6,11,0.8572766181145713,10,smooth,274
7,7,6,0.6691736922988369,10,smooth,274
8,8,15,0.5057996862989593,10,smooth,274
9,9,7,0.8342298616851657,10,smooth,274
10,10,0,0.018928779447066283,10,smooth,274
