,trials,x,z,horizons,environment,id
0,0,29,0.3960173404653874,5,rough,254
1,1,24,0.32361478086617196,5,rough,254
2,2,28,0.2474996645945452,5,rough,254
3,3,9,0.632929062630902,5,rough,254
4,4,7,0.6140045255617953,5,rough,254
5,5,5,0.7567865446378538,5,rough,254
