,trials,x,z,horizons,environment,id
0,0,17,0.3468972373153345,10,rough,110
1,1,5,0.3926874657528152,10,rough,110
2,2,16,0.49302520336318806,10,rough,110
3,3,21,0.24339278739270817,10,rough,110
4,4,6,0.27224301798862266,10,rough,110
5,5,1,0.5009654135671209,10,rough,110
6,6,26,0.5159010349805373,10,rough,110
7,7,22,0.025910586900282733,10,rough,110
8,8,28,0.5335744642555847,10,rough,110
9,9,3,0.38037599177272763,10,rough,110
10,10,4,0.48831164759226814,10,rough,110
