,trials,x,z,horizons,environment,id
0,0,7,0.35960917715652857,10,smooth,298
1,1,3,0.6391426995242028,10,smooth,298
2,2,17,1.0,10,smooth,298
3,3,7,0.35960917715652857,10,smooth,298
4,4,9,0.5402996893463663,10,smooth,298
5,5,13,0.40923784017282,10,smooth,298
6,6,6,0.37079851452242074,10,smooth,298
7,7,14,0.42181490498529856,10,smooth,298
8,8,6,0.37079851452242074,10,smooth,298
9,9,21,0.007090449210024568,10,smooth,298
10,10,12,0.5693371098763556,10,smooth,298
