,trials,x,z,horizons,environment,id
0,0,25,0.5015125764208248,10,smooth,292
1,1,0,0.8628498230877252,10,smooth,292
2,2,24,0.5259082417487578,10,smooth,292
3,3,6,0.3926072362400882,10,smooth,292
4,4,6,0.3926072362400882,10,smooth,292
5,5,5,0.3700040274140534,10,smooth,292
6,6,17,0.8434482639098503,10,smooth,292
7,7,13,0.8066510885903005,10,smooth,292
8,8,1,0.9243180579894985,10,smooth,292
9,9,16,0.9212342456286512,10,smooth,292
10,10,29,0.6266856005146072,10,smooth,292
