,trials,x,z,horizons,environment,id
0,0,15,0.49320817431060027,10,smooth,234
1,1,25,0.16043309882015616,10,smooth,234
2,2,17,0.30728195113607204,10,smooth,234
3,3,4,0.3450315609830117,10,smooth,234
4,4,29,0.21474851627711783,10,smooth,234
5,5,9,0.5612393752927937,10,smooth,234
6,6,19,0.06581116173051349,10,smooth,234
7,7,15,0.49320817431060027,10,smooth,234
8,8,7,0.2615081966665483,10,smooth,234
9,9,3,0.5591864332856966,10,smooth,234
10,10,4,0.3450315609830117,10,smooth,234
