,trials,x,z,horizons,environment,id
0,0,7,0.08091171590781421,10,rough,123
1,1,12,0.7655780093565977,10,rough,123
2,2,22,0.2323678397811582,10,rough,123
3,3,0,0.0,10,rough,123
4,4,23,0.6590812806609082,10,rough,123
5,5,24,1.0,10,rough,123
6,6,27,0.293347055914774,10,rough,123
7,7,7,0.08091171590781421,10,rough,123
8,8,1,0.19107719698922085,10,rough,123
9,9,2,0.7125645622989514,10,rough,123
10,10,28,0.38317735311027035,10,rough,123
