,trials,x,z,horizons,environment,id
0,0,28,0.29864282538004083,10,smooth,327
1,1,1,0.0,10,smooth,327
2,2,12,0.7474229379171358,10,smooth,327
3,3,18,0.4903239299446181,10,smooth,327
4,4,14,0.5329920352532485,10,smooth,327
5,5,7,0.8342298616851657,10,smooth,327
6,6,11,0.8572766181145713,10,smooth,327
7,7,5,0.4997156915379242,10,smooth,327
8,8,24,0.4755274241819322,10,smooth,327
9,9,23,0.46082761093202373,10,smooth,327
10,10,5,0.4997156915379242,10,smooth,327
