,trials,x,z,horizons,environment,id
0,0,20,0.2875523101167083,5,rough,15
1,1,23,0.2954206500372349,5,rough,15
2,2,7,0.07452366823698381,5,rough,15
3,3,8,0.5888140616193095,5,rough,15
4,4,6,0.0,5,rough,15
5,5,28,0.8714406805005026,5,rough,15
