,trials,x,z,horizons,environment,id
0,0,11,0.8572766181145713,10,smooth,31
1,1,17,0.4227234471605543,10,smooth,31
2,2,28,0.29864282538004083,10,smooth,31
3,3,28,0.29864282538004083,10,smooth,31
4,4,15,0.5057996862989593,10,smooth,31
5,5,9,1.0,10,smooth,31
6,6,27,0.3051534556654526,10,smooth,31
7,7,12,0.7474229379171358,10,smooth,31
8,8,21,0.6219448101366961,10,smooth,31
9,9,19,0.5605055622713453,10,smooth,31
10,10,14,0.5329920352532485,10,smooth,31
