,trials,x,z,horizons,environment,id
0,0,29,0.0,10,smooth,109
1,1,15,0.7001322132217902,10,smooth,109
2,2,24,0.6814349059178852,10,smooth,109
3,3,19,0.8214056243670559,10,smooth,109
4,4,25,0.7300995070794045,10,smooth,109
5,5,25,0.7300995070794045,10,smooth,109
6,6,3,0.7583685997145962,10,smooth,109
7,7,2,0.7489405210428423,10,smooth,109
8,8,29,0.0,10,smooth,109
9,9,0,0.3905790489726215,10,smooth,109
10,10,15,0.7001322132217902,10,smooth,109
