,trials,x,z,horizons,environment,id
0,0,3,0.47365935501930617,5,rough,248
1,1,15,0.5113021142354829,5,rough,248
2,2,29,0.2933554838757926,5,rough,248
3,3,1,0.7515699896880876,5,rough,248
4,4,2,0.6270149631982158,5,rough,248
5,5,28,0.49805850908061466,5,rough,248
