,trials,x,z,horizons,environment,id
0,0,3,0.47365935501930617,10,rough,125
1,1,24,0.835059450382272,10,rough,125
2,2,29,0.2933554838757926,10,rough,125
3,3,25,0.5981090253993594,10,rough,125
4,4,28,0.49805850908061466,10,rough,125
5,5,5,0.0,10,rough,125
6,6,12,0.6990578638337398,10,rough,125
7,7,16,1.0,10,rough,125
8,8,9,0.11428255880934914,10,rough,125
9,9,0,0.8496004955905626,10,rough,125
10,10,27,0.6362072306555834,10,rough,125
