,trials,x,z,horizons,environment,id
0,0,19,0.7382086968348924,10,rough,201
1,1,9,0.9138153375049988,10,rough,201
2,2,0,0.42615391311918493,10,rough,201
3,3,3,0.4323015520189186,10,rough,201
4,4,9,0.9138153375049988,10,rough,201
5,5,8,0.6924734701156648,10,rough,201
6,6,29,0.0,10,rough,201
7,7,5,0.46541595108087874,10,rough,201
8,8,25,0.29557968594470574,10,rough,201
9,9,20,0.49540979588953427,10,rough,201
10,10,2,0.7679476361419726,10,rough,201
