,trials,x,z,horizons,environment,id
0,0,2,0.1042706650637551,10,rough,158
1,1,29,0.536591386331244,10,rough,158
2,2,27,0.0838380014718469,10,rough,158
3,3,5,0.3596926243455298,10,rough,158
4,4,13,0.5005065253915096,10,rough,158
5,5,12,0.32109106814837,10,rough,158
6,6,17,0.25404090248270655,10,rough,158
7,7,21,0.32654303644606864,10,rough,158
8,8,6,0.06242948327804764,10,rough,158
9,9,3,0.12608348071136655,10,rough,158
10,10,1,0.12409412863144627,10,rough,158
