,trials,x,z,horizons,environment,id
0,0,12,0.5859879606322622,5,rough,256
1,1,25,0.9479635990072997,5,rough,256
2,2,28,0.5536537715252365,5,rough,256
3,3,2,0.7851749117361209,5,rough,256
4,4,21,0.18729251579198983,5,rough,256
5,5,15,0.6221130365145546,5,rough,256
