,trials,x,z,horizons,environment,id
0,0,2,0.9715097066051628,5,rough,165
1,1,13,0.456664753828438,5,rough,165
2,2,2,0.9715097066051628,5,rough,165
3,3,28,0.4912128864834289,5,rough,165
4,4,24,0.9787523687817326,5,rough,165
5,5,22,0.0,5,rough,165
