,trials,x,z,horizons,environment,id
0,0,29,0.4272178684216744,10,rough,218
1,1,15,0.6734661364842259,10,rough,218
2,2,23,0.3021465177909813,10,rough,218
3,3,4,0.3073250374609748,10,rough,218
4,4,17,0.7987404451025615,10,rough,218
5,5,10,0.3744901016590018,10,rough,218
6,6,18,0.33835685957246653,10,rough,218
7,7,5,0.2829458497256308,10,rough,218
8,8,10,0.3744901016590018,10,rough,218
9,9,9,0.6483492205094099,10,rough,218
10,10,4,0.3073250374609748,10,rough,218
