,trials,x,z,horizons,environment,id
0,0,8,0.8049062166121729,5,rough,16
1,1,20,0.6533633979104735,5,rough,16
2,2,1,0.0,5,rough,16
3,3,24,0.40066449479517335,5,rough,16
4,4,6,0.606437546891454,5,rough,16
5,5,5,0.6133451376143363,5,rough,16
