,trials,x,z,horizons,environment,id
0,0,27,0.31543951166824213,5,rough,32
1,1,12,1.0,5,rough,32
2,2,9,0.5488188641039033,5,rough,32
3,3,0,0.7189100412537902,5,rough,32
4,4,13,0.9636546096148284,5,rough,32
5,5,4,0.48831164759226814,5,rough,32
