,trials,x,z,horizons,environment,id
0,0,15,0.0,10,rough,207
1,1,4,0.33835677459885677,10,rough,207
2,2,13,0.4391863696387141,10,rough,207
3,3,18,0.22329970097615562,10,rough,207
4,4,17,0.5420643362905995,10,rough,207
5,5,3,0.21438656908097017,10,rough,207
6,6,6,0.9431653125242438,10,rough,207
7,7,9,0.5497138044516832,10,rough,207
8,8,11,0.19835641932627307,10,rough,207
9,9,9,0.5497138044516832,10,rough,207
10,10,20,0.4654917293031245,10,rough,207
