,trials,x,z,horizons,environment,id
0,0,9,0.009706004610563198,10,smooth,291
1,1,21,0.9697514918359245,10,smooth,291
2,2,28,0.2823654000245709,10,smooth,291
3,3,2,0.45448793352283245,10,smooth,291
4,4,28,0.2823654000245709,10,smooth,291
5,5,27,0.2499061862102741,10,smooth,291
6,6,25,0.5233937054204656,10,smooth,291
7,7,8,0.0,10,smooth,291
8,8,2,0.45448793352283245,10,smooth,291
9,9,6,0.32491027795947763,10,smooth,291
10,10,3,0.6480491653925223,10,smooth,291
