,trials,x,z,horizons,environment,id
0,0,17,0.5302106499335952,10,rough,147
1,1,27,0.2254951975794439,10,rough,147
2,2,23,0.45542130821314064,10,rough,147
3,3,12,0.6242994293834844,10,rough,147
4,4,5,0.7673303530416851,10,rough,147
5,5,28,0.4912128864834289,10,rough,147
6,6,21,0.10091414359040658,10,rough,147
7,7,0,0.12880771684285158,10,rough,147
8,8,22,0.0,10,rough,147
9,9,6,0.6749289328630887,10,rough,147
10,10,16,0.24960446783689674,10,rough,147
