,trials,x,z,horizons,environment,id
0,0,14,0.9278332348267991,10,smooth,284
1,1,12,0.6713885047383006,10,smooth,284
2,2,7,0.2607077777486002,10,smooth,284
3,3,2,0.7325116047659238,10,smooth,284
4,4,9,0.0,10,smooth,284
5,5,13,0.8066510885903005,10,smooth,284
6,6,14,0.9278332348267991,10,smooth,284
7,7,28,0.5092369307182406,10,smooth,284
8,8,21,0.35605072355848516,10,smooth,284
9,9,23,0.47480941520591113,10,smooth,284
10,10,24,0.5259082417487578,10,smooth,284
