,trials,x,z,horizons,environment,id
0,0,20,0.2875523101167083,10,rough,105
1,1,19,0.2674867256128164,10,rough,105
2,2,7,0.07452366823698381,10,rough,105
3,3,24,0.4957695194975224,10,rough,105
4,4,13,0.5796455614624194,10,rough,105
5,5,7,0.07452366823698381,10,rough,105
6,6,8,0.5888140616193095,10,rough,105
7,7,27,0.6427444382856763,10,rough,105
8,8,18,0.5957131671031876,10,rough,105
9,9,15,0.7457633852229868,10,rough,105
10,10,26,0.5490802756920385,10,rough,105
