,trials,x,z,horizons,environment,id
0,0,15,0.0,10,rough,217
1,1,17,0.5420643362905995,10,rough,217
2,2,1,0.5781325854704923,10,rough,217
3,3,14,0.16642672573552458,10,rough,217
4,4,5,0.6497501954458332,10,rough,217
5,5,25,0.6353954843639091,10,rough,217
6,6,24,0.6314817855314118,10,rough,217
7,7,2,0.2686953336281025,10,rough,217
8,8,4,0.33835677459885677,10,rough,217
9,9,29,0.5426981603114386,10,rough,217
10,10,5,0.6497501954458332,10,rough,217
