,trials,x,z,horizons,environment,id
0,0,25,0.5981090253993594,10,rough,166
1,1,22,0.6873480977629163,10,rough,166
2,2,19,0.4332266864186181,10,rough,166
3,3,22,0.6873480977629163,10,rough,166
4,4,4,0.27985543230279236,10,rough,166
5,5,21,0.27995821157943135,10,rough,166
6,6,28,0.49805850908061466,10,rough,166
7,7,4,0.27985543230279236,10,rough,166
8,8,1,0.7515699896880876,10,rough,166
9,9,2,0.6270149631982158,10,rough,166
10,10,14,0.6098707450014589,10,rough,166
