,trials,x,z,horizons,environment,id
0,0,7,1.0,10,rough,134
1,1,21,0.27978435073561475,10,rough,134
2,2,19,0.2914324057188202,10,rough,134
3,3,10,0.38682762978617863,10,rough,134
4,4,21,0.27978435073561475,10,rough,134
5,5,8,0.8405808456138621,10,rough,134
6,6,9,0.5683602999938835,10,rough,134
7,7,28,0.10423314150329159,10,rough,134
8,8,22,0.0,10,rough,134
9,9,25,0.33907860894824765,10,rough,134
10,10,20,0.5136436757945574,10,rough,134
