,trials,x,z,horizons,environment,id
0,0,10,0.9503491713282913,10,smooth,316
1,1,17,0.4227234471605543,10,smooth,316
2,2,9,1.0,10,smooth,316
3,3,22,0.5363882378941637,10,smooth,316
4,4,27,0.3051534556654526,10,smooth,316
5,5,21,0.6219448101366961,10,smooth,316
6,6,22,0.5363882378941637,10,smooth,316
7,7,7,0.8342298616851657,10,smooth,316
8,8,24,0.4755274241819322,10,smooth,316
9,9,27,0.3051534556654526,10,smooth,316
10,10,26,0.3557980950065754,10,smooth,316
