,trials,x,z,horizons,environment,id
0,0,17,0.675474460709207,10,rough,186
1,1,24,0.8357617464975418,10,rough,186
2,2,20,0.49250231077386625,10,rough,186
3,3,6,0.536962438365207,10,rough,186
4,4,25,0.5559766345807567,10,rough,186
5,5,4,0.2518444159423507,10,rough,186
6,6,20,0.49250231077386625,10,rough,186
7,7,23,0.9576932309003159,10,rough,186
8,8,23,0.9576932309003159,10,rough,186
9,9,23,0.9576932309003159,10,rough,186
10,10,27,0.5707413049946616,10,rough,186
