,trials,x,z,horizons,environment,id
0,0,20,0.7153570715603615,10,smooth,229
1,1,26,0.08113676643178204,10,smooth,229
2,2,21,0.6207727266239378,10,smooth,229
3,3,12,0.08447303459099591,10,smooth,229
4,4,3,0.40487596083973315,10,smooth,229
5,5,0,0.17336607145163732,10,smooth,229
6,6,29,0.7464190698907754,10,smooth,229
7,7,13,0.0,10,smooth,229
8,8,28,0.6232273838021007,10,smooth,229
9,9,4,0.403356998889531,10,smooth,229
10,10,0,0.17336607145163732,10,smooth,229
