,trials,x,z,horizons,environment,id
0,0,26,0.48308349478793566,10,rough,159
1,1,10,0.9015239282341648,10,rough,159
2,2,17,0.993617036115647,10,rough,159
3,3,0,0.0,10,rough,159
4,4,22,0.2323678397811582,10,rough,159
5,5,0,0.0,10,rough,159
6,6,24,1.0,10,rough,159
7,7,14,0.8002557402236996,10,rough,159
8,8,2,0.7125645622989514,10,rough,159
9,9,7,0.08091171590781421,10,rough,159
10,10,28,0.38317735311027035,10,rough,159
