,trials,x,z,horizons,environment,id
0,0,8,0.5283079665477357,5,rough,251
1,1,21,0.10091414359040658,5,rough,251
2,2,23,0.45542130821314064,5,rough,251
3,3,10,0.6459187672257226,5,rough,251
4,4,0,0.12880771684285158,5,rough,251
5,5,25,0.8643366856694688,5,rough,251
