,trials,x,z,horizons,environment,id
0,0,21,0.3464588882191701,10,rough,216
1,1,10,0.4263334521400389,10,rough,216
2,2,6,0.5962724553065704,10,rough,216
3,3,10,0.4263334521400389,10,rough,216
4,4,21,0.3464588882191701,10,rough,216
5,5,0,0.644026147519052,10,rough,216
6,6,13,0.34857690658805995,10,rough,216
7,7,24,0.7853099966595303,10,rough,216
8,8,10,0.4263334521400389,10,rough,216
9,9,3,0.41169519983392927,10,rough,216
10,10,17,0.726775458708558,10,rough,216
