,trials,x,z,horizons,environment,id
0,0,29,0.7191672931400127,5,rough,255
1,1,28,0.8827396954958825,5,rough,255
2,2,13,0.793713173750139,5,rough,255
3,3,2,0.40825413455391807,5,rough,255
4,4,0,0.6700168170121686,5,rough,255
5,5,6,0.32202775433377184,5,rough,255
