,trials,x,z,horizons,environment,id
0,0,11,0.5487384604683339,10,rough,196
1,1,0,0.8496004955905626,10,rough,196
2,2,13,0.8573016022569282,10,rough,196
3,3,11,0.5487384604683339,10,rough,196
4,4,25,0.5981090253993594,10,rough,196
5,5,2,0.6270149631982158,10,rough,196
6,6,27,0.6362072306555834,10,rough,196
7,7,0,0.8496004955905626,10,rough,196
8,8,5,0.0,10,rough,196
9,9,17,0.9898779651100205,10,rough,196
10,10,11,0.5487384604683339,10,rough,196
