,trials,x,z,horizons,environment,id
0,0,2,0.7768153252392527,10,smooth,104
1,1,8,0.8098553588281314,10,smooth,104
2,2,19,0.04716160558876339,10,smooth,104
3,3,14,1.0,10,smooth,104
4,4,21,0.2705167737284299,10,smooth,104
5,5,13,0.9323734493858715,10,smooth,104
6,6,19,0.04716160558876339,10,smooth,104
7,7,23,0.965808389255045,10,smooth,104
8,8,22,0.7486713131577437,10,smooth,104
9,9,15,0.8213307932327865,10,smooth,104
10,10,24,0.7349329286411572,10,smooth,104
