,trials,x,z,horizons,environment,id
0,0,25,0.40883610968065925,10,rough,142
1,1,24,0.22812430421273347,10,rough,142
2,2,4,0.3734525299238103,10,rough,142
3,3,26,0.3497707564649559,10,rough,142
4,4,25,0.40883610968065925,10,rough,142
5,5,9,0.6552032682444526,10,rough,142
6,6,25,0.40883610968065925,10,rough,142
7,7,19,0.0,10,rough,142
8,8,0,0.7743258240810659,10,rough,142
9,9,5,0.21975327238041395,10,rough,142
10,10,25,0.40883610968065925,10,rough,142
