,trials,x,z,horizons,environment,id
0,0,21,1.0,10,rough,177
1,1,9,0.08344542307393793,10,rough,177
2,2,0,0.0,10,rough,177
3,3,24,0.42749904863632204,10,rough,177
4,4,7,0.42756455479156835,10,rough,177
5,5,13,0.7010583279856111,10,rough,177
6,6,14,0.7226181992665368,10,rough,177
7,7,21,1.0,10,rough,177
8,8,1,0.20692076588724864,10,rough,177
9,9,12,0.3730415440928567,10,rough,177
10,10,14,0.7226181992665368,10,rough,177
