,trials,x,z,horizons,environment,id
0,0,1,0.10154050575817256,10,rough,210
1,1,29,0.49862210026639175,10,rough,210
2,2,0,0.37550148555634383,10,rough,210
3,3,13,0.5561728183291577,10,rough,210
4,4,26,0.23055120449958877,10,rough,210
5,5,21,0.4021319459694285,10,rough,210
6,6,8,0.5177452266633278,10,rough,210
7,7,4,0.31280889518157995,10,rough,210
8,8,28,0.33867838913281545,10,rough,210
9,9,17,0.1493996640954031,10,rough,210
10,10,14,0.6215778629619544,10,rough,210
