,trials,x,z,horizons,environment,id
0,0,6,0.3744445524084639,10,rough,154
1,1,6,0.3744445524084639,10,rough,154
2,2,15,0.4103089002383267,10,rough,154
3,3,1,0.19107719698922085,10,rough,154
4,4,4,0.16944809262696914,10,rough,154
5,5,26,0.48308349478793566,10,rough,154
6,6,0,0.0,10,rough,154
7,7,18,0.8179174035888768,10,rough,154
8,8,8,0.18232591955902747,10,rough,154
9,9,29,0.30248078429526476,10,rough,154
10,10,3,0.43353600909461565,10,rough,154
