,trials,x,z,horizons,environment,id
0,0,1,0.2699007478325084,10,rough,205
1,1,26,0.537200813302194,10,rough,205
2,2,4,0.2518444159423507,10,rough,205
3,3,16,0.787374658536536,10,rough,205
4,4,19,0.4658012325949179,10,rough,205
5,5,1,0.2699007478325084,10,rough,205
6,6,0,0.10669728342100794,10,rough,205
7,7,21,0.8582578011694865,10,rough,205
8,8,26,0.537200813302194,10,rough,205
9,9,20,0.49250231077386625,10,rough,205
10,10,13,0.1613739995862394,10,rough,205
