,trials,x,z,horizons,environment,id
0,0,12,0.4768437989224892,10,smooth,315
1,1,18,0.5345222037205756,10,smooth,315
2,2,3,0.6952123281783481,10,smooth,315
3,3,9,0.42667508623071804,10,smooth,315
4,4,29,0.9285547629532629,10,smooth,315
5,5,3,0.6952123281783481,10,smooth,315
6,6,1,0.5907728501662679,10,smooth,315
7,7,23,0.028077877822841643,10,smooth,315
8,8,23,0.028077877822841643,10,smooth,315
9,9,2,0.6970397243369723,10,smooth,315
10,10,17,0.5369527674197859,10,smooth,315
