,trials,x,z,horizons,environment,id
0,0,6,0.3379684085871966,10,rough,185
1,1,5,0.19116345440267873,10,rough,185
2,2,21,0.7302456119046754,10,rough,185
3,3,7,0.8042491713976032,10,rough,185
4,4,16,0.25965210547844486,10,rough,185
5,5,11,0.43514516203794434,10,rough,185
6,6,26,0.4075885258241591,10,rough,185
7,7,22,0.4264702750244219,10,rough,185
8,8,7,0.8042491713976032,10,rough,185
9,9,18,0.636846270253349,10,rough,185
10,10,24,0.2796502600995224,10,rough,185
