,trials,x,z,horizons,environment,id
0,0,19,0.4459701866343787,10,rough,250
1,1,18,0.3044167031324064,10,rough,250
2,2,19,0.4459701866343787,10,rough,250
3,3,25,0.5120680434009408,10,rough,250
4,4,9,0.9153269277290229,10,rough,250
5,5,25,0.5120680434009408,10,rough,250
6,6,16,0.382187717618609,10,rough,250
7,7,19,0.4459701866343787,10,rough,250
8,8,21,0.3605261036572353,10,rough,250
9,9,21,0.3605261036572353,10,rough,250
10,10,4,0.23514639420959366,10,rough,250
