,trials,x,z,horizons,environment,id
0,0,12,0.46792623645698955,10,rough,133
1,1,7,0.6146341535903143,10,rough,133
2,2,2,0.7679476361419726,10,rough,133
3,3,6,0.6435586453122651,10,rough,133
4,4,4,0.5009537731557802,10,rough,133
5,5,13,0.42175945147389476,10,rough,133
6,6,5,0.46541595108087874,10,rough,133
7,7,19,0.7382086968348924,10,rough,133
8,8,28,0.22357790183792084,10,rough,133
9,9,26,0.468408797226484,10,rough,133
10,10,13,0.42175945147389476,10,rough,133
