,trials,x,z,horizons,environment,id
0,0,16,0.892074689064824,10,rough,261
1,1,17,0.6663950864696381,10,rough,261
2,2,21,0.5429699720482415,10,rough,261
3,3,2,0.5925484781799233,10,rough,261
4,4,22,0.5390719315171875,10,rough,261
5,5,25,0.941801311629799,10,rough,261
6,6,13,0.6859250998356424,10,rough,261
7,7,26,0.7007990645578092,10,rough,261
8,8,19,0.4539483198877463,10,rough,261
9,9,20,0.5422109204680851,10,rough,261
10,10,14,0.6787040437867742,10,rough,261
