,trials,x,z,horizons,environment,id
0,0,25,0.5981090253993594,10,rough,181
1,1,9,0.11428255880934914,10,rough,181
2,2,10,0.39743571947677514,10,rough,181
3,3,4,0.27985543230279236,10,rough,181
4,4,20,0.23271371172842847,10,rough,181
5,5,24,0.835059450382272,10,rough,181
6,6,6,0.07473248475653334,10,rough,181
7,7,26,0.6047962679518347,10,rough,181
8,8,8,0.7963056068977591,10,rough,181
9,9,7,0.936038337977229,10,rough,181
10,10,28,0.49805850908061466,10,rough,181
