,trials,x,z,horizons,environment,id
0,0,17,0.5584869769385209,10,rough,219
1,1,0,0.992392343412836,10,rough,219
2,2,1,0.9576252730272603,10,rough,219
3,3,5,0.7098101457463769,10,rough,219
4,4,1,0.9576252730272603,10,rough,219
5,5,12,0.4460235164029772,10,rough,219
6,6,23,0.6097711657291071,10,rough,219
7,7,19,0.4629127563451476,10,rough,219
8,8,0,0.992392343412836,10,rough,219
9,9,17,0.5584869769385209,10,rough,219
10,10,24,0.39611982189594847,10,rough,219
