,trials,x,z,horizons,environment,id
0,0,16,0.7417863615468759,5,rough,162
1,1,0,0.027545328617873687,5,rough,162
2,2,17,0.690691896841164,5,rough,162
3,3,28,0.5371744470956896,5,rough,162
4,4,25,0.9998818439062999,5,rough,162
5,5,4,0.4845952117805598,5,rough,162
