,trials,x,z,horizons,environment,id
0,0,6,0.5469343536002171,5,smooth,235
1,1,25,0.5968639856253268,5,smooth,235
2,2,14,0.5276786515040821,5,smooth,235
3,3,23,0.6844862778721135,5,smooth,235
4,4,25,0.5968639856253268,5,smooth,235
5,5,3,0.25605761619852085,5,smooth,235
