,trials,x,z,horizons,environment,id
0,0,1,0.7557651639957668,10,rough,112
1,1,13,0.48352833635639875,10,rough,112
2,2,11,0.0,10,rough,112
3,3,11,0.0,10,rough,112
4,4,22,0.5730206631586978,10,rough,112
5,5,8,0.9198959465213588,10,rough,112
6,6,11,0.0,10,rough,112
7,7,17,0.3999882993131025,10,rough,112
8,8,16,0.6785432713507503,10,rough,112
9,9,8,0.9198959465213588,10,rough,112
10,10,27,0.5510382329732314,10,rough,112
