,trials,x,z,horizons,environment,id
0,0,5,0.4800337146997511,10,smooth,222
1,1,11,0.1969136396249461,10,smooth,222
2,2,7,0.5590460607831814,10,smooth,222
3,3,9,0.3812546501001692,10,smooth,222
4,4,20,1.0,10,smooth,222
5,5,21,0.905066361769084,10,smooth,222
6,6,26,0.4537478736980271,10,smooth,222
7,7,27,0.21995781710316642,10,smooth,222
8,8,6,0.5469343536002171,10,smooth,222
9,9,21,0.905066361769084,10,smooth,222
10,10,1,0.8353065612106478,10,smooth,222
