,trials,x,z,horizons,environment,id
0,0,6,0.40328288404099427,10,rough,180
1,1,25,0.5120680434009408,10,rough,180
2,2,22,0.12617320681130725,10,rough,180
3,3,22,0.12617320681130725,10,rough,180
4,4,29,0.24584652559746975,10,rough,180
5,5,12,0.7987810078357164,10,rough,180
6,6,23,0.5786383378249931,10,rough,180
7,7,8,0.3605324193644998,10,rough,180
8,8,16,0.382187717618609,10,rough,180
9,9,5,0.5351885397760904,10,rough,180
10,10,19,0.4459701866343787,10,rough,180
