,trials,x,z,horizons,environment,id
0,0,29,0.10743234622766987,10,rough,184
1,1,1,0.2699007478325084,10,rough,184
2,2,12,0.5582151722355261,10,rough,184
3,3,20,0.49250231077386625,10,rough,184
4,4,14,0.0,10,rough,184
5,5,26,0.537200813302194,10,rough,184
6,6,13,0.1613739995862394,10,rough,184
7,7,21,0.8582578011694865,10,rough,184
8,8,24,0.8357617464975418,10,rough,184
9,9,2,0.2135064742428969,10,rough,184
10,10,21,0.8582578011694865,10,rough,184
