,trials,x,z,horizons,environment,id
0,0,26,0.6876939662487835,10,rough,197
1,1,25,0.03527086544117967,10,rough,197
2,2,12,0.2490395177174104,10,rough,197
3,3,0,0.5217974939759648,10,rough,197
4,4,5,0.8290424871720697,10,rough,197
5,5,18,0.9915795472894015,10,rough,197
6,6,4,0.6793049776546309,10,rough,197
7,7,7,0.4417233130039695,10,rough,197
8,8,21,0.7237969913986216,10,rough,197
9,9,9,0.20720604075309937,10,rough,197
10,10,28,0.3296021588141457,10,rough,197
