,trials,x,z,horizons,environment,id
0,0,10,0.7505541501198791,10,rough,150
1,1,19,0.4459701866343787,10,rough,150
2,2,8,0.3605324193644998,10,rough,150
3,3,6,0.40328288404099427,10,rough,150
4,4,20,0.5769969872497501,10,rough,150
5,5,22,0.12617320681130725,10,rough,150
6,6,9,0.9153269277290229,10,rough,150
7,7,24,1.0,10,rough,150
8,8,18,0.3044167031324064,10,rough,150
9,9,26,0.22674491064330812,10,rough,150
10,10,7,0.16078400374492574,10,rough,150
