,trials,x,z,horizons,environment,id
0,0,10,1.0,10,rough,194
1,1,17,0.5584869769385209,10,rough,194
2,2,11,0.8892907645532425,10,rough,194
3,3,2,0.7395235364103776,10,rough,194
4,4,5,0.7098101457463769,10,rough,194
5,5,8,0.5859618548382588,10,rough,194
6,6,18,0.32107513474845184,10,rough,194
7,7,6,0.7658262245616495,10,rough,194
8,8,9,0.7818645619232797,10,rough,194
9,9,12,0.4460235164029772,10,rough,194
10,10,19,0.4629127563451476,10,rough,194
