,trials,x,z,horizons,environment,id
0,0,27,0.5494743037533734,10,rough,214
1,1,5,0.4235682796501017,10,rough,214
2,2,4,0.31280889518157995,10,rough,214
3,3,14,0.6215778629619544,10,rough,214
4,4,26,0.23055120449958877,10,rough,214
5,5,29,0.49862210026639175,10,rough,214
6,6,0,0.37550148555634383,10,rough,214
7,7,17,0.1493996640954031,10,rough,214
8,8,25,0.1550828034080701,10,rough,214
9,9,26,0.23055120449958877,10,rough,214
10,10,23,0.642809252510699,10,rough,214
