,trials,x,z,horizons,environment,id
0,0,22,0.7924694395892842,10,smooth,287
1,1,21,0.929753563824119,10,smooth,287
2,2,20,0.9693273453441724,10,smooth,287
3,3,21,0.929753563824119,10,smooth,287
4,4,20,0.9693273453441724,10,smooth,287
5,5,21,0.929753563824119,10,smooth,287
6,6,21,0.929753563824119,10,smooth,287
7,7,21,0.929753563824119,10,smooth,287
8,8,20,0.9693273453441724,10,smooth,287
9,9,21,0.929753563824119,10,smooth,287
10,10,20,0.9693273453441724,10,smooth,287
