,trials,x,z,horizons,environment,id
0,0,13,0.6574277842753801,5,smooth,414
1,1,14,0.822687881059501,5,smooth,414
2,2,13,0.6574277842753801,5,smooth,414
3,3,14,0.822687881059501,5,smooth,414
4,4,15,0.8902845363488477,5,smooth,414
5,5,15,0.8902845363488477,5,smooth,414
