,trials,x,z,horizons,environment,id
0,0,23,0.45542130821314064,5,rough,251
1,1,24,0.9787523687817326,5,rough,251
2,2,24,0.9787523687817326,5,rough,251
3,3,24,0.9787523687817326,5,rough,251
4,4,24,0.9787523687817326,5,rough,251
5,5,23,0.45542130821314064,5,rough,251
