,trials,x,z,horizons,environment,id
0,0,16,0.8033253460059827,10,smooth,266
1,1,15,0.9182645990201425,10,smooth,266
2,2,14,1.0,10,smooth,266
3,3,15,0.9182645990201425,10,smooth,266
4,4,14,1.0,10,smooth,266
5,5,14,1.0,10,smooth,266
6,6,14,1.0,10,smooth,266
7,7,15,0.9182645990201425,10,smooth,266
8,8,15,0.9182645990201425,10,smooth,266
9,9,16,0.8033253460059827,10,smooth,266
10,10,15,0.9182645990201425,10,smooth,266
