,trials,x,z,horizons,environment,id
0,0,1,0.7943865271211237,10,rough,200
1,1,2,0.9715097066051628,10,rough,200
2,2,2,0.9715097066051628,10,rough,200
3,3,3,0.8604519538022272,10,rough,200
4,4,2,0.9715097066051628,10,rough,200
5,5,3,0.8604519538022272,10,rough,200
6,6,3,0.8604519538022272,10,rough,200
7,7,3,0.8604519538022272,10,rough,200
8,8,3,0.8604519538022272,10,rough,200
9,9,3,0.8604519538022272,10,rough,200
10,10,2,0.9715097066051628,10,rough,200
