,trials,x,z,horizons,environment,id
0,0,15,0.49698399806675614,10,smooth,315
1,1,15,0.49698399806675614,10,smooth,315
2,2,15,0.49698399806675614,10,smooth,315
3,3,15,0.49698399806675614,10,smooth,315
4,4,15,0.49698399806675614,10,smooth,315
5,5,15,0.49698399806675614,10,smooth,315
6,6,14,0.5219982919602216,10,smooth,315
7,7,14,0.5219982919602216,10,smooth,315
8,8,13,0.5482240170044905,10,smooth,315
9,9,13,0.5482240170044905,10,smooth,315
10,10,13,0.5482240170044905,10,smooth,315
