,trials,x,z,horizons,environment,id
0,0,10,0.5117501611414308,10,smooth,333
1,1,10,0.5117501611414308,10,smooth,333
2,2,11,0.4044416970377967,10,smooth,333
3,3,11,0.4044416970377967,10,smooth,333
4,4,11,0.4044416970377967,10,smooth,333
5,5,12,0.6368547507086848,10,smooth,333
6,6,11,0.4044416970377967,10,smooth,333
7,7,12,0.6368547507086848,10,smooth,333
8,8,11,0.4044416970377967,10,smooth,333
9,9,12,0.6368547507086848,10,smooth,333
10,10,11,0.4044416970377967,10,smooth,333
