,trials,x,z,horizons,environment,id
0,0,11,0.6739809430179767,10,rough,180
1,1,10,0.7505541501198791,10,rough,180
2,2,10,0.7505541501198791,10,rough,180
3,3,10,0.7505541501198791,10,rough,180
4,4,10,0.7505541501198791,10,rough,180
5,5,11,0.6739809430179767,10,rough,180
6,6,10,0.7505541501198791,10,rough,180
7,7,9,0.9153269277290229,10,rough,180
8,8,9,0.9153269277290229,10,rough,180
9,9,9,0.9153269277290229,10,rough,180
10,10,9,0.9153269277290229,10,rough,180
