,trials,x,z,horizons,environment,id
0,0,4,0.3073250374609748,10,rough,218
1,1,3,0.5645738851469781,10,rough,218
2,2,4,0.3073250374609748,10,rough,218
3,3,4,0.3073250374609748,10,rough,218
4,4,5,0.2829458497256308,10,rough,218
5,5,5,0.2829458497256308,10,rough,218
6,6,6,0.7040433897844852,10,rough,218
7,7,7,0.7887056680501329,10,rough,218
8,8,8,0.5590239428260702,10,rough,218
9,9,9,0.6483492205094099,10,rough,218
10,10,10,0.3744901016590018,10,rough,218
