,trials,x,z,horizons,environment,id
0,0,4,0.48017749378768,5,rough,25
1,1,3,0.17244891323762293,5,rough,25
2,2,4,0.48017749378768,5,rough,25
3,3,3,0.17244891323762293,5,rough,25
4,4,2,0.36866976151965686,5,rough,25
5,5,1,0.3432408586939028,5,rough,25
