,trials,x,z,horizons,environment,id
0,0,10,0.7420720550611297,10,rough,191
1,1,11,0.5003253431802426,10,rough,191
2,2,12,0.46792623645698955,10,rough,191
3,3,12,0.46792623645698955,10,rough,191
4,4,12,0.46792623645698955,10,rough,191
5,5,11,0.5003253431802426,10,rough,191
6,6,10,0.7420720550611297,10,rough,191
7,7,10,0.7420720550611297,10,rough,191
8,8,10,0.7420720550611297,10,rough,191
9,9,11,0.5003253431802426,10,rough,191
10,10,10,0.7420720550611297,10,rough,191
