,trials,x,z,horizons,environment,id
0,0,21,0.07121732769477632,10,rough,155
1,1,20,0.2777338090079018,10,rough,155
2,2,20,0.2777338090079018,10,rough,155
3,3,20,0.2777338090079018,10,rough,155
4,4,19,0.28391676125891674,10,rough,155
5,5,20,0.2777338090079018,10,rough,155
6,6,21,0.07121732769477632,10,rough,155
7,7,20,0.2777338090079018,10,rough,155
8,8,21,0.07121732769477632,10,rough,155
9,9,21,0.07121732769477632,10,rough,155
10,10,20,0.2777338090079018,10,rough,155
