,trials,x,z,horizons,environment,id
0,0,5,0.3616367419703738,10,rough,215
1,1,6,0.38111509332979715,10,rough,215
2,2,5,0.3616367419703738,10,rough,215
3,3,4,0.4812666025381943,10,rough,215
4,4,3,0.5519019813530882,10,rough,215
5,5,2,0.5528649874007525,10,rough,215
6,6,3,0.5519019813530882,10,rough,215
7,7,4,0.4812666025381943,10,rough,215
8,8,5,0.3616367419703738,10,rough,215
9,9,4,0.4812666025381943,10,rough,215
10,10,3,0.5519019813530882,10,rough,215
