,trials,x,z,horizons,environment,id
0,0,7,0.8172115470632542,10,rough,148
1,1,7,0.8172115470632542,10,rough,148
2,2,7,0.8172115470632542,10,rough,148
3,3,7,0.8172115470632542,10,rough,148
4,4,6,1.0,10,rough,148
5,5,6,1.0,10,rough,148
6,6,5,0.6395516827179778,10,rough,148
7,7,6,1.0,10,rough,148
8,8,5,0.6395516827179778,10,rough,148
9,9,6,1.0,10,rough,148
10,10,6,1.0,10,rough,148
