,trials,x,z,horizons,environment,id
0,0,5,0.5054816669017494,10,smooth,262
1,1,4,0.403356998889531,10,smooth,262
2,2,3,0.40487596083973315,10,smooth,262
3,3,4,0.403356998889531,10,smooth,262
4,4,5,0.5054816669017494,10,smooth,262
5,5,4,0.403356998889531,10,smooth,262
6,6,5,0.5054816669017494,10,smooth,262
7,7,4,0.403356998889531,10,smooth,262
8,8,4,0.403356998889531,10,smooth,262
9,9,3,0.40487596083973315,10,smooth,262
10,10,2,0.3535886159292143,10,smooth,262
