,trials,x,z,horizons,environment,id
0,0,14,0.6098707450014589,10,rough,166
1,1,15,0.5113021142354829,10,rough,166
2,2,14,0.6098707450014589,10,rough,166
3,3,15,0.5113021142354829,10,rough,166
4,4,16,1.0,10,rough,166
5,5,16,1.0,10,rough,166
6,6,16,1.0,10,rough,166
7,7,15,0.5113021142354829,10,rough,166
8,8,14,0.6098707450014589,10,rough,166
9,9,13,0.8573016022569282,10,rough,166
10,10,12,0.6990578638337398,10,rough,166
