,trials,x,z,horizons,environment,id
0,0,25,0.5391296525601827,10,rough,138
1,1,25,0.5391296525601827,10,rough,138
2,2,25,0.5391296525601827,10,rough,138
3,3,26,0.36059844904549254,10,rough,138
4,4,25,0.5391296525601827,10,rough,138
5,5,26,0.36059844904549254,10,rough,138
6,6,25,0.5391296525601827,10,rough,138
7,7,25,0.5391296525601827,10,rough,138
8,8,26,0.36059844904549254,10,rough,138
9,9,25,0.5391296525601827,10,rough,138
10,10,26,0.36059844904549254,10,rough,138
