,trials,x,z,horizons,environment,id
0,0,8,0.6872698198409547,10,rough,149
1,1,9,0.7532391816980679,10,rough,149
2,2,8,0.6872698198409547,10,rough,149
3,3,8,0.6872698198409547,10,rough,149
4,4,7,0.47536601094046915,10,rough,149
5,5,8,0.6872698198409547,10,rough,149
6,6,8,0.6872698198409547,10,rough,149
7,7,8,0.6872698198409547,10,rough,149
8,8,8,0.6872698198409547,10,rough,149
9,9,9,0.7532391816980679,10,rough,149
10,10,9,0.7532391816980679,10,rough,149
