,trials,x,z,horizons,environment,id
0,0,2,0.0,10,smooth,264
1,1,3,0.1281807788331418,10,smooth,264
2,2,4,0.4268872318033567,10,smooth,264
3,3,4,0.4268872318033567,10,smooth,264
4,4,5,0.6594606996919687,10,smooth,264
5,5,5,0.6594606996919687,10,smooth,264
6,6,5,0.6594606996919687,10,smooth,264
7,7,5,0.6594606996919687,10,smooth,264
8,8,5,0.6594606996919687,10,smooth,264
9,9,5,0.6594606996919687,10,smooth,264
10,10,5,0.6594606996919687,10,smooth,264
