,trials,x,z,horizons,environment,id
0,0,17,0.4689741750163109,10,smooth,286
1,1,18,0.6215563360262073,10,smooth,286
2,2,19,0.5355844461225168,10,smooth,286
3,3,18,0.6215563360262073,10,smooth,286
4,4,17,0.4689741750163109,10,smooth,286
5,5,17,0.4689741750163109,10,smooth,286
6,6,18,0.6215563360262073,10,smooth,286
7,7,18,0.6215563360262073,10,smooth,286
8,8,18,0.6215563360262073,10,smooth,286
9,9,19,0.5355844461225168,10,smooth,286
10,10,18,0.6215563360262073,10,smooth,286
