,trials,x,z,horizons,environment,id
0,0,23,0.5403152451819,5,rough,257
1,1,22,0.904253779487103,5,rough,257
2,2,22,0.904253779487103,5,rough,257
3,3,21,1.0,5,rough,257
4,4,21,1.0,5,rough,257
5,5,22,0.904253779487103,5,rough,257
