,trials,x,z,horizons,environment,id
0,0,3,0.7905066427240656,10,rough,101
1,1,2,0.5970338241683012,10,rough,101
2,2,2,0.5970338241683012,10,rough,101
3,3,3,0.7905066427240656,10,rough,101
4,4,4,0.9257797919756222,10,rough,101
5,5,3,0.7905066427240656,10,rough,101
6,6,2,0.5970338241683012,10,rough,101
7,7,3,0.7905066427240656,10,rough,101
8,8,4,0.9257797919756222,10,rough,101
9,9,4,0.9257797919756222,10,rough,101
10,10,4,0.9257797919756222,10,rough,101
