,trials,x,z,horizons,environment,id
0,0,18,0.5039791783503855,5,rough,30
1,1,17,0.6663950864696381,5,rough,30
2,2,18,0.5039791783503855,5,rough,30
3,3,17,0.6663950864696381,5,rough,30
4,4,17,0.6663950864696381,5,rough,30
5,5,17,0.6663950864696381,5,rough,30
