,trials,x,z,horizons,environment,id
0,0,29,0.4272178684216744,5,rough,164
1,1,29,0.4272178684216744,5,rough,164
2,2,28,0.026946619126845383,5,rough,164
3,3,29,0.4272178684216744,5,rough,164
4,4,29,0.4272178684216744,5,rough,164
5,5,29,0.4272178684216744,5,rough,164
