,trials,x,z,horizons,environment,id
0,0,8,0.5859618548382588,5,rough,160
1,1,9,0.7818645619232797,5,rough,160
2,2,8,0.5859618548382588,5,rough,160
3,3,8,0.5859618548382588,5,rough,160
4,4,9,0.7818645619232797,5,rough,160
5,5,8,0.5859618548382588,5,rough,160
