,trials,x,z,horizons,environment,id
0,0,6,0.6094969499764967,10,rough,112
1,1,6,0.6094969499764967,10,rough,112
2,2,7,0.8247745594555462,10,rough,112
3,3,7,0.8247745594555462,10,rough,112
4,4,6,0.6094969499764967,10,rough,112
5,5,6,0.6094969499764967,10,rough,112
6,6,6,0.6094969499764967,10,rough,112
7,7,7,0.8247745594555462,10,rough,112
8,8,8,0.9198959465213588,10,rough,112
9,9,9,0.6568443963484519,10,rough,112
10,10,8,0.9198959465213588,10,rough,112
