,trials,x,z,horizons,environment,id
0,0,8,0.7106293577359617,10,rough,216
1,1,7,0.4868221183724005,10,rough,216
2,2,7,0.4868221183724005,10,rough,216
3,3,8,0.7106293577359617,10,rough,216
4,4,8,0.7106293577359617,10,rough,216
5,5,8,0.7106293577359617,10,rough,216
6,6,8,0.7106293577359617,10,rough,216
7,7,9,0.5210286888946247,10,rough,216
8,8,10,0.4263334521400389,10,rough,216
9,9,11,0.5162776819947471,10,rough,216
10,10,12,0.5169702221940202,10,rough,216
