,trials,x,z,horizons,environment,id
0,0,10,0.9952541178795606,5,rough,21
1,1,11,1.0,5,rough,21
2,2,11,1.0,5,rough,21
3,3,10,0.9952541178795606,5,rough,21
4,4,10,0.9952541178795606,5,rough,21
5,5,11,1.0,5,rough,21
