,trials,x,z,horizons,environment,id
0,0,12,0.46182000154184627,10,rough,211
1,1,11,0.45216175286216964,10,rough,211
2,2,12,0.46182000154184627,10,rough,211
3,3,13,0.0,10,rough,211
4,4,12,0.46182000154184627,10,rough,211
5,5,12,0.46182000154184627,10,rough,211
6,6,11,0.45216175286216964,10,rough,211
7,7,12,0.46182000154184627,10,rough,211
8,8,13,0.0,10,rough,211
9,9,13,0.0,10,rough,211
10,10,14,0.28932610127980823,10,rough,211
