,trials,x,z,horizons,environment,id
0,0,0,0.12880771684285158,10,rough,117
1,1,1,0.7943865271211237,10,rough,117
2,2,2,0.9715097066051628,10,rough,117
3,3,2,0.9715097066051628,10,rough,117
4,4,3,0.8604519538022272,10,rough,117
5,5,3,0.8604519538022272,10,rough,117
6,6,4,0.5340721961438706,10,rough,117
7,7,3,0.8604519538022272,10,rough,117
8,8,4,0.5340721961438706,10,rough,117
9,9,4,0.5340721961438706,10,rough,117
10,10,4,0.5340721961438706,10,rough,117
