,trials,x,z,horizons,environment,id
0,0,22,0.3944204430771257,10,rough,144
1,1,21,0.18197257177408893,10,rough,144
2,2,20,0.18990016869279425,10,rough,144
3,3,20,0.18990016869279425,10,rough,144
4,4,21,0.18197257177408893,10,rough,144
5,5,21,0.18197257177408893,10,rough,144
6,6,22,0.3944204430771257,10,rough,144
7,7,21,0.18197257177408893,10,rough,144
8,8,22,0.3944204430771257,10,rough,144
9,9,22,0.3944204430771257,10,rough,144
10,10,21,0.18197257177408893,10,rough,144
