,trials,x,z,horizons,environment,id
0,0,5,0.6031464100826509,10,smooth,283
1,1,4,0.3167871205620157,10,smooth,283
2,2,5,0.6031464100826509,10,smooth,283
3,3,4,0.3167871205620157,10,smooth,283
4,4,5,0.6031464100826509,10,smooth,283
5,5,4,0.3167871205620157,10,smooth,283
6,6,3,0.29930784942058625,10,smooth,283
7,7,3,0.29930784942058625,10,smooth,283
8,8,4,0.3167871205620157,10,smooth,283
9,9,3,0.29930784942058625,10,smooth,283
10,10,2,0.5199212422545935,10,smooth,283
