,trials,x,z,horizons,environment,id
0,0,15,0.26192002589765967,10,smooth,270
1,1,14,0.22915808651082128,10,smooth,270
2,2,13,0.3368663801928065,10,smooth,270
3,3,14,0.22915808651082128,10,smooth,270
4,4,15,0.26192002589765967,10,smooth,270
5,5,15,0.26192002589765967,10,smooth,270
6,6,14,0.22915808651082128,10,smooth,270
7,7,13,0.3368663801928065,10,smooth,270
8,8,12,0.4816591538810011,10,smooth,270
9,9,12,0.4816591538810011,10,smooth,270
10,10,12,0.4816591538810011,10,smooth,270
