,trials,x,z,horizons,environment,id
0,0,23,0.6844862778721135,10,smooth,178
1,1,23,0.6844862778721135,10,smooth,178
2,2,24,0.6664760642684788,10,smooth,178
3,3,24,0.6664760642684788,10,smooth,178
4,4,23,0.6844862778721135,10,smooth,178
5,5,24,0.6664760642684788,10,smooth,178
6,6,24,0.6664760642684788,10,smooth,178
7,7,23,0.6844862778721135,10,smooth,178
8,8,23,0.6844862778721135,10,smooth,178
9,9,23,0.6844862778721135,10,smooth,178
10,10,23,0.6844862778721135,10,smooth,178
