,trials,x,z,horizons,environment,id
0,0,2,0.6270149631982158,5,rough,10
1,1,1,0.7515699896880876,5,rough,10
2,2,2,0.6270149631982158,5,rough,10
3,3,1,0.7515699896880876,5,rough,10
4,4,2,0.6270149631982158,5,rough,10
5,5,3,0.47365935501930617,5,rough,10
