,trials,x,z,horizons,environment,id
0,0,12,0.6078728459378355,10,smooth,308
1,1,11,0.5613939290561613,10,smooth,308
2,2,10,0.4973679656428531,10,smooth,308
3,3,11,0.5613939290561613,10,smooth,308
4,4,12,0.6078728459378355,10,smooth,308
5,5,11,0.5613939290561613,10,smooth,308
6,6,11,0.5613939290561613,10,smooth,308
7,7,12,0.6078728459378355,10,smooth,308
8,8,13,0.5597956408081649,10,smooth,308
9,9,13,0.5597956408081649,10,smooth,308
10,10,12,0.6078728459378355,10,smooth,308
