,trials,x,z,horizons,environment,id
0,0,20,0.002499763956237678,10,smooth,104
1,1,21,0.2705167737284299,10,smooth,104
2,2,21,0.2705167737284299,10,smooth,104
3,3,22,0.7486713131577437,10,smooth,104
4,4,23,0.965808389255045,10,smooth,104
5,5,24,0.7349329286411572,10,smooth,104
6,6,23,0.965808389255045,10,smooth,104
7,7,22,0.7486713131577437,10,smooth,104
8,8,23,0.965808389255045,10,smooth,104
9,9,22,0.7486713131577437,10,smooth,104
10,10,23,0.965808389255045,10,smooth,104
