,trials,x,z,horizons,environment,id
0,0,12,0.6034535641267718,10,smooth,173
1,1,11,0.550624214885839,10,smooth,173
2,2,10,0.5286820563098075,10,smooth,173
3,3,10,0.5286820563098075,10,smooth,173
4,4,10,0.5286820563098075,10,smooth,173
5,5,9,0.43718603905643627,10,smooth,173
6,6,9,0.43718603905643627,10,smooth,173
7,7,10,0.5286820563098075,10,smooth,173
8,8,11,0.550624214885839,10,smooth,173
9,9,11,0.550624214885839,10,smooth,173
10,10,12,0.6034535641267718,10,smooth,173
