,trials,x,z,horizons,environment,id
0,0,7,0.936038337977229,5,rough,248
1,1,7,0.936038337977229,5,rough,248
2,2,6,0.07473248475653334,5,rough,248
3,3,6,0.07473248475653334,5,rough,248
4,4,6,0.07473248475653334,5,rough,248
5,5,7,0.936038337977229,5,rough,248
