,trials,x,z,horizons,environment,id
0,0,7,0.6140045255617953,5,rough,1
1,1,7,0.6140045255617953,5,rough,1
2,2,8,0.6438348745558343,5,rough,1
3,3,8,0.6438348745558343,5,rough,1
4,4,8,0.6438348745558343,5,rough,1
5,5,7,0.6140045255617953,5,rough,1
