,trials,x,z,horizons,environment,id
0,0,10,0.675571200155954,10,rough,213
1,1,11,0.19835641932627307,10,rough,213
2,2,11,0.19835641932627307,10,rough,213
3,3,12,0.21163137253888137,10,rough,213
4,4,13,0.4391863696387141,10,rough,213
5,5,13,0.4391863696387141,10,rough,213
6,6,12,0.21163137253888137,10,rough,213
7,7,12,0.21163137253888137,10,rough,213
8,8,13,0.4391863696387141,10,rough,213
9,9,13,0.4391863696387141,10,rough,213
10,10,13,0.4391863696387141,10,rough,213
