,trials,x,z,horizons,environment,id
0,0,6,0.008285534327977255,5,smooth,230
1,1,7,0.0,5,smooth,230
2,2,7,0.0,5,smooth,230
3,3,6,0.008285534327977255,5,smooth,230
4,4,7,0.0,5,smooth,230
5,5,6,0.008285534327977255,5,smooth,230
