,trials,x,z,horizons,environment,id
0,0,21,0.929753563824119,10,smooth,297
1,1,21,0.929753563824119,10,smooth,297
2,2,21,0.929753563824119,10,smooth,297
3,3,22,0.7924694395892842,10,smooth,297
4,4,22,0.7924694395892842,10,smooth,297
5,5,21,0.929753563824119,10,smooth,297
6,6,21,0.929753563824119,10,smooth,297
7,7,22,0.7924694395892842,10,smooth,297
8,8,22,0.7924694395892842,10,smooth,297
9,9,23,0.5953514037778586,10,smooth,297
10,10,22,0.7924694395892842,10,smooth,297
