,trials,x,z,horizons,environment,id
0,0,12,0.8049388273416341,10,rough,121
1,1,13,0.7064430676403356,10,rough,121
2,2,13,0.7064430676403356,10,rough,121
3,3,12,0.8049388273416341,10,rough,121
4,4,13,0.7064430676403356,10,rough,121
5,5,14,0.1760590048399126,10,rough,121
6,6,13,0.7064430676403356,10,rough,121
7,7,12,0.8049388273416341,10,rough,121
8,8,13,0.7064430676403356,10,rough,121
9,9,13,0.7064430676403356,10,rough,121
10,10,13,0.7064430676403356,10,rough,121
