,trials,x,z,horizons,environment,id
0,0,27,0.2583755096368173,10,smooth,331
1,1,27,0.2583755096368173,10,smooth,331
2,2,27,0.2583755096368173,10,smooth,331
3,3,28,0.30602578914275785,10,smooth,331
4,4,29,0.3069719129247653,10,smooth,331
5,5,29,0.3069719129247653,10,smooth,331
6,6,28,0.30602578914275785,10,smooth,331
7,7,28,0.30602578914275785,10,smooth,331
8,8,29,0.3069719129247653,10,smooth,331
9,9,29,0.3069719129247653,10,smooth,331
10,10,29,0.3069719129247653,10,smooth,331
