,trials,x,z,horizons,environment,id
0,0,16,1.0,10,rough,195
1,1,15,0.5113021142354829,10,rough,195
2,2,15,0.5113021142354829,10,rough,195
3,3,15,0.5113021142354829,10,rough,195
4,4,15,0.5113021142354829,10,rough,195
5,5,14,0.6098707450014589,10,rough,195
6,6,13,0.8573016022569282,10,rough,195
7,7,14,0.6098707450014589,10,rough,195
8,8,13,0.8573016022569282,10,rough,195
9,9,13,0.8573016022569282,10,rough,195
10,10,13,0.8573016022569282,10,rough,195
