,trials,x,z,horizons,environment,id
0,0,7,0.8112858687422094,10,rough,151
1,1,7,0.8112858687422094,10,rough,151
2,2,7,0.8112858687422094,10,rough,151
3,3,7,0.8112858687422094,10,rough,151
4,4,7,0.8112858687422094,10,rough,151
5,5,6,0.606437546891454,10,rough,151
6,6,7,0.8112858687422094,10,rough,151
7,7,6,0.606437546891454,10,rough,151
8,8,5,0.6133451376143363,10,rough,151
9,9,5,0.6133451376143363,10,rough,151
10,10,4,0.7182280016954184,10,rough,151
