,trials,x,z,horizons,environment,id
0,0,5,0.49198176022679757,10,smooth,300
1,1,6,0.39862735626029355,10,smooth,300
2,2,6,0.39862735626029355,10,smooth,300
3,3,6,0.39862735626029355,10,smooth,300
4,4,7,0.571513399369037,10,smooth,300
5,5,8,0.8098553588281314,10,smooth,300
6,6,7,0.571513399369037,10,smooth,300
7,7,7,0.571513399369037,10,smooth,300
8,8,6,0.39862735626029355,10,smooth,300
9,9,5,0.49198176022679757,10,smooth,300
10,10,6,0.39862735626029355,10,smooth,300
