,trials,x,z,horizons,environment,id
0,0,1,0.44241426121662314,10,smooth,285
1,1,0,0.4424304014199201,10,smooth,285
2,2,1,0.44241426121662314,10,smooth,285
3,3,0,0.4424304014199201,10,smooth,285
4,4,1,0.44241426121662314,10,smooth,285
5,5,2,0.5667348055888864,10,smooth,285
6,6,2,0.5667348055888864,10,smooth,285
7,7,1,0.44241426121662314,10,smooth,285
8,8,1,0.44241426121662314,10,smooth,285
9,9,1,0.44241426121662314,10,smooth,285
10,10,2,0.5667348055888864,10,smooth,285
