,trials,x,z,horizons,environment,id
0,0,5,0.6133451376143363,5,rough,252
1,1,6,0.606437546891454,5,rough,252
2,2,7,0.8112858687422094,5,rough,252
3,3,7,0.8112858687422094,5,rough,252
4,4,7,0.8112858687422094,5,rough,252
5,5,7,0.8112858687422094,5,rough,252
