,trials,x,z,horizons,environment,id
0,0,5,0.33118767712042685,10,smooth,269
1,1,6,0.20497748335292168,10,smooth,269
2,2,6,0.20497748335292168,10,smooth,269
3,3,7,0.43311264142905986,10,smooth,269
4,4,7,0.43311264142905986,10,smooth,269
5,5,8,0.5513456319281251,10,smooth,269
6,6,7,0.43311264142905986,10,smooth,269
7,7,8,0.5513456319281251,10,smooth,269
8,8,8,0.5513456319281251,10,smooth,269
9,9,8,0.5513456319281251,10,smooth,269
10,10,8,0.5513456319281251,10,smooth,269
