,trials,x,z,horizons,environment,id
0,0,25,0.9479635990072997,10,rough,137
1,1,25,0.9479635990072997,10,rough,137
2,2,26,0.513588877196416,10,rough,137
3,3,25,0.9479635990072997,10,rough,137
4,4,24,0.5659307084678943,10,rough,137
5,5,23,0.14660711891761605,10,rough,137
6,6,23,0.14660711891761605,10,rough,137
7,7,22,0.19180067710760637,10,rough,137
8,8,21,0.18729251579198983,10,rough,137
9,9,20,0.2952536112595885,10,rough,137
10,10,19,0.7995467053596134,10,rough,137
