,trials,x,z,horizons,environment,id
0,0,0,0.020132609858951784,5,rough,243
1,1,0,0.020132609858951784,5,rough,243
2,2,0,0.020132609858951784,5,rough,243
3,3,0,0.020132609858951784,5,rough,243
4,4,1,0.0,5,rough,243
5,5,2,0.026462249784343025,5,rough,243
