,trials,x,z,horizons,environment,id
0,0,10,0.9503491713282913,10,smooth,316
1,1,9,1.0,10,smooth,316
2,2,10,0.9503491713282913,10,smooth,316
3,3,9,1.0,10,smooth,316
4,4,9,1.0,10,smooth,316
5,5,9,1.0,10,smooth,316
6,6,10,0.9503491713282913,10,smooth,316
7,7,9,1.0,10,smooth,316
8,8,10,0.9503491713282913,10,smooth,316
9,9,10,0.9503491713282913,10,smooth,316
10,10,9,1.0,10,smooth,316
