,trials,x,z,horizons,environment,id
0,0,14,0.2864179026369994,5,rough,165
1,1,13,0.456664753828438,5,rough,165
2,2,14,0.2864179026369994,5,rough,165
3,3,13,0.456664753828438,5,rough,165
4,4,12,0.6242994293834844,5,rough,165
5,5,12,0.6242994293834844,5,rough,165
