,trials,x,z,horizons,environment,id
0,0,7,0.6360666488499358,10,rough,152
1,1,8,0.5859618548382588,10,rough,152
2,2,8,0.5859618548382588,10,rough,152
3,3,8,0.5859618548382588,10,rough,152
4,4,9,0.7818645619232797,10,rough,152
5,5,9,0.7818645619232797,10,rough,152
6,6,10,1.0,10,rough,152
7,7,10,1.0,10,rough,152
8,8,9,0.7818645619232797,10,rough,152
9,9,10,1.0,10,rough,152
10,10,10,1.0,10,rough,152
