,trials,x,z,horizons,environment,id
0,0,2,0.43968258114478603,5,rough,83
1,1,2,0.43968258114478603,5,rough,83
2,2,1,0.0,5,rough,83
3,3,1,0.0,5,rough,83
4,4,2,0.43968258114478603,5,rough,83
5,5,2,0.43968258114478603,5,rough,83
