,trials,x,z,horizons,environment,id
0,0,0,0.0,10,rough,123
1,1,0,0.0,10,rough,123
2,2,0,0.0,10,rough,123
3,3,1,0.19107719698922085,10,rough,123
4,4,1,0.19107719698922085,10,rough,123
5,5,1,0.19107719698922085,10,rough,123
6,6,2,0.7125645622989514,10,rough,123
7,7,3,0.43353600909461565,10,rough,123
8,8,2,0.7125645622989514,10,rough,123
9,9,1,0.19107719698922085,10,rough,123
10,10,2,0.7125645622989514,10,rough,123
