,trials,x,z,horizons,environment,id
0,0,16,0.16452923875268902,10,smooth,275
1,1,16,0.16452923875268902,10,smooth,275
2,2,16,0.16452923875268902,10,smooth,275
3,3,17,0.34585001600528004,10,smooth,275
4,4,18,0.4736032432367002,10,smooth,275
5,5,18,0.4736032432367002,10,smooth,275
6,6,17,0.34585001600528004,10,smooth,275
7,7,18,0.4736032432367002,10,smooth,275
8,8,18,0.4736032432367002,10,smooth,275
9,9,19,0.38000656713597636,10,smooth,275
10,10,19,0.38000656713597636,10,smooth,275
