,trials,x,z,horizons,environment,id
0,0,8,0.8405808456138621,10,rough,120
1,1,7,1.0,10,rough,120
2,2,7,1.0,10,rough,120
3,3,8,0.8405808456138621,10,rough,120
4,4,7,1.0,10,rough,120
5,5,8,0.8405808456138621,10,rough,120
6,6,7,1.0,10,rough,120
7,7,7,1.0,10,rough,120
8,8,7,1.0,10,rough,120
9,9,8,0.8405808456138621,10,rough,120
10,10,7,1.0,10,rough,120
