,trials,x,z,horizons,environment,id
0,0,4,0.623760777642158,5,rough,256
1,1,5,0.2929596881295136,5,rough,256
2,2,4,0.623760777642158,5,rough,256
3,3,4,0.623760777642158,5,rough,256
4,4,4,0.623760777642158,5,rough,256
5,5,4,0.623760777642158,5,rough,256
