,trials,x,z,horizons,environment,id
0,0,12,0.4768437989224892,10,smooth,296
1,1,11,0.3428826466609615,10,smooth,296
2,2,10,0.3041842127512766,10,smooth,296
3,3,9,0.42667508623071804,10,smooth,296
4,4,9,0.42667508623071804,10,smooth,296
5,5,10,0.3041842127512766,10,smooth,296
6,6,10,0.3041842127512766,10,smooth,296
7,7,10,0.3041842127512766,10,smooth,296
8,8,11,0.3428826466609615,10,smooth,296
9,9,10,0.3041842127512766,10,smooth,296
10,10,10,0.3041842127512766,10,smooth,296
