,trials,x,z,horizons,environment,id
0,0,11,0.6392416897223981,5,rough,153
1,1,11,0.6392416897223981,5,rough,153
2,2,11,0.6392416897223981,5,rough,153
3,3,11,0.6392416897223981,5,rough,153
4,4,11,0.6392416897223981,5,rough,153
5,5,11,0.6392416897223981,5,rough,153
