,trials,x,z,horizons,environment,id
0,0,24,0.4755274241819322,5,smooth,129
1,1,23,0.46082761093202373,5,smooth,129
2,2,22,0.5363882378941637,5,smooth,129
3,3,21,0.6219448101366961,5,smooth,129
4,4,20,0.6113177045644982,5,smooth,129
5,5,20,0.6113177045644982,5,smooth,129
