,trials,x,z,horizons,environment,id
0,0,10,0.5117501611414308,10,smooth,302
1,1,9,0.7800231456593052,10,smooth,302
2,2,8,0.8098553588281314,10,smooth,302
3,3,7,0.571513399369037,10,smooth,302
4,4,7,0.571513399369037,10,smooth,302
5,5,6,0.39862735626029355,10,smooth,302
6,6,6,0.39862735626029355,10,smooth,302
7,7,7,0.571513399369037,10,smooth,302
8,8,8,0.8098553588281314,10,smooth,302
9,9,7,0.571513399369037,10,smooth,302
10,10,7,0.571513399369037,10,smooth,302
