,trials,x,z,horizons,environment,id
0,0,26,0.45505514184941387,5,smooth,452
1,1,26,0.45505514184941387,5,smooth,452
2,2,25,0.3095773531715839,5,smooth,452
3,3,26,0.45505514184941387,5,smooth,452
4,4,26,0.45505514184941387,5,smooth,452
5,5,27,0.619489855357776,5,smooth,452
