,trials,x,z,horizons,environment,id
0,0,11,0.9181612413089759,10,smooth,265
1,1,11,0.9181612413089759,10,smooth,265
2,2,10,1.0,10,smooth,265
3,3,11,0.9181612413089759,10,smooth,265
4,4,12,0.7635794406028203,10,smooth,265
5,5,13,0.6125632037580412,10,smooth,265
6,6,12,0.7635794406028203,10,smooth,265
7,7,12,0.7635794406028203,10,smooth,265
8,8,13,0.6125632037580412,10,smooth,265
9,9,12,0.7635794406028203,10,smooth,265
10,10,12,0.7635794406028203,10,smooth,265
