,trials,x,z,horizons,environment,id
0,0,8,0.8049062166121729,5,rough,16
1,1,7,0.8112858687422094,5,rough,16
2,2,8,0.8049062166121729,5,rough,16
3,3,7,0.8112858687422094,5,rough,16
4,4,7,0.8112858687422094,5,rough,16
5,5,7,0.8112858687422094,5,rough,16
