,trials,x,z,horizons,environment,id
0,0,13,0.6128683763517736,10,smooth,31
1,1,13,0.6128683763517736,10,smooth,31
2,2,13,0.6128683763517736,10,smooth,31
3,3,13,0.6128683763517736,10,smooth,31
4,4,12,0.7474229379171358,10,smooth,31
5,5,11,0.8572766181145713,10,smooth,31
6,6,10,0.9503491713282913,10,smooth,31
7,7,11,0.8572766181145713,10,smooth,31
8,8,11,0.8572766181145713,10,smooth,31
9,9,10,0.9503491713282913,10,smooth,31
10,10,10,0.9503491713282913,10,smooth,31
