,trials,x,z,horizons,environment,id
0,0,16,0.2662463087682369,10,rough,207
1,1,16,0.2662463087682369,10,rough,207
2,2,15,0.0,10,rough,207
3,3,16,0.2662463087682369,10,rough,207
4,4,16,0.2662463087682369,10,rough,207
5,5,16,0.2662463087682369,10,rough,207
6,6,15,0.0,10,rough,207
7,7,15,0.0,10,rough,207
8,8,16,0.2662463087682369,10,rough,207
9,9,17,0.5420643362905995,10,rough,207
10,10,17,0.5420643362905995,10,rough,207
