,trials,x,z,horizons,environment,id
0,0,14,0.6098707450014589,10,rough,114
1,1,14,0.6098707450014589,10,rough,114
2,2,15,0.5113021142354829,10,rough,114
3,3,16,1.0,10,rough,114
4,4,15,0.5113021142354829,10,rough,114
5,5,15,0.5113021142354829,10,rough,114
6,6,14,0.6098707450014589,10,rough,114
7,7,14,0.6098707450014589,10,rough,114
8,8,13,0.8573016022569282,10,rough,114
9,9,13,0.8573016022569282,10,rough,114
10,10,13,0.8573016022569282,10,rough,114
