,trials,x,z,horizons,environment,id
0,0,21,0.4881188972560852,10,smooth,234
1,1,22,0.44586253459688163,10,smooth,234
2,2,22,0.44586253459688163,10,smooth,234
3,3,23,0.2643643571453962,10,smooth,234
4,4,22,0.44586253459688163,10,smooth,234
5,5,22,0.44586253459688163,10,smooth,234
6,6,23,0.2643643571453962,10,smooth,234
7,7,22,0.44586253459688163,10,smooth,234
8,8,21,0.4881188972560852,10,smooth,234
9,9,20,0.2908290382535925,10,smooth,234
10,10,21,0.4881188972560852,10,smooth,234
