,trials,x,z,horizons,environment,id
0,0,17,1.0,10,rough,140
1,1,17,1.0,10,rough,140
2,2,18,0.7740243607870062,10,rough,140
3,3,19,0.6477820583062025,10,rough,140
4,4,18,0.7740243607870062,10,rough,140
5,5,18,0.7740243607870062,10,rough,140
6,6,19,0.6477820583062025,10,rough,140
7,7,20,0.7702227746304062,10,rough,140
8,8,21,0.37681962097143373,10,rough,140
9,9,21,0.37681962097143373,10,rough,140
10,10,22,0.3789632337383859,10,rough,140
