,trials,x,z,horizons,environment,id
0,0,4,0.41323091981805454,10,smooth,272
1,1,4,0.41323091981805454,10,smooth,272
2,2,4,0.41323091981805454,10,smooth,272
3,3,5,0.13802274774081738,10,smooth,272
4,4,5,0.13802274774081738,10,smooth,272
5,5,5,0.13802274774081738,10,smooth,272
6,6,6,0.0,10,smooth,272
7,7,5,0.13802274774081738,10,smooth,272
8,8,4,0.41323091981805454,10,smooth,272
9,9,3,0.7254461835490879,10,smooth,272
10,10,3,0.7254461835490879,10,smooth,272
