,trials,x,z,horizons,environment,id
0,0,3,0.0,10,smooth,108
1,1,4,0.09005114287247813,10,smooth,108
2,2,4,0.09005114287247813,10,smooth,108
3,3,5,0.34671594460775984,10,smooth,108
4,4,6,0.6620576666663932,10,smooth,108
5,5,6,0.6620576666663932,10,smooth,108
6,6,5,0.34671594460775984,10,smooth,108
7,7,6,0.6620576666663932,10,smooth,108
8,8,7,0.9068470642522731,10,smooth,108
9,9,7,0.9068470642522731,10,smooth,108
10,10,7,0.9068470642522731,10,smooth,108
