,trials,x,z,horizons,environment,id
0,0,7,0.09794385277652874,10,smooth,174
1,1,6,0.0,10,smooth,174
2,2,6,0.0,10,smooth,174
3,3,5,0.14173790767826183,10,smooth,174
4,4,5,0.14173790767826183,10,smooth,174
5,5,5,0.14173790767826183,10,smooth,174
6,6,6,0.0,10,smooth,174
7,7,6,0.0,10,smooth,174
8,8,5,0.14173790767826183,10,smooth,174
9,9,4,0.34902951819361483,10,smooth,174
10,10,3,0.5029622192676447,10,smooth,174
