,trials,x,z,horizons,environment,id
0,0,6,0.32491027795947763,10,smooth,282
1,1,7,0.1438574850974171,10,smooth,282
2,2,8,0.0,10,smooth,282
3,3,8,0.0,10,smooth,282
4,4,9,0.009706004610563198,10,smooth,282
5,5,10,0.19336590392613398,10,smooth,282
6,6,11,0.4773319567233534,10,smooth,282
7,7,12,0.7620703813890717,10,smooth,282
8,8,11,0.4773319567233534,10,smooth,282
9,9,12,0.7620703813890717,10,smooth,282
10,10,12,0.7620703813890717,10,smooth,282
