,trials,x,z,horizons,environment,id
0,0,9,0.9631410498633851,5,rough,26
1,1,8,0.5177452266633278,5,rough,26
2,2,7,0.3934294520700327,5,rough,26
3,3,6,0.5503685628711116,5,rough,26
4,4,5,0.4235682796501017,5,rough,26
5,5,6,0.5503685628711116,5,rough,26
