,trials,x,z,horizons,environment,id
0,0,2,0.5199212422545935,10,smooth,321
1,1,3,0.29930784942058625,10,smooth,321
2,2,0,0.6013699535658993,10,smooth,321
3,3,0,0.6013699535658993,10,smooth,321
4,4,0,0.6013699535658993,10,smooth,321
5,5,0,0.6013699535658993,10,smooth,321
6,6,1,0.6796114945409657,10,smooth,321
7,7,0,0.6013699535658993,10,smooth,321
8,8,21,0.0,10,smooth,321
9,9,5,0.6031464100826509,10,smooth,321
10,10,0,0.6013699535658993,10,smooth,321
