,trials,x,z,horizons,environment,id
0,0,24,0.42749904863632204,10,rough,97
1,1,28,0.4339939347202208,10,rough,97
2,2,17,0.4523250166391161,10,rough,97
3,3,8,0.3572286350250081,10,rough,97
4,4,10,0.19851987485235803,10,rough,97
5,5,13,0.7010583279856111,10,rough,97
6,6,27,0.2570649068245182,10,rough,97
7,7,19,0.14581749675322694,10,rough,97
8,8,11,0.3748904939921205,10,rough,97
9,9,16,0.2889993800989493,10,rough,97
10,10,10,0.19851987485235803,10,rough,97
