,trials,x,z,horizons,environment,id
0,0,23,0.2567957678917096,10,rough,128
1,1,24,0.3015625382890858,10,rough,128
2,2,20,0.16065426442817898,10,rough,128
3,3,24,0.3015625382890858,10,rough,128
4,4,24,0.3015625382890858,10,rough,128
5,5,24,0.3015625382890858,10,rough,128
6,6,23,0.2567957678917096,10,rough,128
7,7,27,0.0838380014718469,10,rough,128
8,8,3,0.12608348071136655,10,rough,128
9,9,16,0.5691311997426599,10,rough,128
10,10,15,0.9397966312264515,10,rough,128
