,Unnamed: 0,trials,x,zs,z_scaled,kernel,globalmax,t,id,environment,horizons
0,0,0,6,0.3435247603934746,26,24,74,0.2,139,rough,5
1,1,1,7,0.3220277543337718,24,24,74,0.2,139,rough,5
2,2,2,8,0.5215630870004625,38,24,74,0.2,139,rough,5
3,3,3,9,0.1964169934092946,15,24,74,0.2,139,rough,5
4,4,4,8,0.5215630870004625,38,24,74,0.2,139,rough,5
5,5,5,7,0.3220277543337718,24,24,74,0.2,139,rough,5
