,Unnamed: 0,trials,x,zs,z_scaled,kernel,globalmax,t,id,environment,horizons
0,0,0,13,0.6990578638337398,42,13,61,0.4,109,rough,5
1,1,1,14,0.8573016022569282,53,13,61,0.4,109,rough,5
2,2,2,15,0.6098707450014589,35,13,61,0.4,109,rough,5
3,3,3,16,0.5113021142354829,33,13,61,0.4,109,rough,5
4,4,4,12,0.5487384604683339,35,13,61,0.4,109,rough,5
5,5,5,11,0.3974357194767751,24,13,61,0.4,109,rough,5
