,Unnamed: 0,trials,x,zs,z_scaled,kernel,globalmax,t,id,environment,horizons
0,0,0,16,0.8594131523194399,51,1,60,0.6,110,rough,5
1,1,1,17,0.6823647950374722,40,1,60,0.6,110,rough,5
2,2,2,15,0.867918144280984,52,1,60,0.6,110,rough,5
3,3,3,18,0.2005357558954023,16,1,60,0.6,110,rough,5
4,4,4,15,0.867918144280984,52,1,60,0.6,110,rough,5
5,5,5,19,0.0,0,1,60,0.6,110,rough,5
