,Unnamed: 0,trials,x,zs,z_scaled,kernel,globalmax,t,id,environment,horizons
0,0,0,25,0.9002294822519872,64,0,71,0,168,rough,5
1,1,1,24,0.7255729840707091,53,0,71,0,168,rough,5
2,2,2,26,1.0,70,0,71,0,168,rough,5
3,3,3,27,0.6488557604985616,48,0,71,0,168,rough,5
4,4,4,26,1.0,73,0,71,0,168,rough,5
5,5,5,25,0.9002294822519872,66,0,71,0,168,rough,5
