,Unnamed: 0,trials,x,zs,z_scaled,kernel,globalmax,t,id,environment,horizons
0,0,0,9,0.8405808456138621,52,21,62,0.6,120,rough,5
1,1,1,10,0.5683602999938835,37,21,62,0.6,120,rough,5
2,2,2,8,1.0,63,21,62,0.6,120,rough,5
3,3,3,7,0.5733019880361118,36,21,62,0.6,120,rough,5
4,4,4,9,0.8405808456138621,52,21,62,0.6,120,rough,5
5,5,5,8,1.0,62,21,62,0.6,120,rough,5
