,Unnamed: 0,trials,x,zs,z_scaled,kernel,globalmax,t,id,environment,horizons
0,0,0,12,0.7099794034296423,54,33,77,0.6,125,rough,5
1,1,1,13,0.306270934850429,23,33,77,0.6,125,rough,5
2,2,2,11,0.8605779054676187,66,33,77,0.6,125,rough,5
3,3,3,10,0.5688995775163305,44,33,77,0.6,125,rough,5
4,4,4,14,0.3554319846638396,27,33,77,0.6,125,rough,5
5,5,5,11,0.8605779054676187,66,33,77,0.6,125,rough,5
