,Unnamed: 0,trials,x,zs,z_scaled,kernel,globalmax,t,id,environment,horizons
0,0,0,12,0.7613874982108491,51,6,67,0.8,172,rough,5
1,1,1,13,0.7655780093565977,53,6,67,0.8,172,rough,5
2,2,2,14,0.6324338035085821,43,6,67,0.8,172,rough,5
3,3,3,13,0.7655780093565977,51,6,67,0.8,172,rough,5
4,4,4,12,0.7613874982108491,52,6,67,0.8,172,rough,5
5,5,5,13,0.7655780093565977,53,6,67,0.8,172,rough,5
