,Unnamed: 0,trials,x,zs,z_scaled,kernel,globalmax,t,id,environment,horizons
0,0,0,17,0.4936618876172163,39,5,76,0.4,165,rough,5
1,1,1,18,0.6004815159739864,46,5,76,0.4,165,rough,5
2,2,2,19,0.5835655224147718,45,5,76,0.4,165,rough,5
3,3,3,20,0.7669492119463357,57,5,76,0.4,165,rough,5
4,4,4,21,0.6533633979104735,51,5,76,0.4,165,rough,5
5,5,5,22,0.5544472142397148,41,5,76,0.4,165,rough,5
