,Unnamed: 0,trials,x,zs,z_scaled,kernel,globalmax,t,id,environment,horizons
0,0,0,26,0.5948990474360132,45,38,77,0.6,136,rough,5
1,1,1,25,0.3932196104924905,30,38,77,0.6,136,rough,5
2,2,2,27,0.56315676766431,43,38,77,0.6,136,rough,5
3,3,3,28,0.5510382329732314,41,38,77,0.6,136,rough,5
4,4,4,29,0.796405563065162,63,38,77,0.6,136,rough,5
5,5,5,30,1.0,76,38,77,0.6,136,rough,5
