,Unnamed: 0,trials,x,zs,z_scaled,kernel,globalmax,t,id,environment,horizons
0,0,0,14,0.0,0,20,73,0,122,rough,5
1,1,1,15,0.2893261012798082,23,20,73,0,122,rough,5
2,2,2,16,0.4729404948031451,33,20,73,0,122,rough,5
3,3,3,17,0.3311263310673438,25,20,73,0,122,rough,5
4,4,4,18,0.5945009541695622,45,20,73,0,122,rough,5
5,5,5,19,0.544490394655662,39,20,73,0,122,rough,5
