,Unnamed: 0,trials,x,zs,z_scaled,kernel,globalmax,t,id,environment,horizons
0,0,0,27,0.6856716851248803,44,21,66,0.6,151,rough,5
1,1,1,26,0.3390786089482476,22,21,66,0.6,151,rough,5
2,2,2,28,0.5502873747193335,37,21,66,0.6,151,rough,5
3,3,3,29,0.1042331415032915,5,21,66,0.6,151,rough,5
4,4,4,28,0.5502873747193335,37,21,66,0.6,151,rough,5
5,5,5,30,0.3160131356517615,21,21,66,0.6,151,rough,5
