,Unnamed: 0,trials,x,zs,z_scaled,kernel,globalmax,t,id,environment,horizons
0,0,0,7,0.3193475891301092,23,32,76,0.4,160,rough,5
1,1,1,8,0.525658253095662,41,32,76,0.4,160,rough,5
2,2,2,9,0.4839501523011206,37,32,76,0.4,160,rough,5
3,3,3,10,0.5607382492820501,44,32,76,0.4,160,rough,5
4,4,4,11,0.8921054362455296,68,32,76,0.4,160,rough,5
5,5,5,12,0.7164094353001287,54,32,76,0.4,160,rough,5
