,Unnamed: 0,trials,x,zs,z_scaled,kernel,globalmax,t,id,environment,horizons
0,0,0,8,0.6360666488499358,50,15,76,0.6,161,rough,5
1,1,1,7,0.7658262245616495,56,15,76,0.6,161,rough,5
2,2,2,9,0.5859618548382588,45,15,76,0.6,161,rough,5
3,3,3,6,0.7098101457463769,53,15,76,0.6,161,rough,5
4,4,4,10,0.7818645619232797,58,15,76,0.6,161,rough,5
5,5,5,11,1.0,75,15,76,0.6,161,rough,5
