,Unnamed: 0,trials,x,zs,z_scaled,kernel,globalmax,t,id,environment,horizons
0,0,0,5,0.5503712021650681,44,12,78,1,190,rough,5
1,1,1,6,0.3596926243455298,29,12,78,1,190,rough,5
2,2,2,7,0.0624294832780476,6,12,78,1,190,rough,5
3,3,3,4,0.1260834807113665,10,12,78,1,190,rough,5
4,4,4,5,0.5503712021650681,41,12,78,1,190,rough,5
5,5,5,6,0.3596926243455298,29,12,78,1,190,rough,5
