,Unnamed: 0,trials,x,zs,z_scaled,kernel,globalmax,t,id,environment,horizons
0,0,0,10,0.3278364053239185,24,27,72,0,173,rough,5
1,1,1,11,0.4575123080614167,32,27,72,0,173,rough,5
2,2,2,12,0.9409712118395116,67,27,72,0,173,rough,5
3,3,3,13,0.5859879606322622,43,27,72,0,173,rough,5
4,4,4,12,0.9409712118395116,68,27,72,0,173,rough,5
5,5,5,13,0.5859879606322622,41,27,72,0,173,rough,5
