,Unnamed: 0,trials,x,zs,z_scaled,kernel,globalmax,t,id,environment,horizons
0,0,0,27,0.7007990645578092,45,23,63,1,184,rough,5
1,1,1,28,0.873062679733712,54,23,63,1,184,rough,5
2,2,2,29,0.949224105566015,61,23,63,1,184,rough,5
3,3,3,26,0.941801311629799,60,23,63,1,184,rough,5
4,4,4,25,1.0,62,23,63,1,184,rough,5
5,5,5,24,0.7046905508594735,44,23,63,1,184,rough,5
