,Unnamed: 0,trials,x,zs,z_scaled,kernel,globalmax,t,id,environment,horizons
0,0,0,20,0.4332266864186181,27,13,62,0,102,rough,5
1,1,1,19,0.585119456900077,37,13,62,0,102,rough,5
2,2,2,21,0.2327137117284284,15,13,62,0,102,rough,5
3,3,3,19,0.585119456900077,36,13,62,0,102,rough,5
4,4,4,18,0.9898779651100204,63,13,62,0,102,rough,5
5,5,5,17,1.0,61,13,62,0,102,rough,5
