,Unnamed: 0,trials,x,zs,z_scaled,kernel,globalmax,t,id,environment,horizons
0,0,0,25,0.4957695194975224,28,17,61,0.2,113,rough,5
1,1,1,24,0.2954206500372349,17,17,61,0.2,113,rough,5
2,2,2,26,0.50837389412921,32,17,61,0.2,113,rough,5
3,3,3,27,0.5490802756920385,36,17,61,0.2,113,rough,5
4,4,4,28,0.6427444382856763,40,17,61,0.2,113,rough,5
5,5,5,29,0.8714406805005026,54,17,61,0.2,113,rough,5
