,Unnamed: 0,trials,x,zs,z_scaled,kernel,globalmax,t,id,environment,horizons
0,0,0,23,0.7747025507107569,58,20,74,1,181,smooth,5
1,1,1,24,0.6376863159101884,49,20,74,1,181,smooth,5
2,2,2,22,0.9048837591118988,66,20,74,1,181,smooth,5
3,3,3,21,0.9992988013845072,74,20,74,1,181,smooth,5
4,4,4,20,1.0,74,20,74,1,181,smooth,5
5,5,5,19,0.8657050895916107,64,20,74,1,181,smooth,5
