,Unnamed: 0,trials,x,zs,z_scaled,kernel,globalmax,t,id,environment,horizons
0,0,0,9,0.3415178539738536,22,11,69,0.4,170,rough,5
1,1,1,10,0.4730356284276829,31,11,69,0.4,170,rough,5
2,2,2,11,0.22333136842948,14,11,69,0.4,170,rough,5
3,3,3,12,0.0,0,11,69,0.4,170,rough,5
4,4,4,11,0.22333136842948,17,11,69,0.4,170,rough,5
5,5,5,10,0.4730356284276829,32,11,69,0.4,170,rough,5
