,Unnamed: 0,trials,x,zs,z_scaled,kernel,globalmax,t,id,environment,horizons
0,0,0,8,0.8172115470632542,50,34,61,0.2,164,rough,5
1,1,1,9,0.5246454200640559,31,34,61,0.2,164,rough,5
2,2,2,7,1.0,61,34,61,0.2,164,rough,5
3,3,3,6,0.6395516827179778,38,34,61,0.2,164,rough,5
4,4,4,7,1.0,61,34,61,0.2,164,rough,5
5,5,5,8,0.8172115470632542,51,34,61,0.2,164,rough,5
