,Unnamed: 0,trials,x,zs,z_scaled,kernel,globalmax,t,id,environment,horizons
0,0,0,20,0.4879354979703924,34,6,71,0,107,rough,5
1,1,1,19,0.8179174035888768,59,6,71,0,107,rough,5
2,2,2,18,0.993617036115647,69,6,71,0,107,rough,5
3,3,3,17,0.6695509431437915,46,6,71,0,107,rough,5
4,4,4,19,0.8179174035888768,58,6,71,0,107,rough,5
5,5,5,18,0.993617036115647,69,6,71,0,107,rough,5
