,Unnamed: 0,trials,x,zs,z_scaled,kernel,globalmax,t,id,environment,horizons
0,0,0,28,0.6044870459832244,38,32,63,0,148,rough,5
1,1,1,27,0.2617951544510665,16,32,63,0,148,rough,5
2,2,2,29,0.9809360855690082,62,32,63,0,148,rough,5
3,3,3,30,0.895503278936511,55,32,63,0,148,rough,5
4,4,4,29,0.9809360855690082,65,32,63,0,148,rough,5
5,5,5,30,0.895503278936511,57,32,63,0,148,rough,5
