,Unnamed: 0,trials,x,zs,z_scaled,kernel,globalmax,t,id,environment,horizons
0,0,0,16,0.6221130365145546,37,27,61,0.8,137,rough,5
1,1,1,17,0.7555603954098976,46,27,61,0.8,137,rough,5
2,2,2,18,1.0,60,27,61,0.8,137,rough,5
3,3,3,19,0.837687101803423,52,27,61,0.8,137,rough,5
4,4,4,20,0.7995467053596134,47,27,61,0.8,137,rough,5
5,5,5,21,0.2952536112595885,18,27,61,0.8,137,rough,5
