,Unnamed: 0,trials,x,zs,z_scaled,kernel,globalmax,t,id,environment,horizons
0,0,0,15,0.8002557402236996,50,6,66,0,143,rough,5
1,1,1,14,0.6324338035085821,42,6,66,0,143,rough,5
2,2,2,16,0.4103089002383267,26,6,66,0,143,rough,5
3,3,3,13,0.7655780093565977,52,6,66,0,143,rough,5
4,4,4,17,0.6695509431437915,45,6,66,0,143,rough,5
5,5,5,18,0.993617036115647,66,6,66,0,143,rough,5
