,Unnamed: 0,trials,x,zs,z_scaled,kernel,globalmax,t,id,environment,horizons
0,0,0,3,0.2955272584909711,18,4,63,0.6,131,rough,5
1,1,1,4,0.5286920448121384,33,4,63,0.6,131,rough,5
2,2,2,5,0.5015230650563453,33,4,63,0.6,131,rough,5
3,3,3,6,0.4174068480812776,27,4,63,0.6,131,rough,5
4,4,4,4,0.5286920448121384,32,4,63,0.6,131,rough,5
5,5,5,5,0.5015230650563453,32,4,63,0.6,131,rough,5
