,Unnamed: 0,trials,x,zs,z_scaled,kernel,globalmax,t,id,environment,horizons
0,0,0,25,0.3132798475595489,21,19,62,0.2,129,rough,5
1,1,1,26,0.4552916046228112,28,19,62,0.2,129,rough,5
2,2,2,27,0.5159010349805373,32,19,62,0.2,129,rough,5
3,3,3,28,0.3154395116682421,20,19,62,0.2,129,rough,5
4,4,4,29,0.5335744642555847,33,19,62,0.2,129,rough,5
5,5,5,30,0.5226178625142612,31,19,62,0.2,129,rough,5
