,Unnamed: 0,trials,x,zs,z_scaled,kernel,globalmax,t,id,environment,horizons
0,0,0,14,0.1378547921502408,8,27,64,0.4,104,rough,5
1,1,1,15,0.389657025584171,26,27,64,0.4,104,rough,5
2,2,2,16,0.6221130365145546,39,27,64,0.4,104,rough,5
3,3,3,17,0.7555603954098976,48,27,64,0.4,104,rough,5
4,4,4,18,1.0,64,27,64,0.4,104,rough,5
5,5,5,19,0.837687101803423,55,27,64,0.4,104,rough,5
