,Unnamed: 0,trials,x,zs,z_scaled,kernel,globalmax,t,id,environment,horizons
0,0,0,2,0.4832652904273229,38,4,77,0.4,135,rough,5
1,1,1,3,0.2955272584909711,25,4,77,0.4,135,rough,5
2,2,2,4,0.5286920448121384,43,4,77,0.4,135,rough,5
3,3,3,5,0.5015230650563453,38,4,77,0.4,135,rough,5
4,4,4,6,0.4174068480812776,32,4,77,0.4,135,rough,5
5,5,5,4,0.5286920448121384,40,4,77,0.4,135,rough,5
