,Unnamed: 0,trials,x,zs,z_scaled,kernel,globalmax,t,id,environment,horizons
0,0,0,29,0.4134816446567319,30,2,76,0,138,rough,5
1,1,1,28,0.5047157841007583,40,2,76,0,138,rough,5
2,2,2,27,0.4624724616134172,34,2,76,0,138,rough,5
3,3,3,30,0.5426981603114386,41,2,76,0,138,rough,5
4,4,4,26,0.6353954843639091,48,2,76,0,138,rough,5
5,5,5,25,0.6314817855314118,48,2,76,0,138,rough,5
