,Unnamed: 0,trials,x,zs,z_scaled,kernel,globalmax,t,id,environment,horizons
0,0,0,6,0.7098101457463769,55,15,75,0.8,111,rough,5
1,1,1,7,0.7658262245616495,58,15,75,0.8,111,rough,5
2,2,2,8,0.6360666488499358,48,15,75,0.8,111,rough,5
3,3,3,9,0.5859618548382588,46,15,75,0.8,111,rough,5
4,4,4,6,0.7098101457463769,54,15,75,0.8,111,rough,5
5,5,5,7,0.7658262245616495,56,15,75,0.8,111,rough,5
