,Unnamed: 0,trials,x,zs,z_scaled,kernel,globalmax,t,id,environment,horizons
0,0,0,17,0.2662463087682369,20,2,76,0.4,124,rough,5
1,1,1,18,0.5420643362905995,43,2,76,0.4,124,rough,5
2,2,2,19,0.2232997009761556,16,2,76,0.4,124,rough,5
3,3,3,16,0.0,0,2,76,0.4,124,rough,5
4,4,4,18,0.5420643362905995,41,2,76,0.4,124,rough,5
5,5,5,20,0.262417365951974,20,2,76,0.4,124,rough,5
