,Unnamed: 0,trials,x,zs,z_scaled,kernel,globalmax,t,id,environment,horizons
0,0,0,20,0.6021641643355382,39,14,63,1,189,smooth,5
1,1,1,19,0.6890791048065594,43,14,63,1,189,smooth,5
2,2,2,18,0.6429258140521318,40,14,63,1,189,smooth,5
3,3,3,21,0.4724077311850899,30,14,63,1,189,smooth,5
4,4,4,19,0.6890791048065594,42,14,63,1,189,smooth,5
5,5,5,20,0.6021641643355382,37,14,63,1,189,smooth,5
