,Unnamed: 0,trials,x,zs,z_scaled,kernel,globalmax,t,id,environment,horizons
0,0,0,24,0.2724262820992521,18,5,73,0.4,114,rough,5
1,1,1,23,0.4005841299083471,30,5,73,0.4,114,rough,5
2,2,2,22,0.5544472142397148,42,5,73,0.4,114,rough,5
3,3,3,21,0.6533633979104735,50,5,73,0.4,114,rough,5
4,4,4,22,0.5544472142397148,40,5,73,0.4,114,rough,5
5,5,5,23,0.4005841299083471,29,5,73,0.4,114,rough,5
