,Unnamed: 0,trials,x,zs,z_scaled,kernel,globalmax,t,id,environment,horizons
0,0,0,16,0.4159930159605165,25,14,61,0.8,152,rough,5
1,1,1,15,0.0,0,14,61,0.8,152,rough,5
2,2,2,17,0.787374658536536,48,14,61,0.8,152,rough,5
3,3,3,18,0.675474460709207,42,14,61,0.8,152,rough,5
4,4,4,17,0.787374658536536,49,14,61,0.8,152,rough,5
5,5,5,18,0.675474460709207,41,14,61,0.8,152,rough,5
