,Unnamed: 0,trials,x,zs,z_scaled,kernel,globalmax,t,id,environment,horizons
0,0,0,19,0.0,0,10,80,0.2,123,rough,5
1,1,1,18,0.1493996640954031,11,10,80,0.2,123,rough,5
2,2,2,17,0.5187488927640268,41,10,80,0.2,123,rough,5
3,3,3,16,1.0,80,10,80,0.2,123,rough,5
4,4,4,15,0.6215778629619544,52,10,80,0.2,123,rough,5
5,5,5,14,0.5561728183291577,44,10,80,0.2,123,rough,5
