,Unnamed: 0,trials,x,zs,z_scaled,kernel,globalmax,t,id,environment,horizons
0,0,0,1,0.4748061748701471,34,38,71,1,250,rough,5
1,1,1,2,0.7557651639957668,54,38,71,1,250,rough,5
2,2,2,3,0.8228070802749509,59,38,71,1,250,rough,5
3,3,3,4,0.5239514383648827,37,38,71,1,250,rough,5
4,4,4,5,0.5194046341218024,37,38,71,1,250,rough,5
5,5,5,2,0.7557651639957668,55,38,71,1,250,rough,5
