,Unnamed: 0,trials,x,zs,z_scaled,kernel,globalmax,t,id,environment,horizons
0,0,0,24,0.2954206500372349,24,17,76,1,238,rough,5
1,1,1,25,0.4957695194975224,37,17,76,1,238,rough,5
2,2,2,26,0.50837389412921,39,17,76,1,238,rough,5
3,3,3,27,0.5490802756920385,40,17,76,1,238,rough,5
4,4,4,28,0.6427444382856763,50,17,76,1,238,rough,5
5,5,5,29,0.8714406805005026,67,17,76,1,238,rough,5
