,Unnamed: 0,trials,x,zs,z_scaled,kernel,globalmax,t,id,environment,horizons
0,0,0,13,0.7474229379171358,54,8,70,1,216,smooth,5
1,1,1,12,0.8572766181145713,59,8,70,1,216,smooth,5
2,2,2,11,0.9503491713282912,68,8,70,1,216,smooth,5
3,3,3,14,0.6128683763517736,41,8,70,1,216,smooth,5
4,4,4,15,0.5329920352532485,38,8,70,1,216,smooth,5
5,5,5,12,0.8572766181145713,61,8,70,1,216,smooth,5
