,Unnamed: 0,trials,x,zs,z_scaled,kernel,globalmax,t,id,environment,horizons
0,0,0,1,0.5232352156067802,34,25,67,1,248,rough,5
1,1,1,2,0.3568477285553705,23,25,67,1,248,rough,5
2,2,2,3,0.4594266175451912,31,25,67,1,248,rough,5
3,3,3,4,0.5645738851469781,39,25,67,1,248,rough,5
4,4,4,5,0.3073250374609748,20,25,67,1,248,rough,5
5,5,5,4,0.5645738851469781,38,25,67,1,248,rough,5
