,Unnamed: 0,trials,x,zs,z_scaled,kernel,globalmax,t,id,environment,horizons
0,0,0,23,0.0,0,33,67,1,241,rough,5
1,1,1,24,0.3937971327612423,25,33,67,1,241,rough,5
2,2,2,25,0.4453358011074662,29,33,67,1,241,rough,5
3,3,3,26,0.24355026068605,17,33,67,1,241,rough,5
4,4,4,27,0.446455065199543,31,33,67,1,241,rough,5
5,5,5,28,0.8375166897550276,56,33,67,1,241,rough,5
