,Unnamed: 0,trials,x,zs,z_scaled,kernel,globalmax,t,id,environment,horizons
0,0,0,20,0.0,1,39,69,1,247,rough,5
1,1,1,19,0.2570548916436322,18,39,69,1,247,rough,5
2,2,2,18,0.6509898737549125,45,39,69,1,247,rough,5
3,3,3,17,1.0,69,39,69,1,247,rough,5
4,4,4,16,0.6727279360336191,49,39,69,1,247,rough,5
5,5,5,17,1.0,69,39,69,1,247,rough,5
