,Unnamed: 0,trials,x,zs,z_scaled,kernel,globalmax,t,id,environment,horizons
0,0,0,23,0.4895086268607642,36,36,73,0,29,smooth,5
1,1,1,22,0.6389897774442943,47,36,73,0,29,smooth,5
2,2,2,21,0.601350909933565,45,36,73,0,29,smooth,5
3,3,3,24,0.1939614618831217,13,36,73,0,29,smooth,5
4,4,4,25,0.0,0,36,73,0,29,smooth,5
5,5,5,23,0.4895086268607642,37,36,73,0,29,smooth,5
