,Unnamed: 0,trials,x,zs,z_scaled,kernel,globalmax,t,id,environment,horizons
0,0,0,30,0.5446483393993888,36,27,66,0.8,33,smooth,5
1,1,1,29,0.7017994100967329,47,27,66,0.8,33,smooth,5
2,2,2,28,0.9057753535097848,59,27,66,0.8,33,smooth,5
3,3,3,27,1.0,65,27,66,0.8,33,smooth,5
4,4,4,26,0.9268699341536112,61,27,66,0.8,33,smooth,5
5,5,5,25,0.776361406051798,52,27,66,0.8,33,smooth,5
