,Unnamed: 0,trials,x,zs,z_scaled,kernel,globalmax,t,id,environment,horizons
0,0,0,18,0.1255427590930516,10,18,74,0.2,0,smooth,5
1,1,1,17,0.3009287861347484,21,18,74,0.2,0,smooth,5
2,2,2,19,0.0088544160576888,1,18,74,0.2,0,smooth,5
3,3,3,16,0.4278770556484276,32,18,74,0.2,0,smooth,5
4,4,4,15,0.4830224838102971,36,18,74,0.2,0,smooth,5
5,5,5,14,0.5029285599157197,37,18,74,0.2,0,smooth,5
