,Unnamed: 0,trials,x,zs,z_scaled,kernel,globalmax,t,id,environment,horizons
0,0,0,28,0.6130491126901965,38,7,63,0.6,17,smooth,5
1,1,1,27,0.7798297914266749,49,7,63,0.6,17,smooth,5
2,2,2,26,0.8930266146657662,58,7,63,0.6,17,smooth,5
3,3,3,25,0.726408910035048,48,7,63,0.6,17,smooth,5
4,4,4,24,0.3467876179219534,21,7,63,0.6,17,smooth,5
5,5,5,23,0.0492917247315642,3,7,63,0.6,17,smooth,5
