,Unnamed: 0,trials,x,zs,z_scaled,kernel,globalmax,t,id,environment,horizons
0,0,0,8,1.0,70,37,67,0.4,21,smooth,5
1,1,1,9,0.9654447055010236,65,37,67,0.4,21,smooth,5
2,2,2,10,0.7966312508057228,52,37,67,0.4,21,smooth,5
3,3,3,7,0.9399909239560768,63,37,67,0.4,21,smooth,5
4,4,4,6,0.8622258861354188,59,37,67,0.4,21,smooth,5
5,5,5,8,1.0,67,37,67,0.4,21,smooth,5
