,Unnamed: 0,trials,x,zs,z_scaled,kernel,globalmax,t,id,environment,horizons
0,0,0,28,0.6451809849839495,46,25,68,0.8,23,smooth,5
1,1,1,27,0.8249261808455867,57,25,68,0.8,23,smooth,5
2,2,2,26,0.7631571180501049,53,25,68,0.8,23,smooth,5
3,3,3,25,0.5105672237726209,36,25,68,0.8,23,smooth,5
4,4,4,24,0.228184380836203,17,25,68,0.8,23,smooth,5
5,5,5,23,0.0481441058193281,2,25,68,0.8,23,smooth,5
