,Unnamed: 0,trials,x,zs,z_scaled,kernel,globalmax,t,id,environment,horizons
0,0,0,30,0.0,2,16,66,0.2,30,smooth,5
1,1,1,29,0.4565761155674293,29,16,66,0.2,30,smooth,5
2,2,2,28,0.6172454785436683,40,16,66,0.2,30,smooth,5
3,3,3,27,0.4712926764320833,29,16,66,0.2,30,smooth,5
4,4,4,26,0.4457646336599468,29,16,66,0.2,30,smooth,5
5,5,5,25,0.7349329286411572,50,16,66,0.2,30,smooth,5
