,Unnamed: 0,trials,x,zs,z_scaled,kernel,globalmax,t,id,environment,horizons
0,0,0,26,0.9868090207464584,73,18,73,0.4,16,smooth,5
1,1,1,25,0.8759755949585178,65,18,73,0.4,16,smooth,5
2,2,2,24,0.6649180656737889,48,18,73,0.4,16,smooth,5
3,3,3,27,1.0,73,18,73,0.4,16,smooth,5
4,4,4,28,0.9380172889229372,69,18,73,0.4,16,smooth,5
5,5,5,29,0.8242552670877565,61,18,73,0.4,16,smooth,5
