,Unnamed: 0,trials,x,zs,z_scaled,kernel,globalmax,t,id,environment,horizons
0,0,0,6,0.4947402498485432,38,34,77,0.8,13,smooth,5
1,1,1,7,0.4160130006631926,33,34,77,0.8,13,smooth,5
2,2,2,8,0.4143591118038465,32,34,77,0.8,13,smooth,5
3,3,3,5,0.4670810183820021,37,34,77,0.8,13,smooth,5
4,4,4,4,0.3157820312260433,23,34,77,0.8,13,smooth,5
5,5,5,5,0.4670810183820021,35,34,77,0.8,13,smooth,5
