,Unnamed: 0,trials,x,zs,z_scaled,kernel,globalmax,t,id,environment,horizons
0,0,0,24,0.1216891714466254,10,23,60,0.4,36,smooth,5
1,1,1,25,0.1862050929775091,11,23,60,0.4,36,smooth,5
2,2,2,26,0.454432443738787,27,23,60,0.4,36,smooth,5
3,3,3,27,0.8174959619815783,49,23,60,0.4,36,smooth,5
4,4,4,28,1.0,60,23,60,0.4,36,smooth,5
5,5,5,29,0.8983060211516153,53,23,60,0.4,36,smooth,5
