,Unnamed: 0,trials,x,zs,z_scaled,kernel,globalmax,t,id,environment,horizons
0,0,0,19,0.5210545391127769,35,38,65,0,9,smooth,5
1,1,1,18,0.7986207438684062,55,38,65,0,9,smooth,5
2,2,2,17,0.987140844853686,62,38,65,0,9,smooth,5
3,3,3,20,0.2461864913489307,17,38,65,0,9,smooth,5
4,4,4,17,0.987140844853686,62,38,65,0,9,smooth,5
5,5,5,18,0.7986207438684062,53,38,65,0,9,smooth,5
