,Unnamed: 0,trials,x,zs,z_scaled,kernel,globalmax,t,id,environment,horizons
0,0,0,7,0.597087753798208,47,27,78,0.4,1,smooth,5
1,1,1,6,0.7763280434400782,61,27,78,0.4,1,smooth,5
2,2,2,8,0.3782775272986667,31,27,78,0.4,1,smooth,5
3,3,3,5,0.7460892199563453,59,27,78,0.4,1,smooth,5
4,4,4,4,0.4896495768012984,39,27,78,0.4,1,smooth,5
5,5,5,3,0.1599425510155726,13,27,78,0.4,1,smooth,5
