,Unnamed: 0,trials,x,zs,z_scaled,kernel,globalmax,t,id,environment,horizons
0,0,0,22,0.929753563824119,67,15,73,0,4,smooth,5
1,1,1,23,0.7924694395892842,60,15,73,0,4,smooth,5
2,2,2,24,0.5953514037778586,43,15,73,0,4,smooth,5
3,3,3,21,0.9693273453441724,71,15,73,0,4,smooth,5
4,4,4,20,0.883900592049785,64,15,73,0,4,smooth,5
5,5,5,19,0.6530330236618841,49,15,73,0,4,smooth,5
