,Unnamed: 0,trials,x,zs,z_scaled,kernel,globalmax,t,id,environment,horizons
0,0,0,14,0.4777140856156505,38,14,79,0.8,53,smooth,5
1,1,1,15,0.176181210177056,13,14,79,0.8,53,smooth,5
2,2,2,13,0.723793347479395,55,14,79,0.8,53,smooth,5
3,3,3,12,0.6235806158000567,50,14,79,0.8,53,smooth,5
4,4,4,11,0.3297045236867275,26,14,79,0.8,53,smooth,5
5,5,5,13,0.723793347479395,57,14,79,0.8,53,smooth,5
