,Unnamed: 0,trials,x,zs,z_scaled,kernel,globalmax,t,id,environment,horizons
0,0,0,24,0.0076126256164341,0,9,72,0.2,90,smooth,5
1,1,1,23,0.0127175801152189,2,9,72,0.2,90,smooth,5
2,2,2,22,0.2732086841680783,18,9,72,0.2,90,smooth,5
3,3,3,21,0.6383660304939222,45,9,72,0.2,90,smooth,5
4,4,4,20,0.9035846267706472,65,9,72,0.2,90,smooth,5
5,5,5,19,1.0,73,9,72,0.2,90,smooth,5
