,Unnamed: 0,trials,x,zs,z_scaled,kernel,globalmax,t,id,environment,horizons
0,0,0,14,0.3027283087901141,24,2,76,0.2,50,smooth,5
1,1,1,13,0.140208715974117,11,2,76,0.2,50,smooth,5
2,2,2,15,0.4252307936064416,31,2,76,0.2,50,smooth,5
3,3,3,16,0.4932081743106002,38,2,76,0.2,50,smooth,5
4,4,4,17,0.4673203973257149,34,2,76,0.2,50,smooth,5
5,5,5,18,0.307281951136072,23,2,76,0.2,50,smooth,5
