,Unnamed: 0,trials,x,zs,z_scaled,kernel,globalmax,t,id,environment,horizons
0,0,0,16,0.143100229873261,10,33,76,0.6,87,smooth,5
1,1,1,17,0.2721918517093892,19,33,76,0.6,87,smooth,5
2,2,2,18,0.4689741750163109,39,33,76,0.6,87,smooth,5
3,3,3,19,0.6215563360262073,48,33,76,0.6,87,smooth,5
4,4,4,20,0.5355844461225168,41,33,76,0.6,87,smooth,5
5,5,5,19,0.6215563360262073,48,33,76,0.6,87,smooth,5
