,Unnamed: 0,trials,x,zs,z_scaled,kernel,globalmax,t,id,environment,horizons
0,0,0,30,0.0,2,19,68,0.6,52,smooth,5
1,1,1,29,0.1087423858721656,8,19,68,0.6,52,smooth,5
2,2,2,28,0.3712854176712923,23,19,68,0.6,52,smooth,5
3,3,3,27,0.5185372681163484,35,19,68,0.6,52,smooth,5
4,4,4,26,0.4725878053535909,31,19,68,0.6,52,smooth,5
5,5,5,25,0.3341559629531976,22,19,68,0.6,52,smooth,5
