,Unnamed: 0,trials,x,zs,z_scaled,kernel,globalmax,t,id,environment,horizons
0,0,0,15,0.1578957841269585,12,20,80,0.4,61,smooth,5
1,1,1,16,0.2463619576073217,21,20,80,0.4,61,smooth,5
2,2,2,17,0.432799625411233,35,20,80,0.4,61,smooth,5
3,3,3,18,0.6511280457304155,51,20,80,0.4,61,smooth,5
4,4,4,19,0.8657050895916107,69,20,80,0.4,61,smooth,5
5,5,5,20,1.0,81,20,80,0.4,61,smooth,5
