,Unnamed: 0,trials,x,zs,z_scaled,kernel,globalmax,t,id,environment,horizons
0,0,0,11,0.4970772499780818,38,20,78,0,69,smooth,5
1,1,1,12,0.433641137234982,34,20,78,0,69,smooth,5
2,2,2,13,0.3473188344611166,26,20,78,0,69,smooth,5
3,3,3,10,0.4960656156447567,38,20,78,0,69,smooth,5
4,4,4,9,0.3402870283338342,27,20,78,0,69,smooth,5
5,5,5,11,0.4970772499780818,39,20,78,0,69,smooth,5
