,Unnamed: 0,trials,x,zs,z_scaled,kernel,globalmax,t,id,environment,horizons
0,0,0,22,0.0,1,33,71,0,64,smooth,5
1,1,1,23,0.1793276037820016,11,33,71,0,64,smooth,5
2,2,2,24,0.4293976578395886,31,33,71,0,64,smooth,5
3,3,3,25,0.5976012288064978,43,33,71,0,64,smooth,5
4,4,4,26,0.7222878057449496,50,33,71,0,64,smooth,5
5,5,5,25,0.5976012288064978,43,33,71,0,64,smooth,5
