,Unnamed: 0,trials,x,zs,z_scaled,kernel,globalmax,t,id,environment,horizons
0,0,0,25,0.4755274241819322,34,8,71,0.2,85,smooth,5
1,1,1,24,0.4608276109320237,33,8,71,0.2,85,smooth,5
2,2,2,23,0.5363882378941637,38,8,71,0.2,85,smooth,5
3,3,3,26,0.4512938802853813,31,8,71,0.2,85,smooth,5
4,4,4,27,0.3557980950065754,27,8,71,0.2,85,smooth,5
5,5,5,22,0.6219448101366961,47,8,71,0.2,85,smooth,5
