,Unnamed: 0,trials,x,zs,z_scaled,kernel,globalmax,t,id,environment,horizons
0,0,0,14,0.4777140856156505,36,14,76,0.6,77,smooth,5
1,1,1,15,0.176181210177056,16,14,76,0.6,77,smooth,5
2,2,2,13,0.723793347479395,54,14,76,0.6,77,smooth,5
3,3,3,12,0.6235806158000567,49,14,76,0.6,77,smooth,5
4,4,4,13,0.723793347479395,55,14,76,0.6,77,smooth,5
5,5,5,13,0.723793347479395,55,14,76,0.6,77,smooth,5
