,Unnamed: 0,trials,x,zs,z_scaled,kernel,globalmax,t,id,environment,horizons
0,0,0,4,0.8442527937245109,53,16,62,0.6,92,smooth,5
1,1,1,5,0.7156035063150914,45,16,62,0.6,92,smooth,5
2,2,2,6,0.4919817602267975,32,16,62,0.6,92,smooth,5
3,3,3,3,0.7768153252392527,48,16,62,0.6,92,smooth,5
4,4,4,2,0.5711751508891899,37,16,62,0.6,92,smooth,5
5,5,5,1,0.3261047499454056,19,16,62,0.6,92,smooth,5
