,Unnamed: 0,trials,x,zs,z_scaled,kernel,globalmax,t,id,environment,horizons
0,0,0,16,0.0794299812367304,6,30,63,0.4,66,smooth,5
1,1,1,15,0.0,0,30,63,0.4,66,smooth,5
2,2,2,17,0.1959124468097564,14,30,63,0.4,66,smooth,5
3,3,3,18,0.305816068624949,19,30,63,0.4,66,smooth,5
4,4,4,19,0.3825851950026677,25,30,63,0.4,66,smooth,5
5,5,5,20,0.3790120233346004,23,30,63,0.4,66,smooth,5
