,Unnamed: 0,trials,x,zs,z_scaled,kernel,globalmax,t,id,environment,horizons
0,0,0,26,0.0203310562069523,3,26,73,0,89,smooth,5
1,1,1,25,0.1251272720774748,12,26,73,0,89,smooth,5
2,2,2,24,0.3096636329892249,23,26,73,0,89,smooth,5
3,3,3,23,0.4964597957973461,37,26,73,0,89,smooth,5
4,4,4,22,0.6207727266239378,45,26,73,0,89,smooth,5
5,5,5,21,0.7153570715603615,50,26,73,0,89,smooth,5
