,Unnamed: 0,trials,x,zs,z_scaled,kernel,globalmax,t,id,environment,horizons
0,0,0,23,0.0127175801152189,2,9,69,0.6,97,smooth,5
1,1,1,22,0.2732086841680783,19,9,69,0.6,97,smooth,5
2,2,2,24,0.0076126256164341,0,9,69,0.6,97,smooth,5
3,3,3,21,0.6383660304939222,43,9,69,0.6,97,smooth,5
4,4,4,20,0.9035846267706472,63,9,69,0.6,97,smooth,5
5,5,5,19,1.0,69,9,69,0.6,97,smooth,5
