,Unnamed: 0,trials,x,zs,z_scaled,kernel,globalmax,t,id,environment,horizons
0,0,0,22,0.6219448101366961,40,8,63,0.4,71,smooth,5
1,1,1,21,0.6113177045644982,38,8,63,0.4,71,smooth,5
2,2,2,23,0.5363882378941637,34,8,63,0.4,71,smooth,5
3,3,3,24,0.4608276109320237,28,8,63,0.4,71,smooth,5
4,4,4,25,0.4755274241819322,33,8,63,0.4,71,smooth,5
5,5,5,26,0.4512938802853813,29,8,63,0.4,71,smooth,5
