,Unnamed: 0,trials,x,zs,z_scaled,kernel,globalmax,t,id,environment,horizons
0,0,0,28,1.0,64,11,64,0.8,38,smooth,5
1,1,1,27,0.8858239349719894,55,11,64,0.8,38,smooth,5
2,2,2,29,0.988894276026257,65,11,64,0.8,38,smooth,5
3,3,3,30,0.9285547629532628,61,11,64,0.8,38,smooth,5
4,4,4,26,0.5942687846225974,37,11,64,0.8,38,smooth,5
5,5,5,28,1.0,62,11,64,0.8,38,smooth,5
