,Unnamed: 0,trials,x,zs,z_scaled,kernel,globalmax,t,id,environment,horizons
0,0,0,24,0.6645768820260589,43,27,65,0,99,smooth,5
1,1,1,23,0.6140950919279761,39,27,65,0,99,smooth,5
2,2,2,22,0.5970469879508538,39,27,65,0,99,smooth,5
3,3,3,25,0.776361406051798,49,27,65,0,99,smooth,5
4,4,4,26,0.9268699341536112,61,27,65,0,99,smooth,5
5,5,5,27,1.0,65,27,65,0,99,smooth,5
