,Unnamed: 0,trials,x,zs,z_scaled,kernel,globalmax,t,id,environment,horizons
0,0,0,16,0.5004607487492915,32,34,65,0.8,43,smooth,5
1,1,1,17,0.3865724709952218,24,34,65,0.8,43,smooth,5
2,2,2,18,0.389863877756282,26,34,65,0.8,43,smooth,5
3,3,3,15,0.7884426473342905,50,34,65,0.8,43,smooth,5
4,4,4,14,1.0,63,34,65,0.8,43,smooth,5
5,5,5,13,0.941635003946672,61,34,65,0.8,43,smooth,5
