,Unnamed: 0,trials,x,zs,z_scaled,kernel,globalmax,t,id,environment,horizons
0,0,0,9,0.3244014536251028,18,27,60,0.8,63,smooth,5
1,1,1,10,0.4371860390564362,26,27,60,0.8,63,smooth,5
2,2,2,11,0.5286820563098075,32,27,60,0.8,63,smooth,5
3,3,3,12,0.550624214885839,32,27,60,0.8,63,smooth,5
4,4,4,13,0.6034535641267718,37,27,60,0.8,63,smooth,5
5,5,5,14,0.6760320026706097,40,27,60,0.8,63,smooth,5
