,Unnamed: 0,trials,x,zs,z_scaled,kernel,globalmax,t,id,environment,horizons
0,0,0,4,0.4048759608397331,27,26,69,0,49,smooth,5
1,1,1,5,0.403356998889531,29,26,69,0,49,smooth,5
2,2,2,6,0.5054816669017494,36,26,69,0,49,smooth,5
3,3,3,7,0.7506084765638589,52,26,69,0,49,smooth,5
4,4,4,8,0.9557327198254492,67,26,69,0,49,smooth,5
5,5,5,9,0.9142781590145536,65,26,69,0,49,smooth,5
