,Unnamed: 0,trials,x,zs,z_scaled,kernel,globalmax,t,id,environment,horizons
0,0,0,17,0.8752740502852976,60,12,68,0.2,55,smooth,5
1,1,1,18,0.6205030459958362,42,12,68,0.2,55,smooth,5
2,2,2,16,0.990742556392874,67,12,68,0.2,55,smooth,5
3,3,3,15,0.8157744896305118,57,12,68,0.2,55,smooth,5
4,4,4,14,0.4349181320521283,31,12,68,0.2,55,smooth,5
5,5,5,19,0.4539544237243327,30,12,68,0.2,55,smooth,5
