,Unnamed: 0,trials,x,zs,z_scaled,kernel,globalmax,t,id,environment,horizons
0,0,0,5,0.0579468836422966,4,22,68,0.4,76,smooth,5
1,1,1,6,0.0,0,22,68,0.4,76,smooth,5
2,2,2,4,0.1406747830277858,9,22,68,0.4,76,smooth,5
3,3,3,3,0.1416492161368904,9,22,68,0.4,76,smooth,5
4,4,4,2,0.0881999450090003,6,22,68,0.4,76,smooth,5
5,5,5,1,0.0916426972132612,5,22,68,0.4,76,smooth,5
