,Unnamed: 0,trials,x,zs,z_scaled,kernel,globalmax,t,id,environment,horizons
0,0,0,29,0.4565761155674293,33,16,72,1,62,smooth,5
1,1,1,28,0.6172454785436683,44,16,72,1,62,smooth,5
2,2,2,27,0.4712926764320833,33,16,72,1,62,smooth,5
3,3,3,30,0.0,0,16,72,1,62,smooth,5
4,4,4,26,0.4457646336599468,31,16,72,1,62,smooth,5
5,5,5,25,0.7349329286411572,52,16,72,1,62,smooth,5
