,Unnamed: 0,trials,x,zs,z_scaled,kernel,globalmax,t,id,environment,horizons
0,0,0,7,0.5169768169239033,36,23,69,0.4,79,rough,5
1,1,1,8,0.250370284332668,18,23,69,0.4,79,rough,5
2,2,2,9,0.0,0,23,69,0.4,79,rough,5
3,3,3,7,0.5169768169239033,35,23,69,0.4,79,rough,5
4,4,4,6,0.672823629937803,46,23,69,0.4,79,rough,5
5,5,5,7,0.5169768169239033,35,23,69,0.4,79,rough,5
