,Unnamed: 0,trials,x,zs,z_scaled,kernel,globalmax,t,id,environment,horizons
0,0,0,16,0.4278770556484276,30,18,71,1,74,smooth,5
1,1,1,17,0.3009287861347484,20,18,71,1,74,smooth,5
2,2,2,15,0.4830224838102971,34,18,71,1,74,smooth,5
3,3,3,14,0.5029285599157197,34,18,71,1,74,smooth,5
4,4,4,18,0.1255427590930516,10,18,71,1,74,smooth,5
5,5,5,15,0.4830224838102971,34,18,71,1,74,smooth,5
