,Unnamed: 0,trials,x,zs,z_scaled,kernel,globalmax,t,id,environment,horizons
0,0,0,15,0.4839178612382562,34,17,67,1,71,smooth,5
1,1,1,16,0.5682448741063837,39,17,67,1,71,smooth,5
2,2,2,17,0.4641494230901681,33,17,67,1,71,smooth,5
3,3,3,18,0.2395469269409037,15,17,67,1,71,smooth,5
4,4,4,19,0.0556626509715807,2,17,67,1,71,smooth,5
5,5,5,16,0.5682448741063837,39,17,67,1,71,smooth,5
