,Unnamed: 0,trials,x,zs,z_scaled,kernel,globalmax,t,id,environment,horizons
0,0,0,28,0.5047157841007583,35,2,72,0.4,89,rough,5
1,1,1,27,0.4624724616134172,33,2,72,0.4,89,rough,5
2,2,2,29,0.4134816446567319,31,2,72,0.4,89,rough,5
3,3,3,30,0.5426981603114386,38,2,72,0.4,89,rough,5
4,4,4,26,0.6353954843639091,44,2,72,0.4,89,rough,5
5,5,5,25,0.6314817855314118,49,2,72,0.4,89,rough,5
