,Unnamed: 0,trials,x,zs,z_scaled,kernel,globalmax,t,id,environment,horizons
0,0,0,26,0.5559766345807567,38,14,71,0.6,80,rough,5
1,1,1,25,0.8357617464975418,60,14,71,0.6,80,rough,5
2,2,2,24,0.957693230900316,67,14,71,0.6,80,rough,5
3,3,3,23,1.0,71,14,71,0.6,80,rough,5
4,4,4,22,0.8582578011694865,58,14,71,0.6,80,rough,5
5,5,5,21,0.4925023107738662,33,14,71,0.6,80,rough,5
