,Unnamed: 0,trials,x,zs,z_scaled,kernel,globalmax,t,id,environment,horizons
0,0,0,29,0.3831773531102703,23,6,63,0,87,rough,5
1,1,1,28,0.293347055914774,18,6,63,0,87,rough,5
2,2,2,30,0.3024807842952647,19,6,63,0,87,rough,5
3,3,3,27,0.4830834947879356,30,6,63,0,87,rough,5
4,4,4,26,0.9763356965186142,61,6,63,0,87,rough,5
5,5,5,25,1.0,62,6,63,0,87,rough,5
