,Unnamed: 0,trials,x,zs,z_scaled,kernel,globalmax,t,id,environment,horizons
0,0,0,12,0.8892907645532425,65,15,74,0.6,85,rough,5
1,1,1,11,1.0,74,15,74,0.6,85,rough,5
2,2,2,10,0.7818645619232797,60,15,74,0.6,85,rough,5
3,3,3,13,0.4460235164029772,33,15,74,0.6,85,rough,5
4,4,4,14,0.06936955942016,7,15,74,0.6,85,rough,5
5,5,5,11,1.0,74,15,74,0.6,85,rough,5
