,Unnamed: 0,trials,x,zs,z_scaled,kernel,globalmax,t,id,environment,horizons
0,0,0,4,0.7905066427240656,58,9,70,0,92,rough,5
1,1,1,5,0.9257797919756222,65,9,70,0,92,rough,5
2,2,2,6,0.7316410841665079,50,9,70,0,92,rough,5
3,3,3,5,0.9257797919756222,66,9,70,0,92,rough,5
4,4,4,4,0.7905066427240656,57,9,70,0,92,rough,5
5,5,5,5,0.9257797919756222,66,9,70,0,92,rough,5
