,Unnamed: 0,trials,x,zs,z_scaled,kernel,globalmax,t,id,environment,horizons
0,0,0,12,0.6747111689714541,46,8,68,0.6,90,rough,5
1,1,1,13,0.6242994293834844,42,8,68,0.6,90,rough,5
2,2,2,14,0.456664753828438,30,8,68,0.6,90,rough,5
3,3,3,11,0.6459187672257226,42,8,68,0.6,90,rough,5
4,4,4,10,0.4171034473984963,30,8,68,0.6,90,rough,5
5,5,5,15,0.2864179026369994,21,8,68,0.6,90,rough,5
