,Unnamed: 0,trials,x,zs,z_scaled,kernel,globalmax,t,id,environment,horizons
0,0,0,30,0.3960173404653874,27,39,71,0.2,93,rough,5
1,1,1,29,0.2474996645945452,20,39,71,0.2,93,rough,5
2,2,2,28,0.4898029578623707,36,39,71,0.2,93,rough,5
3,3,3,27,0.708934980374249,50,39,71,0.2,93,rough,5
4,4,4,26,0.6440316899953508,45,39,71,0.2,93,rough,5
5,5,5,25,0.3236147808661719,23,39,71,0.2,93,rough,5
