,tau,length
0,1.2859168182720876e-10,0.16706388500340075
1,1.2859168182720876e-10,0.16706388500340075
2,1.2859168182720876e-10,0.16706388500340075
3,1.2859168182720876e-10,0.16706388500340075
4,1.2859168182720876e-10,0.16706388500340075
5,1.2859168182720876e-10,0.16706388500340075
