,beta,tau,length
0,7.972137919980035,0.02371602308875186,0.8755480532249905
1,7.972137919980035,0.02371602308875186,0.8755480532249905
2,7.972137919980035,0.02371602308875186,0.8755480532249905
3,7.972137919980035,0.02371602308875186,0.8755480532249905
4,7.972137919980035,0.02371602308875186,0.8755480532249905
5,7.972137919980035,0.02371602308875186,0.8755480532249905
