,beta,tau,length
0,9.999999999998701,1.5439917269879844,1.3678820779090284
1,9.999999999998701,1.5439917269879844,1.3678820779090284
2,9.999999999998701,1.5439917269879844,1.3678820779090284
3,9.999999999998701,1.5439917269879844,1.3678820779090284
4,9.999999999998701,1.5439917269879844,1.3678820779090284
5,9.999999999998701,1.5439917269879844,1.3678820779090284
6,9.999999999998701,1.5439917269879844,1.3678820779090284
7,9.999999999998701,1.5439917269879844,1.3678820779090284
8,9.999999999998701,1.5439917269879844,1.3678820779090284
9,9.999999999998701,1.5439917269879844,1.3678820779090284
10,9.999999999998701,1.5439917269879844,1.3678820779090284
