,tau,length
0,3.1512623808334848,0.948709676183805
1,3.1512623808334848,0.948709676183805
2,3.1512623808334848,0.948709676183805
3,3.1512623808334848,0.948709676183805
4,3.1512623808334848,0.948709676183805
5,3.1512623808334848,0.948709676183805
