,beta,tau,length
0,9.999999992796578,4.866270807242861,7.459727357104176
1,9.999999992796578,4.866270807242861,7.459727357104176
2,9.999999992796578,4.866270807242861,7.459727357104176
3,9.999999992796578,4.866270807242861,7.459727357104176
4,9.999999992796578,4.866270807242861,7.459727357104176
5,9.999999992796578,4.866270807242861,7.459727357104176
