,beta,tau,length
0,0.031478942039217625,2.3972427975414328,0.005160780311223123
1,0.031478942039217625,2.3972427975414328,0.005160780311223123
2,0.031478942039217625,2.3972427975414328,0.005160780311223123
3,0.031478942039217625,2.3972427975414328,0.005160780311223123
4,0.031478942039217625,2.3972427975414328,0.005160780311223123
5,0.031478942039217625,2.3972427975414328,0.005160780311223123
