,beta,tau,length
0,2.898226978476361,0.19318155856560004,0.9773345118821892
1,2.898226978476361,0.19318155856560004,0.9773345118821892
2,2.898226978476361,0.19318155856560004,0.9773345118821892
3,2.898226978476361,0.19318155856560004,0.9773345118821892
4,2.898226978476361,0.19318155856560004,0.9773345118821892
5,2.898226978476361,0.19318155856560004,0.9773345118821892
6,2.898226978476361,0.19318155856560004,0.9773345118821892
7,2.898226978476361,0.19318155856560004,0.9773345118821892
8,2.898226978476361,0.19318155856560004,0.9773345118821892
9,2.898226978476361,0.19318155856560004,0.9773345118821892
10,2.898226978476361,0.19318155856560004,0.9773345118821892
