,tau,length
0,9.999999999999982,0.9693269593009997
1,9.999999999999982,0.9693269593009997
2,9.999999999999982,0.9693269593009997
3,9.999999999999982,0.9693269593009997
4,9.999999999999982,0.9693269593009997
5,9.999999999999982,0.9693269593009997
6,9.999999999999982,0.9693269593009997
7,9.999999999999982,0.9693269593009997
8,9.999999999999982,0.9693269593009997
9,9.999999999999982,0.9693269593009997
10,9.999999999999982,0.9693269593009997
