,beta,tau,length
0,9.999999999886972,5.690785655821713,0.0862078687295643
1,9.999999999886972,5.690785655821713,0.0862078687295643
2,9.999999999886972,5.690785655821713,0.0862078687295643
3,9.999999999886972,5.690785655821713,0.0862078687295643
4,9.999999999886972,5.690785655821713,0.0862078687295643
5,9.999999999886972,5.690785655821713,0.0862078687295643
