,beta,tau,length
0,8.703339541731332,0.7079925125944465,1.2715066033188005
1,8.703339541731332,0.7079925125944465,1.2715066033188005
2,8.703339541731332,0.7079925125944465,1.2715066033188005
3,8.703339541731332,0.7079925125944465,1.2715066033188005
4,8.703339541731332,0.7079925125944465,1.2715066033188005
5,8.703339541731332,0.7079925125944465,1.2715066033188005
6,8.703339541731332,0.7079925125944465,1.2715066033188005
7,8.703339541731332,0.7079925125944465,1.2715066033188005
8,8.703339541731332,0.7079925125944465,1.2715066033188005
9,8.703339541731332,0.7079925125944465,1.2715066033188005
10,8.703339541731332,0.7079925125944465,1.2715066033188005
