,beta,tau,length
0,9.999999999952266,0.7836770474849515,0.18925183113942212
1,9.999999999952266,0.7836770474849515,0.18925183113942212
2,9.999999999952266,0.7836770474849515,0.18925183113942212
3,9.999999999952266,0.7836770474849515,0.18925183113942212
4,9.999999999952266,0.7836770474849515,0.18925183113942212
5,9.999999999952266,0.7836770474849515,0.18925183113942212
