,beta,tau,length
0,2.4111209325687817,4.0579207661561784e-09,0.17167047061597174
1,2.4111209325687817,4.0579207661561784e-09,0.17167047061597174
2,2.4111209325687817,4.0579207661561784e-09,0.17167047061597174
3,2.4111209325687817,4.0579207661561784e-09,0.17167047061597174
4,2.4111209325687817,4.0579207661561784e-09,0.17167047061597174
5,2.4111209325687817,4.0579207661561784e-09,0.17167047061597174
