,beta,tau,length
0,4.532839442169252,0.43720268744813895,1.2864247842499499
1,4.532839442169252,0.43720268744813895,1.2864247842499499
2,4.532839442169252,0.43720268744813895,1.2864247842499499
3,4.532839442169252,0.43720268744813895,1.2864247842499499
4,4.532839442169252,0.43720268744813895,1.2864247842499499
5,4.532839442169252,0.43720268744813895,1.2864247842499499
6,4.532839442169252,0.43720268744813895,1.2864247842499499
7,4.532839442169252,0.43720268744813895,1.2864247842499499
8,4.532839442169252,0.43720268744813895,1.2864247842499499
9,4.532839442169252,0.43720268744813895,1.2864247842499499
10,4.532839442169252,0.43720268744813895,1.2864247842499499
