,beta,tau,length
0,2.900152237333079,0.2764341653559578,0.5867803040769494
1,2.900152237333079,0.2764341653559578,0.5867803040769494
2,2.900152237333079,0.2764341653559578,0.5867803040769494
3,2.900152237333079,0.2764341653559578,0.5867803040769494
4,2.900152237333079,0.2764341653559578,0.5867803040769494
5,2.900152237333079,0.2764341653559578,0.5867803040769494
