,beta,tau,length
0,0.028998302723993275,2.5259185511704842,0.005028600795732407
1,0.028998302723993275,2.5259185511704842,0.005028600795732407
2,0.028998302723993275,2.5259185511704842,0.005028600795732407
3,0.028998302723993275,2.5259185511704842,0.005028600795732407
4,0.028998302723993275,2.5259185511704842,0.005028600795732407
5,0.028998302723993275,2.5259185511704842,0.005028600795732407
