,beta,tau,length
0,0.2771785476219747,4.701658987238479e-06,0.20585164280349522
1,0.2771785476219747,4.701658987238479e-06,0.20585164280349522
2,0.2771785476219747,4.701658987238479e-06,0.20585164280349522
3,0.2771785476219747,4.701658987238479e-06,0.20585164280349522
4,0.2771785476219747,4.701658987238479e-06,0.20585164280349522
5,0.2771785476219747,4.701658987238479e-06,0.20585164280349522
