,beta,tau,length
0,6.725478648175319,0.004483777809897826,1.779886914366895
1,6.725478648175319,0.004483777809897826,1.779886914366895
2,6.725478648175319,0.004483777809897826,1.779886914366895
3,6.725478648175319,0.004483777809897826,1.779886914366895
4,6.725478648175319,0.004483777809897826,1.779886914366895
5,6.725478648175319,0.004483777809897826,1.779886914366895
6,6.725478648175319,0.004483777809897826,1.779886914366895
7,6.725478648175319,0.004483777809897826,1.779886914366895
8,6.725478648175319,0.004483777809897826,1.779886914366895
9,6.725478648175319,0.004483777809897826,1.779886914366895
10,6.725478648175319,0.004483777809897826,1.779886914366895
