,beta,tau,length
0,0.02357721605028461,7.317167800406434,1.1508387120281194
1,0.02357721605028461,7.317167800406434,1.1508387120281194
2,0.02357721605028461,7.317167800406434,1.1508387120281194
3,0.02357721605028461,7.317167800406434,1.1508387120281194
4,0.02357721605028461,7.317167800406434,1.1508387120281194
5,0.02357721605028461,7.317167800406434,1.1508387120281194
