,tau,length
0,2.100547386241267,0.9058194995040809
1,2.100547386241267,0.9058194995040809
2,2.100547386241267,0.9058194995040809
3,2.100547386241267,0.9058194995040809
4,2.100547386241267,0.9058194995040809
5,2.100547386241267,0.9058194995040809
