,beta,tau,length
0,4.789670634471789,1.88024658812666,1.674942831071124
1,4.789670634471789,1.88024658812666,1.674942831071124
2,4.789670634471789,1.88024658812666,1.674942831071124
3,4.789670634471789,1.88024658812666,1.674942831071124
4,4.789670634471789,1.88024658812666,1.674942831071124
5,4.789670634471789,1.88024658812666,1.674942831071124
6,4.789670634471789,1.88024658812666,1.674942831071124
7,4.789670634471789,1.88024658812666,1.674942831071124
8,4.789670634471789,1.88024658812666,1.674942831071124
9,4.789670634471789,1.88024658812666,1.674942831071124
10,4.789670634471789,1.88024658812666,1.674942831071124
