,beta,tau,length
0,5.255611813283303,1.103319376913234,1.724068571207917
1,5.255611813283303,1.103319376913234,1.724068571207917
2,5.255611813283303,1.103319376913234,1.724068571207917
3,5.255611813283303,1.103319376913234,1.724068571207917
4,5.255611813283303,1.103319376913234,1.724068571207917
5,5.255611813283303,1.103319376913234,1.724068571207917
6,5.255611813283303,1.103319376913234,1.724068571207917
7,5.255611813283303,1.103319376913234,1.724068571207917
8,5.255611813283303,1.103319376913234,1.724068571207917
9,5.255611813283303,1.103319376913234,1.724068571207917
10,5.255611813283303,1.103319376913234,1.724068571207917
