,beta,tau,length
0,0.9624923515491025,0.8369103438770521,0.6977454659089278
1,0.9624923515491025,0.8369103438770521,0.6977454659089278
2,0.9624923515491025,0.8369103438770521,0.6977454659089278
3,0.9624923515491025,0.8369103438770521,0.6977454659089278
4,0.9624923515491025,0.8369103438770521,0.6977454659089278
5,0.9624923515491025,0.8369103438770521,0.6977454659089278
