,beta,tau,length
0,7.648331293445398,1.72192406706555,1.1684954363283069
1,7.648331293445398,1.72192406706555,1.1684954363283069
2,7.648331293445398,1.72192406706555,1.1684954363283069
3,7.648331293445398,1.72192406706555,1.1684954363283069
4,7.648331293445398,1.72192406706555,1.1684954363283069
5,7.648331293445398,1.72192406706555,1.1684954363283069
