,beta,tau,length
0,2.9119920103044796,1.0367824477720245e-06,1.5836408803999091
1,2.9119920103044796,1.0367824477720245e-06,1.5836408803999091
2,2.9119920103044796,1.0367824477720245e-06,1.5836408803999091
3,2.9119920103044796,1.0367824477720245e-06,1.5836408803999091
4,2.9119920103044796,1.0367824477720245e-06,1.5836408803999091
5,2.9119920103044796,1.0367824477720245e-06,1.5836408803999091
