,beta,tau,length
0,9.999999999962428,3.386758428125112,0.030915600432771074
1,9.999999999962428,3.386758428125112,0.030915600432771074
2,9.999999999962428,3.386758428125112,0.030915600432771074
3,9.999999999962428,3.386758428125112,0.030915600432771074
4,9.999999999962428,3.386758428125112,0.030915600432771074
5,9.999999999962428,3.386758428125112,0.030915600432771074
6,9.999999999962428,3.386758428125112,0.030915600432771074
7,9.999999999962428,3.386758428125112,0.030915600432771074
8,9.999999999962428,3.386758428125112,0.030915600432771074
9,9.999999999962428,3.386758428125112,0.030915600432771074
10,9.999999999962428,3.386758428125112,0.030915600432771074
