,beta,tau,length
0,9.99999999999991,7.840739900516562,1.809894560221742
1,9.99999999999991,7.840739900516562,1.809894560221742
2,9.99999999999991,7.840739900516562,1.809894560221742
3,9.99999999999991,7.840739900516562,1.809894560221742
4,9.99999999999991,7.840739900516562,1.809894560221742
5,9.99999999999991,7.840739900516562,1.809894560221742
6,9.99999999999991,7.840739900516562,1.809894560221742
7,9.99999999999991,7.840739900516562,1.809894560221742
8,9.99999999999991,7.840739900516562,1.809894560221742
9,9.99999999999991,7.840739900516562,1.809894560221742
10,9.99999999999991,7.840739900516562,1.809894560221742
