,beta,tau,length
0,9.999999999999961,0.34454852781068535,0.12170577735710462
1,9.999999999999961,0.34454852781068535,0.12170577735710462
2,9.999999999999961,0.34454852781068535,0.12170577735710462
3,9.999999999999961,0.34454852781068535,0.12170577735710462
4,9.999999999999961,0.34454852781068535,0.12170577735710462
5,9.999999999999961,0.34454852781068535,0.12170577735710462
6,9.999999999999961,0.34454852781068535,0.12170577735710462
7,9.999999999999961,0.34454852781068535,0.12170577735710462
8,9.999999999999961,0.34454852781068535,0.12170577735710462
9,9.999999999999961,0.34454852781068535,0.12170577735710462
10,9.999999999999961,0.34454852781068535,0.12170577735710462
