,beta,tau,length
0,6.105999273045359,0.1902625118924357,1.112477763461706
1,6.105999273045359,0.1902625118924357,1.112477763461706
2,6.105999273045359,0.1902625118924357,1.112477763461706
3,6.105999273045359,0.1902625118924357,1.112477763461706
4,6.105999273045359,0.1902625118924357,1.112477763461706
5,6.105999273045359,0.1902625118924357,1.112477763461706
6,6.105999273045359,0.1902625118924357,1.112477763461706
7,6.105999273045359,0.1902625118924357,1.112477763461706
8,6.105999273045359,0.1902625118924357,1.112477763461706
9,6.105999273045359,0.1902625118924357,1.112477763461706
10,6.105999273045359,0.1902625118924357,1.112477763461706
