,tau,length
0,9.999999999261924,0.9058194992391634
1,9.999999999261924,0.9058194992391634
2,9.999999999261924,0.9058194992391634
3,9.999999999261924,0.9058194992391634
4,9.999999999261924,0.9058194992391634
5,9.999999999261924,0.9058194992391634
6,9.999999999261924,0.9058194992391634
7,9.999999999261924,0.9058194992391634
8,9.999999999261924,0.9058194992391634
9,9.999999999261924,0.9058194992391634
10,9.999999999261924,0.9058194992391634
