,beta,tau,length
0,9.999999999992417,0.5124041117815021,0.12487506471590258
1,9.999999999992417,0.5124041117815021,0.12487506471590258
2,9.999999999992417,0.5124041117815021,0.12487506471590258
3,9.999999999992417,0.5124041117815021,0.12487506471590258
4,9.999999999992417,0.5124041117815021,0.12487506471590258
5,9.999999999992417,0.5124041117815021,0.12487506471590258
6,9.999999999992417,0.5124041117815021,0.12487506471590258
7,9.999999999992417,0.5124041117815021,0.12487506471590258
8,9.999999999992417,0.5124041117815021,0.12487506471590258
9,9.999999999992417,0.5124041117815021,0.12487506471590258
10,9.999999999992417,0.5124041117815021,0.12487506471590258
