,beta,tau,length
0,1.0622886502204942,1.5206006284991909,0.7447513708075899
1,1.0622886502204942,1.5206006284991909,0.7447513708075899
2,1.0622886502204942,1.5206006284991909,0.7447513708075899
3,1.0622886502204942,1.5206006284991909,0.7447513708075899
4,1.0622886502204942,1.5206006284991909,0.7447513708075899
5,1.0622886502204942,1.5206006284991909,0.7447513708075899
