,beta,tau,length
0,6.861095686060171,8.329715568506828,1.7949461752317786
1,6.861095686060171,8.329715568506828,1.7949461752317786
2,6.861095686060171,8.329715568506828,1.7949461752317786
3,6.861095686060171,8.329715568506828,1.7949461752317786
4,6.861095686060171,8.329715568506828,1.7949461752317786
5,6.861095686060171,8.329715568506828,1.7949461752317786
6,6.861095686060171,8.329715568506828,1.7949461752317786
7,6.861095686060171,8.329715568506828,1.7949461752317786
8,6.861095686060171,8.329715568506828,1.7949461752317786
9,6.861095686060171,8.329715568506828,1.7949461752317786
10,6.861095686060171,8.329715568506828,1.7949461752317786
