,beta,tau,length
0,7.045910998408923,0.4192788976759694,2.269258943401289
1,7.045910998408923,0.4192788976759694,2.269258943401289
2,7.045910998408923,0.4192788976759694,2.269258943401289
3,7.045910998408923,0.4192788976759694,2.269258943401289
4,7.045910998408923,0.4192788976759694,2.269258943401289
5,7.045910998408923,0.4192788976759694,2.269258943401289
6,7.045910998408923,0.4192788976759694,2.269258943401289
7,7.045910998408923,0.4192788976759694,2.269258943401289
8,7.045910998408923,0.4192788976759694,2.269258943401289
9,7.045910998408923,0.4192788976759694,2.269258943401289
10,7.045910998408923,0.4192788976759694,2.269258943401289
