,beta,tau,length
0,0.565800258462802,5.142091355296399,0.7448181229766855
1,0.565800258462802,5.142091355296399,0.7448181229766855
2,0.565800258462802,5.142091355296399,0.7448181229766855
3,0.565800258462802,5.142091355296399,0.7448181229766855
4,0.565800258462802,5.142091355296399,0.7448181229766855
5,0.565800258462802,5.142091355296399,0.7448181229766855
