,beta,tau,length
0,9.999999999965915,5.638602838912492,9.999999999988358
1,9.999999999965915,5.638602838912492,9.999999999988358
2,9.999999999965915,5.638602838912492,9.999999999988358
3,9.999999999965915,5.638602838912492,9.999999999988358
4,9.999999999965915,5.638602838912492,9.999999999988358
5,9.999999999965915,5.638602838912492,9.999999999988358
