,tau,length
0,0.5258123573610458,0.9918216657258601
1,0.5258123573610458,0.9918216657258601
2,0.5258123573610458,0.9918216657258601
3,0.5258123573610458,0.9918216657258601
4,0.5258123573610458,0.9918216657258601
5,0.5258123573610458,0.9918216657258601
