,tau,length
0,2.028037345189071,0.9058195020257405
1,2.028037345189071,0.9058195020257405
2,2.028037345189071,0.9058195020257405
3,2.028037345189071,0.9058195020257405
4,2.028037345189071,0.9058195020257405
5,2.028037345189071,0.9058195020257405
