,tau,length
0,0.30317429987049016,0.7501885791634778
1,0.30317429987049016,0.7501885791634778
2,0.30317429987049016,0.7501885791634778
3,0.30317429987049016,0.7501885791634778
4,0.30317429987049016,0.7501885791634778
5,0.30317429987049016,0.7501885791634778
