,tau,length
0,1.9622775995611623,0.008627727283853737
1,1.9622775995611623,0.008627727283853737
2,1.9622775995611623,0.008627727283853737
3,1.9622775995611623,0.008627727283853737
4,1.9622775995611623,0.008627727283853737
5,1.9622775995611623,0.008627727283853737
6,1.9622775995611623,0.008627727283853737
7,1.9622775995611623,0.008627727283853737
8,1.9622775995611623,0.008627727283853737
9,1.9622775995611623,0.008627727283853737
10,1.9622775995611623,0.008627727283853737
