,beta,tau,length
0,0.006593959196752974,1.4136060847321112,0.05398389597031937
1,0.006593959196752974,1.4136060847321112,0.05398389597031937
2,0.006593959196752974,1.4136060847321112,0.05398389597031937
3,0.006593959196752974,1.4136060847321112,0.05398389597031937
4,0.006593959196752974,1.4136060847321112,0.05398389597031937
5,0.006593959196752974,1.4136060847321112,0.05398389597031937
