,beta,tau,length
0,5.899863400710749,0.018998106422275608,1.6880558299176174
1,5.899863400710749,0.018998106422275608,1.6880558299176174
2,5.899863400710749,0.018998106422275608,1.6880558299176174
3,5.899863400710749,0.018998106422275608,1.6880558299176174
4,5.899863400710749,0.018998106422275608,1.6880558299176174
5,5.899863400710749,0.018998106422275608,1.6880558299176174
6,5.899863400710749,0.018998106422275608,1.6880558299176174
7,5.899863400710749,0.018998106422275608,1.6880558299176174
8,5.899863400710749,0.018998106422275608,1.6880558299176174
9,5.899863400710749,0.018998106422275608,1.6880558299176174
10,5.899863400710749,0.018998106422275608,1.6880558299176174
