,beta,tau,length
0,5.743540897558319,0.3019259177183804,1.0159919489770224
1,5.743540897558319,0.3019259177183804,1.0159919489770224
2,5.743540897558319,0.3019259177183804,1.0159919489770224
3,5.743540897558319,0.3019259177183804,1.0159919489770224
4,5.743540897558319,0.3019259177183804,1.0159919489770224
5,5.743540897558319,0.3019259177183804,1.0159919489770224
