,beta,tau,length
0,3.828298959454086,0.0023079886031236343,1.367681047420769
1,3.828298959454086,0.0023079886031236343,1.367681047420769
2,3.828298959454086,0.0023079886031236343,1.367681047420769
3,3.828298959454086,0.0023079886031236343,1.367681047420769
4,3.828298959454086,0.0023079886031236343,1.367681047420769
5,3.828298959454086,0.0023079886031236343,1.367681047420769
6,3.828298959454086,0.0023079886031236343,1.367681047420769
7,3.828298959454086,0.0023079886031236343,1.367681047420769
8,3.828298959454086,0.0023079886031236343,1.367681047420769
9,3.828298959454086,0.0023079886031236343,1.367681047420769
10,3.828298959454086,0.0023079886031236343,1.367681047420769
