,beta,tau,length
0,3.395135173800329e-10,7.972169283251546,0.8755467931984768
1,3.395135173800329e-10,7.972169283251546,0.8755467931984768
2,3.395135173800329e-10,7.972169283251546,0.8755467931984768
3,3.395135173800329e-10,7.972169283251546,0.8755467931984768
4,3.395135173800329e-10,7.972169283251546,0.8755467931984768
5,3.395135173800329e-10,7.972169283251546,0.8755467931984768
