,beta,tau,length
0,9.99999999999989,0.07624647045127729,0.1788751669346973
1,9.99999999999989,0.07624647045127729,0.1788751669346973
2,9.99999999999989,0.07624647045127729,0.1788751669346973
3,9.99999999999989,0.07624647045127729,0.1788751669346973
4,9.99999999999989,0.07624647045127729,0.1788751669346973
5,9.99999999999989,0.07624647045127729,0.1788751669346973
