,beta,tau,length
0,5.309739269508472,1.4303587337550094,1.3130149482771492
1,5.309739269508472,1.4303587337550094,1.3130149482771492
2,5.309739269508472,1.4303587337550094,1.3130149482771492
3,5.309739269508472,1.4303587337550094,1.3130149482771492
4,5.309739269508472,1.4303587337550094,1.3130149482771492
5,5.309739269508472,1.4303587337550094,1.3130149482771492
