,beta,tau,length
0,9.409652962028701,3.043466380164101,1.6072499959357678
1,9.409652962028701,3.043466380164101,1.6072499959357678
2,9.409652962028701,3.043466380164101,1.6072499959357678
3,9.409652962028701,3.043466380164101,1.6072499959357678
4,9.409652962028701,3.043466380164101,1.6072499959357678
5,9.409652962028701,3.043466380164101,1.6072499959357678
