,beta,tau,length
0,9.999999999491925,0.025445824257054984,9.999999999999877
1,9.999999999491925,0.025445824257054984,9.999999999999877
2,9.999999999491925,0.025445824257054984,9.999999999999877
3,9.999999999491925,0.025445824257054984,9.999999999999877
4,9.999999999491925,0.025445824257054984,9.999999999999877
5,9.999999999491925,0.025445824257054984,9.999999999999877
