,tau,length
0,0.9029960203045213,0.9794315069569971
1,0.9029960203045213,0.9794315069569971
2,0.9029960203045213,0.9794315069569971
3,0.9029960203045213,0.9794315069569971
4,0.9029960203045213,0.9794315069569971
5,0.9029960203045213,0.9794315069569971
6,0.9029960203045213,0.9794315069569971
7,0.9029960203045213,0.9794315069569971
8,0.9029960203045213,0.9794315069569971
9,0.9029960203045213,0.9794315069569971
10,0.9029960203045213,0.9794315069569971
