,beta,tau,length
0,1e-16,0.1806206274972567,1.5377808211568182
1,1e-16,0.1806206274972567,1.5377808211568182
2,1e-16,0.1806206274972567,1.5377808211568182
3,1e-16,0.1806206274972567,1.5377808211568182
4,1e-16,0.1806206274972567,1.5377808211568182
5,1e-16,0.1806206274972567,1.5377808211568182
