,beta,tau,length
0,9.99999999993283,2.604223577100895,9.9999999999492
1,9.99999999993283,2.604223577100895,9.9999999999492
2,9.99999999993283,2.604223577100895,9.9999999999492
3,9.99999999993283,2.604223577100895,9.9999999999492
4,9.99999999993283,2.604223577100895,9.9999999999492
5,9.99999999993283,2.604223577100895,9.9999999999492
