,beta,tau,length
0,1.0886337930084844,1.4506639156862362,0.6931776198432728
1,1.0886337930084844,1.4506639156862362,0.6931776198432728
2,1.0886337930084844,1.4506639156862362,0.6931776198432728
3,1.0886337930084844,1.4506639156862362,0.6931776198432728
4,1.0886337930084844,1.4506639156862362,0.6931776198432728
5,1.0886337930084844,1.4506639156862362,0.6931776198432728
