,beta,tau,length
0,9.999999999977462,0.8878602910606571,9.999999999999964
1,9.999999999977462,0.8878602910606571,9.999999999999964
2,9.999999999977462,0.8878602910606571,9.999999999999964
3,9.999999999977462,0.8878602910606571,9.999999999999964
4,9.999999999977462,0.8878602910606571,9.999999999999964
5,9.999999999977462,0.8878602910606571,9.999999999999964
