,tau,length
0,0.5686004636176102,1.1031889924719334
1,0.5686004636176102,1.1031889924719334
2,0.5686004636176102,1.1031889924719334
3,0.5686004636176102,1.1031889924719334
4,0.5686004636176102,1.1031889924719334
5,0.5686004636176102,1.1031889924719334
6,0.5686004636176102,1.1031889924719334
7,0.5686004636176102,1.1031889924719334
8,0.5686004636176102,1.1031889924719334
9,0.5686004636176102,1.1031889924719334
10,0.5686004636176102,1.1031889924719334
