,beta,tau,length
0,9.585992493092188,1.9166104029511103e-05,0.19777322825898347
1,9.585992493092188,1.9166104029511103e-05,0.19777322825898347
2,9.585992493092188,1.9166104029511103e-05,0.19777322825898347
3,9.585992493092188,1.9166104029511103e-05,0.19777322825898347
4,9.585992493092188,1.9166104029511103e-05,0.19777322825898347
5,9.585992493092188,1.9166104029511103e-05,0.19777322825898347
