,tau,length
0,9.999999998410107,0.548358024059838
1,9.999999998410107,0.548358024059838
2,9.999999998410107,0.548358024059838
3,9.999999998410107,0.548358024059838
4,9.999999998410107,0.548358024059838
5,9.999999998410107,0.548358024059838
