,beta,tau,length
0,9.832922262197625e-11,6.197080120803607,0.8845936883659118
1,9.832922262197625e-11,6.197080120803607,0.8845936883659118
2,9.832922262197625e-11,6.197080120803607,0.8845936883659118
3,9.832922262197625e-11,6.197080120803607,0.8845936883659118
4,9.832922262197625e-11,6.197080120803607,0.8845936883659118
5,9.832922262197625e-11,6.197080120803607,0.8845936883659118
