,beta,tau,length
0,9.9999999999995,0.6397340418165471,1.4936786125802226
1,9.9999999999995,0.6397340418165471,1.4936786125802226
2,9.9999999999995,0.6397340418165471,1.4936786125802226
3,9.9999999999995,0.6397340418165471,1.4936786125802226
4,9.9999999999995,0.6397340418165471,1.4936786125802226
5,9.9999999999995,0.6397340418165471,1.4936786125802226
