,tau,length
0,6.954078982757208e-06,0.21648135596879292
1,6.954078982757208e-06,0.21648135596879292
2,6.954078982757208e-06,0.21648135596879292
3,6.954078982757208e-06,0.21648135596879292
4,6.954078982757208e-06,0.21648135596879292
5,6.954078982757208e-06,0.21648135596879292
