,beta,tau,length
0,1.4260380662100286e-10,7.972637676812412,0.6837219075077345
1,1.4260380662100286e-10,7.972637676812412,0.6837219075077345
2,1.4260380662100286e-10,7.972637676812412,0.6837219075077345
3,1.4260380662100286e-10,7.972637676812412,0.6837219075077345
4,1.4260380662100286e-10,7.972637676812412,0.6837219075077345
5,1.4260380662100286e-10,7.972637676812412,0.6837219075077345
