,beta,tau,length
0,7.801061124759889,1.0247392441355507,1.0251422902794043
1,7.801061124759889,1.0247392441355507,1.0251422902794043
2,7.801061124759889,1.0247392441355507,1.0251422902794043
3,7.801061124759889,1.0247392441355507,1.0251422902794043
4,7.801061124759889,1.0247392441355507,1.0251422902794043
5,7.801061124759889,1.0247392441355507,1.0251422902794043
