,beta,tau,length
0,8.267492668332954,0.04421083395683266,0.022982652003590388
1,8.267492668332954,0.04421083395683266,0.022982652003590388
2,8.267492668332954,0.04421083395683266,0.022982652003590388
3,8.267492668332954,0.04421083395683266,0.022982652003590388
4,8.267492668332954,0.04421083395683266,0.022982652003590388
5,8.267492668332954,0.04421083395683266,0.022982652003590388
