,tau,length
0,0.539570752108235,1.0015943689441915
1,0.539570752108235,1.0015943689441915
2,0.539570752108235,1.0015943689441915
3,0.539570752108235,1.0015943689441915
4,0.539570752108235,1.0015943689441915
5,0.539570752108235,1.0015943689441915
6,0.539570752108235,1.0015943689441915
7,0.539570752108235,1.0015943689441915
8,0.539570752108235,1.0015943689441915
9,0.539570752108235,1.0015943689441915
10,0.539570752108235,1.0015943689441915
