,beta,tau,length
0,9.999999999999954,0.9806219740956669,0.8232924822919797
1,9.999999999999954,0.9806219740956669,0.8232924822919797
2,9.999999999999954,0.9806219740956669,0.8232924822919797
3,9.999999999999954,0.9806219740956669,0.8232924822919797
4,9.999999999999954,0.9806219740956669,0.8232924822919797
5,9.999999999999954,0.9806219740956669,0.8232924822919797
