,tau,length
0,5.507058317576593,0.9058194991806158
1,5.507058317576593,0.9058194991806158
2,5.507058317576593,0.9058194991806158
3,5.507058317576593,0.9058194991806158
4,5.507058317576593,0.9058194991806158
5,5.507058317576593,0.9058194991806158
