,tau,length
0,0.0007067428078539773,0.004318394670875902
1,0.0007067428078539773,0.004318394670875902
2,0.0007067428078539773,0.004318394670875902
3,0.0007067428078539773,0.004318394670875902
4,0.0007067428078539773,0.004318394670875902
5,0.0007067428078539773,0.004318394670875902
