,beta,tau,length
0,1.1635633381736343,3.217103828779511e-07,0.1874204854507978
1,1.1635633381736343,3.217103828779511e-07,0.1874204854507978
2,1.1635633381736343,3.217103828779511e-07,0.1874204854507978
3,1.1635633381736343,3.217103828779511e-07,0.1874204854507978
4,1.1635633381736343,3.217103828779511e-07,0.1874204854507978
5,1.1635633381736343,3.217103828779511e-07,0.1874204854507978
