,beta,tau,length
0,7.972740614749386,1.103653963321782,0.683721162363526
1,7.972740614749386,1.103653963321782,0.683721162363526
2,7.972740614749386,1.103653963321782,0.683721162363526
3,7.972740614749386,1.103653963321782,0.683721162363526
4,7.972740614749386,1.103653963321782,0.683721162363526
5,7.972740614749386,1.103653963321782,0.683721162363526
