,beta,tau,length
0,9.999999999998835,0.29753100562420487,0.5992254464003983
1,9.999999999998835,0.29753100562420487,0.5992254464003983
2,9.999999999998835,0.29753100562420487,0.5992254464003983
3,9.999999999998835,0.29753100562420487,0.5992254464003983
4,9.999999999998835,0.29753100562420487,0.5992254464003983
5,9.999999999998835,0.29753100562420487,0.5992254464003983
6,9.999999999998835,0.29753100562420487,0.5992254464003983
7,9.999999999998835,0.29753100562420487,0.5992254464003983
8,9.999999999998835,0.29753100562420487,0.5992254464003983
9,9.999999999998835,0.29753100562420487,0.5992254464003983
10,9.999999999998835,0.29753100562420487,0.5992254464003983
