,beta,tau,length
0,9.999999999999972,2.229437210735709,0.12282873617224531
1,9.999999999999972,2.229437210735709,0.12282873617224531
2,9.999999999999972,2.229437210735709,0.12282873617224531
3,9.999999999999972,2.229437210735709,0.12282873617224531
4,9.999999999999972,2.229437210735709,0.12282873617224531
5,9.999999999999972,2.229437210735709,0.12282873617224531
6,9.999999999999972,2.229437210735709,0.12282873617224531
7,9.999999999999972,2.229437210735709,0.12282873617224531
8,9.999999999999972,2.229437210735709,0.12282873617224531
9,9.999999999999972,2.229437210735709,0.12282873617224531
10,9.999999999999972,2.229437210735709,0.12282873617224531
