,beta,tau,length
0,2.126752698020191,0.017020888422116343,0.44910686032429603
1,2.126752698020191,0.017020888422116343,0.44910686032429603
2,2.126752698020191,0.017020888422116343,0.44910686032429603
3,2.126752698020191,0.017020888422116343,0.44910686032429603
4,2.126752698020191,0.017020888422116343,0.44910686032429603
5,2.126752698020191,0.017020888422116343,0.44910686032429603
