,beta,tau,length
0,1.3367687596323719,2.6943331988003387,1.466799550652339
1,1.3367687596323719,2.6943331988003387,1.466799550652339
2,1.3367687596323719,2.6943331988003387,1.466799550652339
3,1.3367687596323719,2.6943331988003387,1.466799550652339
4,1.3367687596323719,2.6943331988003387,1.466799550652339
5,1.3367687596323719,2.6943331988003387,1.466799550652339
