,beta,tau,length
0,5.477283943504493,1.7092939253549125e-05,0.20682007203718722
1,5.477283943504493,1.7092939253549125e-05,0.20682007203718722
2,5.477283943504493,1.7092939253549125e-05,0.20682007203718722
3,5.477283943504493,1.7092939253549125e-05,0.20682007203718722
4,5.477283943504493,1.7092939253549125e-05,0.20682007203718722
5,5.477283943504493,1.7092939253549125e-05,0.20682007203718722
