,tau,length
0,0.6840136856113361,1.2168545318098194
1,0.6840136856113361,1.2168545318098194
2,0.6840136856113361,1.2168545318098194
3,0.6840136856113361,1.2168545318098194
4,0.6840136856113361,1.2168545318098194
5,0.6840136856113361,1.2168545318098194
6,0.6840136856113361,1.2168545318098194
7,0.6840136856113361,1.2168545318098194
8,0.6840136856113361,1.2168545318098194
9,0.6840136856113361,1.2168545318098194
10,0.6840136856113361,1.2168545318098194
