,beta,tau,length
0,9.999999999997776,0.0001466178728693924,0.19100082134288165
1,9.999999999997776,0.0001466178728693924,0.19100082134288165
2,9.999999999997776,0.0001466178728693924,0.19100082134288165
3,9.999999999997776,0.0001466178728693924,0.19100082134288165
4,9.999999999997776,0.0001466178728693924,0.19100082134288165
5,9.999999999997776,0.0001466178728693924,0.19100082134288165
