,beta,tau,length
0,9.999999999975069,0.5362814288065616,1.3757284583790008
1,9.999999999975069,0.5362814288065616,1.3757284583790008
2,9.999999999975069,0.5362814288065616,1.3757284583790008
3,9.999999999975069,0.5362814288065616,1.3757284583790008
4,9.999999999975069,0.5362814288065616,1.3757284583790008
5,9.999999999975069,0.5362814288065616,1.3757284583790008
6,9.999999999975069,0.5362814288065616,1.3757284583790008
7,9.999999999975069,0.5362814288065616,1.3757284583790008
8,9.999999999975069,0.5362814288065616,1.3757284583790008
9,9.999999999975069,0.5362814288065616,1.3757284583790008
10,9.999999999975069,0.5362814288065616,1.3757284583790008
