,tau,length
0,9.99999999925717,0.9058194991784708
1,9.99999999925717,0.9058194991784708
2,9.99999999925717,0.9058194991784708
3,9.99999999925717,0.9058194991784708
4,9.99999999925717,0.9058194991784708
5,9.99999999925717,0.9058194991784708
