,beta,tau,length
0,4.247483967579681,0.6882349556811375,1.0316983616761455
1,4.247483967579681,0.6882349556811375,1.0316983616761455
2,4.247483967579681,0.6882349556811375,1.0316983616761455
3,4.247483967579681,0.6882349556811375,1.0316983616761455
4,4.247483967579681,0.6882349556811375,1.0316983616761455
5,4.247483967579681,0.6882349556811375,1.0316983616761455
6,4.247483967579681,0.6882349556811375,1.0316983616761455
7,4.247483967579681,0.6882349556811375,1.0316983616761455
8,4.247483967579681,0.6882349556811375,1.0316983616761455
9,4.247483967579681,0.6882349556811375,1.0316983616761455
10,4.247483967579681,0.6882349556811375,1.0316983616761455
