,beta,tau,length
0,5.596895301554554,9.999999994093574,8.773747023890554
1,5.596895301554554,9.999999994093574,8.773747023890554
2,5.596895301554554,9.999999994093574,8.773747023890554
3,5.596895301554554,9.999999994093574,8.773747023890554
4,5.596895301554554,9.999999994093574,8.773747023890554
5,5.596895301554554,9.999999994093574,8.773747023890554
