,beta,tau,length
0,9.999999999999986,0.007414177175595438,0.11590954727412016
1,9.999999999999986,0.007414177175595438,0.11590954727412016
2,9.999999999999986,0.007414177175595438,0.11590954727412016
3,9.999999999999986,0.007414177175595438,0.11590954727412016
4,9.999999999999986,0.007414177175595438,0.11590954727412016
5,9.999999999999986,0.007414177175595438,0.11590954727412016
