,tau,length
0,9.999999998143487,0.4890728942777435
1,9.999999998143487,0.4890728942777435
2,9.999999998143487,0.4890728942777435
3,9.999999998143487,0.4890728942777435
4,9.999999998143487,0.4890728942777435
5,9.999999998143487,0.4890728942777435
6,9.999999998143487,0.4890728942777435
7,9.999999998143487,0.4890728942777435
8,9.999999998143487,0.4890728942777435
9,9.999999998143487,0.4890728942777435
10,9.999999998143487,0.4890728942777435
