,beta,tau,length
0,9.851722071854933,0.174881778446891,0.02172291703985706
1,9.851722071854933,0.174881778446891,0.02172291703985706
2,9.851722071854933,0.174881778446891,0.02172291703985706
3,9.851722071854933,0.174881778446891,0.02172291703985706
4,9.851722071854933,0.174881778446891,0.02172291703985706
5,9.851722071854933,0.174881778446891,0.02172291703985706
6,9.851722071854933,0.174881778446891,0.02172291703985706
7,9.851722071854933,0.174881778446891,0.02172291703985706
8,9.851722071854933,0.174881778446891,0.02172291703985706
9,9.851722071854933,0.174881778446891,0.02172291703985706
10,9.851722071854933,0.174881778446891,0.02172291703985706
