,beta,tau,length
0,9.821069284558323,8.221961289588417e-05,0.21060343967205586
1,9.821069284558323,8.221961289588417e-05,0.21060343967205586
2,9.821069284558323,8.221961289588417e-05,0.21060343967205586
3,9.821069284558323,8.221961289588417e-05,0.21060343967205586
4,9.821069284558323,8.221961289588417e-05,0.21060343967205586
5,9.821069284558323,8.221961289588417e-05,0.21060343967205586
