,beta,tau,length
0,9.999999999996515,0.02235332414608059,1.8174937987530204
1,9.999999999996515,0.02235332414608059,1.8174937987530204
2,9.999999999996515,0.02235332414608059,1.8174937987530204
3,9.999999999996515,0.02235332414608059,1.8174937987530204
4,9.999999999996515,0.02235332414608059,1.8174937987530204
5,9.999999999996515,0.02235332414608059,1.8174937987530204
6,9.999999999996515,0.02235332414608059,1.8174937987530204
7,9.999999999996515,0.02235332414608059,1.8174937987530204
8,9.999999999996515,0.02235332414608059,1.8174937987530204
9,9.999999999996515,0.02235332414608059,1.8174937987530204
10,9.999999999996515,0.02235332414608059,1.8174937987530204
