,beta,tau,length
0,0.0022740112310571828,4.0372640557078565,0.010831692827463869
1,0.0022740112310571828,4.0372640557078565,0.010831692827463869
2,0.0022740112310571828,4.0372640557078565,0.010831692827463869
3,0.0022740112310571828,4.0372640557078565,0.010831692827463869
4,0.0022740112310571828,4.0372640557078565,0.010831692827463869
5,0.0022740112310571828,4.0372640557078565,0.010831692827463869
