,tau,length
0,1.013507485181534,0.9058204112511576
1,1.013507485181534,0.9058204112511576
2,1.013507485181534,0.9058204112511576
3,1.013507485181534,0.9058204112511576
4,1.013507485181534,0.9058204112511576
5,1.013507485181534,0.9058204112511576
