,tau,length
0,0.3595644059245674,1.1485752814933474
1,0.3595644059245674,1.1485752814933474
2,0.3595644059245674,1.1485752814933474
3,0.3595644059245674,1.1485752814933474
4,0.3595644059245674,1.1485752814933474
5,0.3595644059245674,1.1485752814933474
6,0.3595644059245674,1.1485752814933474
7,0.3595644059245674,1.1485752814933474
8,0.3595644059245674,1.1485752814933474
9,0.3595644059245674,1.1485752814933474
10,0.3595644059245674,1.1485752814933474
