,tau,length
0,0.19612967511892743,1.183211924516867
1,0.19612967511892743,1.183211924516867
2,0.19612967511892743,1.183211924516867
3,0.19612967511892743,1.183211924516867
4,0.19612967511892743,1.183211924516867
5,0.19612967511892743,1.183211924516867
