,tau,length
0,0.19438102155229242,0.38851323571652285
1,0.19438102155229242,0.38851323571652285
2,0.19438102155229242,0.38851323571652285
3,0.19438102155229242,0.38851323571652285
4,0.19438102155229242,0.38851323571652285
5,0.19438102155229242,0.38851323571652285
