,tau,length
0,0.2132306676820973,1.2636756273185978
1,0.2132306676820973,1.2636756273185978
2,0.2132306676820973,1.2636756273185978
3,0.2132306676820973,1.2636756273185978
4,0.2132306676820973,1.2636756273185978
5,0.2132306676820973,1.2636756273185978
6,0.2132306676820973,1.2636756273185978
7,0.2132306676820973,1.2636756273185978
8,0.2132306676820973,1.2636756273185978
9,0.2132306676820973,1.2636756273185978
10,0.2132306676820973,1.2636756273185978
