,tau,length
0,0.13165658478860653,1.4662047943037297
1,0.13165658478860653,1.4662047943037297
2,0.13165658478860653,1.4662047943037297
3,0.13165658478860653,1.4662047943037297
4,0.13165658478860653,1.4662047943037297
5,0.13165658478860653,1.4662047943037297
6,0.13165658478860653,1.4662047943037297
7,0.13165658478860653,1.4662047943037297
8,0.13165658478860653,1.4662047943037297
9,0.13165658478860653,1.4662047943037297
10,0.13165658478860653,1.4662047943037297
