,tau,length
0,0.0003552178835187659,1.9137495749657762
1,0.0003552178835187659,1.9137495749657762
2,0.0003552178835187659,1.9137495749657762
3,0.0003552178835187659,1.9137495749657762
4,0.0003552178835187659,1.9137495749657762
5,0.0003552178835187659,1.9137495749657762
