,tau,length
0,0.5426169280494532,2.1479319194137956
1,0.5426169280494532,2.1479319194137956
2,0.5426169280494532,2.1479319194137956
3,0.5426169280494532,2.1479319194137956
4,0.5426169280494532,2.1479319194137956
5,0.5426169280494532,2.1479319194137956
6,0.5426169280494532,2.1479319194137956
7,0.5426169280494532,2.1479319194137956
8,0.5426169280494532,2.1479319194137956
9,0.5426169280494532,2.1479319194137956
10,0.5426169280494532,2.1479319194137956
