,tau,length
0,9.999999995739064,0.9460577731322252
1,9.999999995739064,0.9460577731322252
2,9.999999995739064,0.9460577731322252
3,9.999999995739064,0.9460577731322252
4,9.999999995739064,0.9460577731322252
5,9.999999995739064,0.9460577731322252
6,9.999999995739064,0.9460577731322252
7,9.999999995739064,0.9460577731322252
8,9.999999995739064,0.9460577731322252
9,9.999999995739064,0.9460577731322252
10,9.999999995739064,0.9460577731322252
