,tau,length
0,0.215959792198825,1.402518917328316
1,0.215959792198825,1.402518917328316
2,0.215959792198825,1.402518917328316
3,0.215959792198825,1.402518917328316
4,0.215959792198825,1.402518917328316
5,0.215959792198825,1.402518917328316
6,0.215959792198825,1.402518917328316
7,0.215959792198825,1.402518917328316
8,0.215959792198825,1.402518917328316
9,0.215959792198825,1.402518917328316
10,0.215959792198825,1.402518917328316
