,tau,length
0,0.18800702975959716,1.351395440400644
1,0.18800702975959716,1.351395440400644
2,0.18800702975959716,1.351395440400644
3,0.18800702975959716,1.351395440400644
4,0.18800702975959716,1.351395440400644
5,0.18800702975959716,1.351395440400644
6,0.18800702975959716,1.351395440400644
7,0.18800702975959716,1.351395440400644
8,0.18800702975959716,1.351395440400644
9,0.18800702975959716,1.351395440400644
10,0.18800702975959716,1.351395440400644
