,tau,length
0,0.12305238510391679,1.5794431121997605
1,0.12305238510391679,1.5794431121997605
2,0.12305238510391679,1.5794431121997605
3,0.12305238510391679,1.5794431121997605
4,0.12305238510391679,1.5794431121997605
5,0.12305238510391679,1.5794431121997605
6,0.12305238510391679,1.5794431121997605
7,0.12305238510391679,1.5794431121997605
8,0.12305238510391679,1.5794431121997605
9,0.12305238510391679,1.5794431121997605
10,0.12305238510391679,1.5794431121997605
