,tau,length
0,0.11694463153024758,1.290922679815275
1,0.11694463153024758,1.290922679815275
2,0.11694463153024758,1.290922679815275
3,0.11694463153024758,1.290922679815275
4,0.11694463153024758,1.290922679815275
5,0.11694463153024758,1.290922679815275
6,0.11694463153024758,1.290922679815275
7,0.11694463153024758,1.290922679815275
8,0.11694463153024758,1.290922679815275
9,0.11694463153024758,1.290922679815275
10,0.11694463153024758,1.290922679815275
