,tau,length
0,1.124595332430115,0.07843561523048058
1,1.124595332430115,0.07843561523048058
2,1.124595332430115,0.07843561523048058
3,1.124595332430115,0.07843561523048058
4,1.124595332430115,0.07843561523048058
5,1.124595332430115,0.07843561523048058
6,1.124595332430115,0.07843561523048058
7,1.124595332430115,0.07843561523048058
8,1.124595332430115,0.07843561523048058
9,1.124595332430115,0.07843561523048058
10,1.124595332430115,0.07843561523048058
