,tau,length
0,0.12222272847209568,1.3236408576916625
1,0.12222272847209568,1.3236408576916625
2,0.12222272847209568,1.3236408576916625
3,0.12222272847209568,1.3236408576916625
4,0.12222272847209568,1.3236408576916625
5,0.12222272847209568,1.3236408576916625
6,0.12222272847209568,1.3236408576916625
7,0.12222272847209568,1.3236408576916625
8,0.12222272847209568,1.3236408576916625
9,0.12222272847209568,1.3236408576916625
10,0.12222272847209568,1.3236408576916625
