,tau,length
0,0.14752298018581866,1.6672201471221415
1,0.14752298018581866,1.6672201471221415
2,0.14752298018581866,1.6672201471221415
3,0.14752298018581866,1.6672201471221415
4,0.14752298018581866,1.6672201471221415
5,0.14752298018581866,1.6672201471221415
