,tau,length
0,0.12809427396606798,1.514144007712338
1,0.12809427396606798,1.514144007712338
2,0.12809427396606798,1.514144007712338
3,0.12809427396606798,1.514144007712338
4,0.12809427396606798,1.514144007712338
5,0.12809427396606798,1.514144007712338
6,0.12809427396606798,1.514144007712338
7,0.12809427396606798,1.514144007712338
8,0.12809427396606798,1.514144007712338
9,0.12809427396606798,1.514144007712338
10,0.12809427396606798,1.514144007712338
