,tau,length
0,0.1038058570801904,1.5018141022666298
1,0.1038058570801904,1.5018141022666298
2,0.1038058570801904,1.5018141022666298
3,0.1038058570801904,1.5018141022666298
4,0.1038058570801904,1.5018141022666298
5,0.1038058570801904,1.5018141022666298
6,0.1038058570801904,1.5018141022666298
7,0.1038058570801904,1.5018141022666298
8,0.1038058570801904,1.5018141022666298
9,0.1038058570801904,1.5018141022666298
10,0.1038058570801904,1.5018141022666298
