,tau,length
0,9.999999999994515,0.023590562769184132
1,9.999999999994515,0.023590562769184132
2,9.999999999994515,0.023590562769184132
3,9.999999999994515,0.023590562769184132
4,9.999999999994515,0.023590562769184132
5,9.999999999994515,0.023590562769184132
6,9.999999999994515,0.023590562769184132
7,9.999999999994515,0.023590562769184132
8,9.999999999994515,0.023590562769184132
9,9.999999999994515,0.023590562769184132
10,9.999999999994515,0.023590562769184132
