,tau,length
0,0.3031853074678649,1.1420047829974016
1,0.3031853074678649,1.1420047829974016
2,0.3031853074678649,1.1420047829974016
3,0.3031853074678649,1.1420047829974016
4,0.3031853074678649,1.1420047829974016
5,0.3031853074678649,1.1420047829974016
