,tau,length
0,0.11675259352425481,1.038628649373397
1,0.11675259352425481,1.038628649373397
2,0.11675259352425481,1.038628649373397
3,0.11675259352425481,1.038628649373397
4,0.11675259352425481,1.038628649373397
5,0.11675259352425481,1.038628649373397
