,tau,length
0,0.12240790822355639,1.7828852822740038
1,0.12240790822355639,1.7828852822740038
2,0.12240790822355639,1.7828852822740038
3,0.12240790822355639,1.7828852822740038
4,0.12240790822355639,1.7828852822740038
5,0.12240790822355639,1.7828852822740038
6,0.12240790822355639,1.7828852822740038
7,0.12240790822355639,1.7828852822740038
8,0.12240790822355639,1.7828852822740038
9,0.12240790822355639,1.7828852822740038
10,0.12240790822355639,1.7828852822740038
