,tau,length
0,0.21187764778171425,1.4589003576391923
1,0.21187764778171425,1.4589003576391923
2,0.21187764778171425,1.4589003576391923
3,0.21187764778171425,1.4589003576391923
4,0.21187764778171425,1.4589003576391923
5,0.21187764778171425,1.4589003576391923
6,0.21187764778171425,1.4589003576391923
7,0.21187764778171425,1.4589003576391923
8,0.21187764778171425,1.4589003576391923
9,0.21187764778171425,1.4589003576391923
10,0.21187764778171425,1.4589003576391923
