,tau,length
0,0.13027370287897644,1.3463123830640633
1,0.13027370287897644,1.3463123830640633
2,0.13027370287897644,1.3463123830640633
3,0.13027370287897644,1.3463123830640633
4,0.13027370287897644,1.3463123830640633
5,0.13027370287897644,1.3463123830640633
6,0.13027370287897644,1.3463123830640633
7,0.13027370287897644,1.3463123830640633
8,0.13027370287897644,1.3463123830640633
9,0.13027370287897644,1.3463123830640633
10,0.13027370287897644,1.3463123830640633
