,beta,tau,length
0,4.001708347207927,2.2156238955428537e-09,0.16804880065930516
1,4.001708347207927,2.2156238955428537e-09,0.16804880065930516
2,4.001708347207927,2.2156238955428537e-09,0.16804880065930516
3,4.001708347207927,2.2156238955428537e-09,0.16804880065930516
4,4.001708347207927,2.2156238955428537e-09,0.16804880065930516
5,4.001708347207927,2.2156238955428537e-09,0.16804880065930516
