,beta,tau,length
0,7.763218517511534,0.020783564727270377,0.11845552167791161
1,7.763218517511534,0.020783564727270377,0.11845552167791161
2,7.763218517511534,0.020783564727270377,0.11845552167791161
3,7.763218517511534,0.020783564727270377,0.11845552167791161
4,7.763218517511534,0.020783564727270377,0.11845552167791161
5,7.763218517511534,0.020783564727270377,0.11845552167791161
