,beta,tau,length
0,5.815156789514822e-09,9.999999998250756,8.622209469559772
1,5.815156789514822e-09,9.999999998250756,8.622209469559772
2,5.815156789514822e-09,9.999999998250756,8.622209469559772
3,5.815156789514822e-09,9.999999998250756,8.622209469559772
4,5.815156789514822e-09,9.999999998250756,8.622209469559772
5,5.815156789514822e-09,9.999999998250756,8.622209469559772
