,beta,tau,length
0,4.899236887900374,2.720014958713346e-07,0.18632505469175065
1,4.899236887900374,2.720014958713346e-07,0.18632505469175065
2,4.899236887900374,2.720014958713346e-07,0.18632505469175065
3,4.899236887900374,2.720014958713346e-07,0.18632505469175065
4,4.899236887900374,2.720014958713346e-07,0.18632505469175065
5,4.899236887900374,2.720014958713346e-07,0.18632505469175065
