,beta,tau,length
0,9.995166554513432,4.212574080775324e-06,0.18699942568869765
1,9.995166554513432,4.212574080775324e-06,0.18699942568869765
2,9.995166554513432,4.212574080775324e-06,0.18699942568869765
3,9.995166554513432,4.212574080775324e-06,0.18699942568869765
4,9.995166554513432,4.212574080775324e-06,0.18699942568869765
5,9.995166554513432,4.212574080775324e-06,0.18699942568869765
