,beta,tau,length
0,1.1316461134376081,1.4550060661966483e-05,0.1984613626504118
1,1.1316461134376081,1.4550060661966483e-05,0.1984613626504118
2,1.1316461134376081,1.4550060661966483e-05,0.1984613626504118
3,1.1316461134376081,1.4550060661966483e-05,0.1984613626504118
4,1.1316461134376081,1.4550060661966483e-05,0.1984613626504118
5,1.1316461134376081,1.4550060661966483e-05,0.1984613626504118
