,beta,tau,length
0,0.6268019912017548,1.5196781133256305,0.7227736210345527
1,0.6268019912017548,1.5196781133256305,0.7227736210345527
2,0.6268019912017548,1.5196781133256305,0.7227736210345527
3,0.6268019912017548,1.5196781133256305,0.7227736210345527
4,0.6268019912017548,1.5196781133256305,0.7227736210345527
5,0.6268019912017548,1.5196781133256305,0.7227736210345527
