,beta,tau,length
0,5.351118445239561e-11,7.800853231486718,1.0251287790127557
1,5.351118445239561e-11,7.800853231486718,1.0251287790127557
2,5.351118445239561e-11,7.800853231486718,1.0251287790127557
3,5.351118445239561e-11,7.800853231486718,1.0251287790127557
4,5.351118445239561e-11,7.800853231486718,1.0251287790127557
5,5.351118445239561e-11,7.800853231486718,1.0251287790127557
