,beta,tau,length
0,1.348495668893424,0.4436948133288816,0.4043236151418984
1,1.348495668893424,0.4436948133288816,0.4043236151418984
2,1.348495668893424,0.4436948133288816,0.4043236151418984
3,1.348495668893424,0.4436948133288816,0.4043236151418984
4,1.348495668893424,0.4436948133288816,0.4043236151418984
5,1.348495668893424,0.4436948133288816,0.4043236151418984
