,beta,tau,length
0,2.9920855682785603e-09,4.181039397988663,0.6887801512213011
1,2.9920855682785603e-09,4.181039397988663,0.6887801512213011
2,2.9920855682785603e-09,4.181039397988663,0.6887801512213011
3,2.9920855682785603e-09,4.181039397988663,0.6887801512213011
4,2.9920855682785603e-09,4.181039397988663,0.6887801512213011
5,2.9920855682785603e-09,4.181039397988663,0.6887801512213011
