,beta,tau,length
0,0.7335019861900461,1.6127831519597975,0.11911646495246019
1,0.7335019861900461,1.6127831519597975,0.11911646495246019
2,0.7335019861900461,1.6127831519597975,0.11911646495246019
3,0.7335019861900461,1.6127831519597975,0.11911646495246019
4,0.7335019861900461,1.6127831519597975,0.11911646495246019
5,0.7335019861900461,1.6127831519597975,0.11911646495246019
