,beta,tau,length
0,1.3831493731206834,1.9300888172246814e-05,0.2078941166343824
1,1.3831493731206834,1.9300888172246814e-05,0.2078941166343824
2,1.3831493731206834,1.9300888172246814e-05,0.2078941166343824
3,1.3831493731206834,1.9300888172246814e-05,0.2078941166343824
4,1.3831493731206834,1.9300888172246814e-05,0.2078941166343824
5,1.3831493731206834,1.9300888172246814e-05,0.2078941166343824
