,beta,tau,length
0,0.6888495169868037,0.7610263885023179,0.6665845642213382
1,0.6888495169868037,0.7610263885023179,0.6665845642213382
2,0.6888495169868037,0.7610263885023179,0.6665845642213382
3,0.6888495169868037,0.7610263885023179,0.6665845642213382
4,0.6888495169868037,0.7610263885023179,0.6665845642213382
5,0.6888495169868037,0.7610263885023179,0.6665845642213382
