,beta,tau
0,0.04855523151792672,0.015101807894167363
1,0.04855523151792672,0.015101807894167363
2,0.04855523151792672,0.015101807894167363
3,0.04855523151792672,0.015101807894167363
4,0.04855523151792672,0.015101807894167363
5,0.04855523151792672,0.015101807894167363
6,0.04855523151792672,0.015101807894167363
7,0.04855523151792672,0.015101807894167363
8,0.04855523151792672,0.015101807894167363
9,0.04855523151792672,0.015101807894167363
10,0.04855523151792672,0.015101807894167363
