,beta,tau
0,0.18041985394601234,0.016585987148210014
1,0.18041985394601234,0.016585987148210014
2,0.18041985394601234,0.016585987148210014
3,0.18041985394601234,0.016585987148210014
4,0.18041985394601234,0.016585987148210014
5,0.18041985394601234,0.016585987148210014
