,beta,tau
0,0.019785218224092172,0.013648374068120462
1,0.019785218224092172,0.013648374068120462
2,0.019785218224092172,0.013648374068120462
3,0.019785218224092172,0.013648374068120462
4,0.019785218224092172,0.013648374068120462
5,0.019785218224092172,0.013648374068120462
