,beta,tau
0,0.2563310346429155,0.016144564116633665
1,0.2563310346429155,0.016144564116633665
2,0.2563310346429155,0.016144564116633665
3,0.2563310346429155,0.016144564116633665
4,0.2563310346429155,0.016144564116633665
5,0.2563310346429155,0.016144564116633665
6,0.2563310346429155,0.016144564116633665
7,0.2563310346429155,0.016144564116633665
8,0.2563310346429155,0.016144564116633665
9,0.2563310346429155,0.016144564116633665
10,0.2563310346429155,0.016144564116633665
