,beta,tau
0,0.012536899755283926,0.01301982767804476
1,0.012536899755283926,0.01301982767804476
2,0.012536899755283926,0.01301982767804476
3,0.012536899755283926,0.01301982767804476
4,0.012536899755283926,0.01301982767804476
5,0.012536899755283926,0.01301982767804476
6,0.012536899755283926,0.01301982767804476
7,0.012536899755283926,0.01301982767804476
8,0.012536899755283926,0.01301982767804476
9,0.012536899755283926,0.01301982767804476
10,0.012536899755283926,0.01301982767804476
