,beta,tau
0,0.191655050134812,0.016487455020171116
1,0.191655050134812,0.016487455020171116
2,0.191655050134812,0.016487455020171116
3,0.191655050134812,0.016487455020171116
4,0.191655050134812,0.016487455020171116
5,0.191655050134812,0.016487455020171116
