,beta,tau
0,1.2982912176143269,0.018012993877207884
1,1.2982912176143269,0.018012993877207884
2,1.2982912176143269,0.018012993877207884
3,1.2982912176143269,0.018012993877207884
4,1.2982912176143269,0.018012993877207884
5,1.2982912176143269,0.018012993877207884
6,1.2982912176143269,0.018012993877207884
7,1.2982912176143269,0.018012993877207884
8,1.2982912176143269,0.018012993877207884
9,1.2982912176143269,0.018012993877207884
10,1.2982912176143269,0.018012993877207884
