,beta,tau
0,0.10381467526806863,0.016368775018990134
1,0.10381467526806863,0.016368775018990134
2,0.10381467526806863,0.016368775018990134
3,0.10381467526806863,0.016368775018990134
4,0.10381467526806863,0.016368775018990134
5,0.10381467526806863,0.016368775018990134
