,beta,tau
0,1.412940833666609,0.01786134468295685
1,1.412940833666609,0.01786134468295685
2,1.412940833666609,0.01786134468295685
3,1.412940833666609,0.01786134468295685
4,1.412940833666609,0.01786134468295685
5,1.412940833666609,0.01786134468295685
