,beta,tau
0,0.19246806195762034,0.016190843949385293
1,0.19246806195762034,0.016190843949385293
2,0.19246806195762034,0.016190843949385293
3,0.19246806195762034,0.016190843949385293
4,0.19246806195762034,0.016190843949385293
5,0.19246806195762034,0.016190843949385293
6,0.19246806195762034,0.016190843949385293
7,0.19246806195762034,0.016190843949385293
8,0.19246806195762034,0.016190843949385293
9,0.19246806195762034,0.016190843949385293
10,0.19246806195762034,0.016190843949385293
