,beta,tau
0,0.16458557947440067,0.016169796942997017
1,0.16458557947440067,0.016169796942997017
2,0.16458557947440067,0.016169796942997017
3,0.16458557947440067,0.016169796942997017
4,0.16458557947440067,0.016169796942997017
5,0.16458557947440067,0.016169796942997017
