,beta,tau
0,0.03546106363038713,0.014957885169614816
1,0.03546106363038713,0.014957885169614816
2,0.03546106363038713,0.014957885169614816
3,0.03546106363038713,0.014957885169614816
4,0.03546106363038713,0.014957885169614816
5,0.03546106363038713,0.014957885169614816
6,0.03546106363038713,0.014957885169614816
7,0.03546106363038713,0.014957885169614816
8,0.03546106363038713,0.014957885169614816
9,0.03546106363038713,0.014957885169614816
10,0.03546106363038713,0.014957885169614816
