,beta,tau
0,0.10285735013580109,0.015537673477217896
1,0.10285735013580109,0.015537673477217896
2,0.10285735013580109,0.015537673477217896
3,0.10285735013580109,0.015537673477217896
4,0.10285735013580109,0.015537673477217896
5,0.10285735013580109,0.015537673477217896
6,0.10285735013580109,0.015537673477217896
7,0.10285735013580109,0.015537673477217896
8,0.10285735013580109,0.015537673477217896
9,0.10285735013580109,0.015537673477217896
10,0.10285735013580109,0.015537673477217896
