,beta,tau
0,0.044590811763087865,0.012128676046278642
1,0.044590811763087865,0.012128676046278642
2,0.044590811763087865,0.012128676046278642
3,0.044590811763087865,0.012128676046278642
4,0.044590811763087865,0.012128676046278642
5,0.044590811763087865,0.012128676046278642
6,0.044590811763087865,0.012128676046278642
7,0.044590811763087865,0.012128676046278642
8,0.044590811763087865,0.012128676046278642
9,0.044590811763087865,0.012128676046278642
10,0.044590811763087865,0.012128676046278642
