,beta,tau
0,0.14655400702511545,0.01653721538855134
1,0.14655400702511545,0.01653721538855134
2,0.14655400702511545,0.01653721538855134
3,0.14655400702511545,0.01653721538855134
4,0.14655400702511545,0.01653721538855134
5,0.14655400702511545,0.01653721538855134
