,beta,tau
0,0.028695790365150343,0.014657730135508407
1,0.028695790365150343,0.014657730135508407
2,0.028695790365150343,0.014657730135508407
3,0.028695790365150343,0.014657730135508407
4,0.028695790365150343,0.014657730135508407
5,0.028695790365150343,0.014657730135508407
6,0.028695790365150343,0.014657730135508407
7,0.028695790365150343,0.014657730135508407
8,0.028695790365150343,0.014657730135508407
9,0.028695790365150343,0.014657730135508407
10,0.028695790365150343,0.014657730135508407
