,beta,tau
0,0.19163139622649383,0.016120461621611615
1,0.19163139622649383,0.016120461621611615
2,0.19163139622649383,0.016120461621611615
3,0.19163139622649383,0.016120461621611615
4,0.19163139622649383,0.016120461621611615
5,0.19163139622649383,0.016120461621611615
6,0.19163139622649383,0.016120461621611615
7,0.19163139622649383,0.016120461621611615
8,0.19163139622649383,0.016120461621611615
9,0.19163139622649383,0.016120461621611615
10,0.19163139622649383,0.016120461621611615
