,beta,tau
0,7.316449660063517e-15,0.013831881249649725
1,7.316449660063517e-15,0.013831881249649725
2,7.316449660063517e-15,0.013831881249649725
3,7.316449660063517e-15,0.013831881249649725
4,7.316449660063517e-15,0.013831881249649725
5,7.316449660063517e-15,0.013831881249649725
