,beta,tau
0,2.241919022059318,0.00038422314782359256
1,2.241919022059318,0.00038422314782359256
2,2.241919022059318,0.00038422314782359256
3,2.241919022059318,0.00038422314782359256
4,2.241919022059318,0.00038422314782359256
5,2.241919022059318,0.00038422314782359256
