,beta,tau
0,0.4761408414131447,0.016565672610635674
1,0.4761408414131447,0.016565672610635674
2,0.4761408414131447,0.016565672610635674
3,0.4761408414131447,0.016565672610635674
4,0.4761408414131447,0.016565672610635674
5,0.4761408414131447,0.016565672610635674
6,0.4761408414131447,0.016565672610635674
7,0.4761408414131447,0.016565672610635674
8,0.4761408414131447,0.016565672610635674
9,0.4761408414131447,0.016565672610635674
10,0.4761408414131447,0.016565672610635674
