,beta,tau
0,1.2577758902515863,0.017450869920617274
1,1.2577758902515863,0.017450869920617274
2,1.2577758902515863,0.017450869920617274
3,1.2577758902515863,0.017450869920617274
4,1.2577758902515863,0.017450869920617274
5,1.2577758902515863,0.017450869920617274
6,1.2577758902515863,0.017450869920617274
7,1.2577758902515863,0.017450869920617274
8,1.2577758902515863,0.017450869920617274
9,1.2577758902515863,0.017450869920617274
10,1.2577758902515863,0.017450869920617274
