,beta,tau
0,0.054001229302372375,0.014940961789666852
1,0.054001229302372375,0.014940961789666852
2,0.054001229302372375,0.014940961789666852
3,0.054001229302372375,0.014940961789666852
4,0.054001229302372375,0.014940961789666852
5,0.054001229302372375,0.014940961789666852
6,0.054001229302372375,0.014940961789666852
7,0.054001229302372375,0.014940961789666852
8,0.054001229302372375,0.014940961789666852
9,0.054001229302372375,0.014940961789666852
10,0.054001229302372375,0.014940961789666852
