,beta,tau
0,0.18873372195294347,0.016363907042308935
1,0.18873372195294347,0.016363907042308935
2,0.18873372195294347,0.016363907042308935
3,0.18873372195294347,0.016363907042308935
4,0.18873372195294347,0.016363907042308935
5,0.18873372195294347,0.016363907042308935
