,beta,tau
0,0.04826270351509186,0.013899184251087816
1,0.04826270351509186,0.013899184251087816
2,0.04826270351509186,0.013899184251087816
3,0.04826270351509186,0.013899184251087816
4,0.04826270351509186,0.013899184251087816
5,0.04826270351509186,0.013899184251087816
