,beta,tau
0,0.04895951264410291,0.015227547887028504
1,0.04895951264410291,0.015227547887028504
2,0.04895951264410291,0.015227547887028504
3,0.04895951264410291,0.015227547887028504
4,0.04895951264410291,0.015227547887028504
5,0.04895951264410291,0.015227547887028504
6,0.04895951264410291,0.015227547887028504
7,0.04895951264410291,0.015227547887028504
8,0.04895951264410291,0.015227547887028504
9,0.04895951264410291,0.015227547887028504
10,0.04895951264410291,0.015227547887028504
