,beta,tau
0,0.04654772855107413,0.015201826064940128
1,0.04654772855107413,0.015201826064940128
2,0.04654772855107413,0.015201826064940128
3,0.04654772855107413,0.015201826064940128
4,0.04654772855107413,0.015201826064940128
5,0.04654772855107413,0.015201826064940128
6,0.04654772855107413,0.015201826064940128
7,0.04654772855107413,0.015201826064940128
8,0.04654772855107413,0.015201826064940128
9,0.04654772855107413,0.015201826064940128
10,0.04654772855107413,0.015201826064940128
