,beta,tau
0,0.41789490778360816,0.016423944877393504
1,0.41789490778360816,0.016423944877393504
2,0.41789490778360816,0.016423944877393504
3,0.41789490778360816,0.016423944877393504
4,0.41789490778360816,0.016423944877393504
5,0.41789490778360816,0.016423944877393504
6,0.41789490778360816,0.016423944877393504
7,0.41789490778360816,0.016423944877393504
8,0.41789490778360816,0.016423944877393504
9,0.41789490778360816,0.016423944877393504
10,0.41789490778360816,0.016423944877393504
