,beta,tau
0,0.2936673299005472,0.0166582244993858
1,0.2936673299005472,0.0166582244993858
2,0.2936673299005472,0.0166582244993858
3,0.2936673299005472,0.0166582244993858
4,0.2936673299005472,0.0166582244993858
5,0.2936673299005472,0.0166582244993858
