,beta,tau
0,0.09314709550223076,0.015999477271274144
1,0.09314709550223076,0.015999477271274144
2,0.09314709550223076,0.015999477271274144
3,0.09314709550223076,0.015999477271274144
4,0.09314709550223076,0.015999477271274144
5,0.09314709550223076,0.015999477271274144
