,beta,tau
0,0.16126500362021412,0.01591260588843856
1,0.16126500362021412,0.01591260588843856
2,0.16126500362021412,0.01591260588843856
3,0.16126500362021412,0.01591260588843856
4,0.16126500362021412,0.01591260588843856
5,0.16126500362021412,0.01591260588843856
6,0.16126500362021412,0.01591260588843856
7,0.16126500362021412,0.01591260588843856
8,0.16126500362021412,0.01591260588843856
9,0.16126500362021412,0.01591260588843856
10,0.16126500362021412,0.01591260588843856
