,beta,tau
0,0.42214692096739903,0.0166433405520534
1,0.42214692096739903,0.0166433405520534
2,0.42214692096739903,0.0166433405520534
3,0.42214692096739903,0.0166433405520534
4,0.42214692096739903,0.0166433405520534
5,0.42214692096739903,0.0166433405520534
6,0.42214692096739903,0.0166433405520534
7,0.42214692096739903,0.0166433405520534
8,0.42214692096739903,0.0166433405520534
9,0.42214692096739903,0.0166433405520534
10,0.42214692096739903,0.0166433405520534
