,beta,tau
0,0.07552169095326032,0.015191693154442788
1,0.07552169095326032,0.015191693154442788
2,0.07552169095326032,0.015191693154442788
3,0.07552169095326032,0.015191693154442788
4,0.07552169095326032,0.015191693154442788
5,0.07552169095326032,0.015191693154442788
6,0.07552169095326032,0.015191693154442788
7,0.07552169095326032,0.015191693154442788
8,0.07552169095326032,0.015191693154442788
9,0.07552169095326032,0.015191693154442788
10,0.07552169095326032,0.015191693154442788
