,beta,tau
0,0.4197775492703122,0.016549928549250515
1,0.4197775492703122,0.016549928549250515
2,0.4197775492703122,0.016549928549250515
3,0.4197775492703122,0.016549928549250515
4,0.4197775492703122,0.016549928549250515
5,0.4197775492703122,0.016549928549250515
6,0.4197775492703122,0.016549928549250515
7,0.4197775492703122,0.016549928549250515
8,0.4197775492703122,0.016549928549250515
9,0.4197775492703122,0.016549928549250515
10,0.4197775492703122,0.016549928549250515
