,beta,tau
0,0.4189609121474326,0.01646583956395452
1,0.4189609121474326,0.01646583956395452
2,0.4189609121474326,0.01646583956395452
3,0.4189609121474326,0.01646583956395452
4,0.4189609121474326,0.01646583956395452
5,0.4189609121474326,0.01646583956395452
6,0.4189609121474326,0.01646583956395452
7,0.4189609121474326,0.01646583956395452
8,0.4189609121474326,0.01646583956395452
9,0.4189609121474326,0.01646583956395452
10,0.4189609121474326,0.01646583956395452
