,beta,tau
0,0.5907438452054921,0.017624577473863246
1,0.5907438452054921,0.017624577473863246
2,0.5907438452054921,0.017624577473863246
3,0.5907438452054921,0.017624577473863246
4,0.5907438452054921,0.017624577473863246
5,0.5907438452054921,0.017624577473863246
