,beta,tau
0,1.4093474731957318,0.018682212006766553
1,1.4093474731957318,0.018682212006766553
2,1.4093474731957318,0.018682212006766553
3,1.4093474731957318,0.018682212006766553
4,1.4093474731957318,0.018682212006766553
5,1.4093474731957318,0.018682212006766553
