,beta,tau
0,1.922414686090292,0.01756947170058153
1,1.922414686090292,0.01756947170058153
2,1.922414686090292,0.01756947170058153
3,1.922414686090292,0.01756947170058153
4,1.922414686090292,0.01756947170058153
5,1.922414686090292,0.01756947170058153
6,1.922414686090292,0.01756947170058153
7,1.922414686090292,0.01756947170058153
8,1.922414686090292,0.01756947170058153
9,1.922414686090292,0.01756947170058153
10,1.922414686090292,0.01756947170058153
