,beta,tau
0,1.24560532564655,0.018226293331107358
1,1.24560532564655,0.018226293331107358
2,1.24560532564655,0.018226293331107358
3,1.24560532564655,0.018226293331107358
4,1.24560532564655,0.018226293331107358
5,1.24560532564655,0.018226293331107358
