,beta,tau
0,1.2102230246251566e-15,0.012661556923395201
1,1.2102230246251566e-15,0.012661556923395201
2,1.2102230246251566e-15,0.012661556923395201
3,1.2102230246251566e-15,0.012661556923395201
4,1.2102230246251566e-15,0.012661556923395201
5,1.2102230246251566e-15,0.012661556923395201
