,beta,tau
0,0.04838830279351401,0.01544536868169254
1,0.04838830279351401,0.01544536868169254
2,0.04838830279351401,0.01544536868169254
3,0.04838830279351401,0.01544536868169254
4,0.04838830279351401,0.01544536868169254
5,0.04838830279351401,0.01544536868169254
