,beta,tau
0,0.023681721449302463,0.014462948822017253
1,0.023681721449302463,0.014462948822017253
2,0.023681721449302463,0.014462948822017253
3,0.023681721449302463,0.014462948822017253
4,0.023681721449302463,0.014462948822017253
5,0.023681721449302463,0.014462948822017253
