,beta,tau
0,0.060911346028970734,0.015119300467848585
1,0.060911346028970734,0.015119300467848585
2,0.060911346028970734,0.015119300467848585
3,0.060911346028970734,0.015119300467848585
4,0.060911346028970734,0.015119300467848585
5,0.060911346028970734,0.015119300467848585
6,0.060911346028970734,0.015119300467848585
7,0.060911346028970734,0.015119300467848585
8,0.060911346028970734,0.015119300467848585
9,0.060911346028970734,0.015119300467848585
10,0.060911346028970734,0.015119300467848585
