,beta,tau
0,0.17571104836380924,0.015862945268300777
1,0.17571104836380924,0.015862945268300777
2,0.17571104836380924,0.015862945268300777
3,0.17571104836380924,0.015862945268300777
4,0.17571104836380924,0.015862945268300777
5,0.17571104836380924,0.015862945268300777
6,0.17571104836380924,0.015862945268300777
7,0.17571104836380924,0.015862945268300777
8,0.17571104836380924,0.015862945268300777
9,0.17571104836380924,0.015862945268300777
10,0.17571104836380924,0.015862945268300777
