,beta,tau,theta
0,9.26472984367693,0.09626017304322064,2.9066507591302426
1,9.26472984367693,0.09626017304322064,2.9066507591302426
2,9.26472984367693,0.09626017304322064,2.9066507591302426
3,9.26472984367693,0.09626017304322064,2.9066507591302426
4,9.26472984367693,0.09626017304322064,2.9066507591302426
5,9.26472984367693,0.09626017304322064,2.9066507591302426
