,beta,tau,theta
0,4.5122783690600246,0.8158593931382253,0.007814801535703898
1,4.5122783690600246,0.8158593931382253,0.007814801535703898
2,4.5122783690600246,0.8158593931382253,0.007814801535703898
3,4.5122783690600246,0.8158593931382253,0.007814801535703898
4,4.5122783690600246,0.8158593931382253,0.007814801535703898
5,4.5122783690600246,0.8158593931382253,0.007814801535703898
