,beta,tau,theta
0,0.31210454342738514,0.4124336080131281,3.2780139116712097
1,0.31210454342738514,0.4124336080131281,3.2780139116712097
2,0.31210454342738514,0.4124336080131281,3.2780139116712097
3,0.31210454342738514,0.4124336080131281,3.2780139116712097
4,0.31210454342738514,0.4124336080131281,3.2780139116712097
5,0.31210454342738514,0.4124336080131281,3.2780139116712097
