,beta,tau,theta
0,7.910213133542845,0.8870606398066229,0.2170104208614283
1,7.910213133542845,0.8870606398066229,0.2170104208614283
2,7.910213133542845,0.8870606398066229,0.2170104208614283
3,7.910213133542845,0.8870606398066229,0.2170104208614283
4,7.910213133542845,0.8870606398066229,0.2170104208614283
5,7.910213133542845,0.8870606398066229,0.2170104208614283
