,beta,tau,theta
0,0.17437804470740625,7.032862469066535e-08,3.475586600844652
1,0.17437804470740625,7.032862469066535e-08,3.475586600844652
2,0.17437804470740625,7.032862469066535e-08,3.475586600844652
3,0.17437804470740625,7.032862469066535e-08,3.475586600844652
4,0.17437804470740625,7.032862469066535e-08,3.475586600844652
5,0.17437804470740625,7.032862469066535e-08,3.475586600844652
