,beta,tau,theta
0,0.438835073345339,0.0008101998839056157,9.397897041885095
1,0.438835073345339,0.0008101998839056157,9.397897041885095
2,0.438835073345339,0.0008101998839056157,9.397897041885095
3,0.438835073345339,0.0008101998839056157,9.397897041885095
4,0.438835073345339,0.0008101998839056157,9.397897041885095
5,0.438835073345339,0.0008101998839056157,9.397897041885095
