,beta,tau,theta
0,0.12492624421942276,1.3506511344770704,1.4538316012380714
1,0.12492624421942276,1.3506511344770704,1.4538316012380714
2,0.12492624421942276,1.3506511344770704,1.4538316012380714
3,0.12492624421942276,1.3506511344770704,1.4538316012380714
4,0.12492624421942276,1.3506511344770704,1.4538316012380714
5,0.12492624421942276,1.3506511344770704,1.4538316012380714
6,0.12492624421942276,1.3506511344770704,1.4538316012380714
7,0.12492624421942276,1.3506511344770704,1.4538316012380714
8,0.12492624421942276,1.3506511344770704,1.4538316012380714
9,0.12492624421942276,1.3506511344770704,1.4538316012380714
10,0.12492624421942276,1.3506511344770704,1.4538316012380714
