,beta,tau,theta
0,9.999999999995042,9.999999999999241,9.980768567443286
1,9.999999999995042,9.999999999999241,9.980768567443286
2,9.999999999995042,9.999999999999241,9.980768567443286
3,9.999999999995042,9.999999999999241,9.980768567443286
4,9.999999999995042,9.999999999999241,9.980768567443286
5,9.999999999995042,9.999999999999241,9.980768567443286
6,9.999999999995042,9.999999999999241,9.980768567443286
7,9.999999999995042,9.999999999999241,9.980768567443286
8,9.999999999995042,9.999999999999241,9.980768567443286
9,9.999999999995042,9.999999999999241,9.980768567443286
10,9.999999999995042,9.999999999999241,9.980768567443286
