,beta,tau,theta
0,9.99999999999969,9.999999999999998,4.188209544909279
1,9.99999999999969,9.999999999999998,4.188209544909279
2,9.99999999999969,9.999999999999998,4.188209544909279
3,9.99999999999969,9.999999999999998,4.188209544909279
4,9.99999999999969,9.999999999999998,4.188209544909279
5,9.99999999999969,9.999999999999998,4.188209544909279
