,beta,tau,theta
0,0.016987191160613525,1.356480115310582,0.25261943273875054
1,0.016987191160613525,1.356480115310582,0.25261943273875054
2,0.016987191160613525,1.356480115310582,0.25261943273875054
3,0.016987191160613525,1.356480115310582,0.25261943273875054
4,0.016987191160613525,1.356480115310582,0.25261943273875054
5,0.016987191160613525,1.356480115310582,0.25261943273875054
