,beta,tau,theta
0,9.999999999999812,9.999999999999947,9.112596823726406
1,9.999999999999812,9.999999999999947,9.112596823726406
2,9.999999999999812,9.999999999999947,9.112596823726406
3,9.999999999999812,9.999999999999947,9.112596823726406
4,9.999999999999812,9.999999999999947,9.112596823726406
5,9.999999999999812,9.999999999999947,9.112596823726406
