,tau,theta
0,9.999999999985329,9.999999999905576
1,9.999999999985329,9.999999999905576
2,9.999999999985329,9.999999999905576
3,9.999999999985329,9.999999999905576
4,9.999999999985329,9.999999999905576
5,9.999999999985329,9.999999999905576
6,9.999999999985329,9.999999999905576
7,9.999999999985329,9.999999999905576
8,9.999999999985329,9.999999999905576
9,9.999999999985329,9.999999999905576
10,9.999999999985329,9.999999999905576
