,beta,tau,theta
0,0.01648128366834044,0.0027853278540957874,0.36209942266857875
1,0.01648128366834044,0.0027853278540957874,0.36209942266857875
2,0.01648128366834044,0.0027853278540957874,0.36209942266857875
3,0.01648128366834044,0.0027853278540957874,0.36209942266857875
4,0.01648128366834044,0.0027853278540957874,0.36209942266857875
5,0.01648128366834044,0.0027853278540957874,0.36209942266857875
