,beta,tau,theta
0,9.99999999999834,9.999999999999037,6.625013810731863
1,9.99999999999834,9.999999999999037,6.625013810731863
2,9.99999999999834,9.999999999999037,6.625013810731863
3,9.99999999999834,9.999999999999037,6.625013810731863
4,9.99999999999834,9.999999999999037,6.625013810731863
5,9.99999999999834,9.999999999999037,6.625013810731863
