,beta,tau,theta
0,8.112741432552221,0.8869752059161508,0.17201293420604624
1,8.112741432552221,0.8869752059161508,0.17201293420604624
2,8.112741432552221,0.8869752059161508,0.17201293420604624
3,8.112741432552221,0.8869752059161508,0.17201293420604624
4,8.112741432552221,0.8869752059161508,0.17201293420604624
5,8.112741432552221,0.8869752059161508,0.17201293420604624
