,beta,tau,theta
0,0.05361218288207191,1.0659603948002023,3.749163773255433
1,0.05361218288207191,1.0659603948002023,3.749163773255433
2,0.05361218288207191,1.0659603948002023,3.749163773255433
3,0.05361218288207191,1.0659603948002023,3.749163773255433
4,0.05361218288207191,1.0659603948002023,3.749163773255433
5,0.05361218288207191,1.0659603948002023,3.749163773255433
