,beta,tau,theta
0,6.7808759191985075,2.9607842763677517,7.677723953925045e-06
1,6.7808759191985075,2.9607842763677517,7.677723953925045e-06
2,6.7808759191985075,2.9607842763677517,7.677723953925045e-06
3,6.7808759191985075,2.9607842763677517,7.677723953925045e-06
4,6.7808759191985075,2.9607842763677517,7.677723953925045e-06
5,6.7808759191985075,2.9607842763677517,7.677723953925045e-06
