,beta,tau,theta
0,0.06857911565105078,0.0017274189223177472,0.3008677924383708
1,0.06857911565105078,0.0017274189223177472,0.3008677924383708
2,0.06857911565105078,0.0017274189223177472,0.3008677924383708
3,0.06857911565105078,0.0017274189223177472,0.3008677924383708
4,0.06857911565105078,0.0017274189223177472,0.3008677924383708
5,0.06857911565105078,0.0017274189223177472,0.3008677924383708
