,beta,tau,theta
0,0.13555346125883005,7.97169652591015e-10,3.2454734770775904
1,0.13555346125883005,7.97169652591015e-10,3.2454734770775904
2,0.13555346125883005,7.97169652591015e-10,3.2454734770775904
3,0.13555346125883005,7.97169652591015e-10,3.2454734770775904
4,0.13555346125883005,7.97169652591015e-10,3.2454734770775904
5,0.13555346125883005,7.97169652591015e-10,3.2454734770775904
6,0.13555346125883005,7.97169652591015e-10,3.2454734770775904
7,0.13555346125883005,7.97169652591015e-10,3.2454734770775904
8,0.13555346125883005,7.97169652591015e-10,3.2454734770775904
9,0.13555346125883005,7.97169652591015e-10,3.2454734770775904
10,0.13555346125883005,7.97169652591015e-10,3.2454734770775904
