,beta,tau,theta
0,0.047366833767220715,9.999999999999403,7.251767991330591
1,0.047366833767220715,9.999999999999403,7.251767991330591
2,0.047366833767220715,9.999999999999403,7.251767991330591
3,0.047366833767220715,9.999999999999403,7.251767991330591
4,0.047366833767220715,9.999999999999403,7.251767991330591
5,0.047366833767220715,9.999999999999403,7.251767991330591
6,0.047366833767220715,9.999999999999403,7.251767991330591
7,0.047366833767220715,9.999999999999403,7.251767991330591
8,0.047366833767220715,9.999999999999403,7.251767991330591
9,0.047366833767220715,9.999999999999403,7.251767991330591
10,0.047366833767220715,9.999999999999403,7.251767991330591
