,tau,theta
0,9.999999998733264,9.999999999957836
1,9.999999998733264,9.999999999957836
2,9.999999998733264,9.999999999957836
3,9.999999998733264,9.999999999957836
4,9.999999998733264,9.999999999957836
5,9.999999998733264,9.999999999957836
6,9.999999998733264,9.999999999957836
7,9.999999998733264,9.999999999957836
8,9.999999998733264,9.999999999957836
9,9.999999998733264,9.999999999957836
10,9.999999998733264,9.999999999957836
