,beta,tau,theta
0,0.006290544170997159,1.883085086792291,0.8926382425956321
1,0.006290544170997159,1.883085086792291,0.8926382425956321
2,0.006290544170997159,1.883085086792291,0.8926382425956321
3,0.006290544170997159,1.883085086792291,0.8926382425956321
4,0.006290544170997159,1.883085086792291,0.8926382425956321
5,0.006290544170997159,1.883085086792291,0.8926382425956321
