,beta,tau,theta
0,0.1662098945413455,1.516067315537586,3.4391145047131557
1,0.1662098945413455,1.516067315537586,3.4391145047131557
2,0.1662098945413455,1.516067315537586,3.4391145047131557
3,0.1662098945413455,1.516067315537586,3.4391145047131557
4,0.1662098945413455,1.516067315537586,3.4391145047131557
5,0.1662098945413455,1.516067315537586,3.4391145047131557
