,beta,tau,theta
0,2.6948707210739524,3.8966660407913156e-05,3.5611782000244863
1,2.6948707210739524,3.8966660407913156e-05,3.5611782000244863
2,2.6948707210739524,3.8966660407913156e-05,3.5611782000244863
3,2.6948707210739524,3.8966660407913156e-05,3.5611782000244863
4,2.6948707210739524,3.8966660407913156e-05,3.5611782000244863
5,2.6948707210739524,3.8966660407913156e-05,3.5611782000244863
