,beta,tau,theta
0,7.797630776110164,0.8671671192879628,0.19969989162380808
1,7.797630776110164,0.8671671192879628,0.19969989162380808
2,7.797630776110164,0.8671671192879628,0.19969989162380808
3,7.797630776110164,0.8671671192879628,0.19969989162380808
4,7.797630776110164,0.8671671192879628,0.19969989162380808
5,7.797630776110164,0.8671671192879628,0.19969989162380808
