,beta,tau,theta
0,1.293798708026792,0.011773587102593786,0.772250988910106
1,1.293798708026792,0.011773587102593786,0.772250988910106
2,1.293798708026792,0.011773587102593786,0.772250988910106
3,1.293798708026792,0.011773587102593786,0.772250988910106
4,1.293798708026792,0.011773587102593786,0.772250988910106
5,1.293798708026792,0.011773587102593786,0.772250988910106
