,beta,tau,theta
0,0.15315592462542504,0.29621958752575295,3.047974911309161
1,0.15315592462542504,0.29621958752575295,3.047974911309161
2,0.15315592462542504,0.29621958752575295,3.047974911309161
3,0.15315592462542504,0.29621958752575295,3.047974911309161
4,0.15315592462542504,0.29621958752575295,3.047974911309161
5,0.15315592462542504,0.29621958752575295,3.047974911309161
