,tau,theta
0,9.999999999003716,9.999999999999376
1,9.999999999003716,9.999999999999376
2,9.999999999003716,9.999999999999376
3,9.999999999003716,9.999999999999376
4,9.999999999003716,9.999999999999376
5,9.999999999003716,9.999999999999376
6,9.999999999003716,9.999999999999376
7,9.999999999003716,9.999999999999376
8,9.999999999003716,9.999999999999376
9,9.999999999003716,9.999999999999376
10,9.999999999003716,9.999999999999376
