,tau,theta
0,9.999999999444746,9.999999999567686
1,9.999999999444746,9.999999999567686
2,9.999999999444746,9.999999999567686
3,9.999999999444746,9.999999999567686
4,9.999999999444746,9.999999999567686
5,9.999999999444746,9.999999999567686
6,9.999999999444746,9.999999999567686
7,9.999999999444746,9.999999999567686
8,9.999999999444746,9.999999999567686
9,9.999999999444746,9.999999999567686
10,9.999999999444746,9.999999999567686
