,beta,tau,theta
0,9.999999999999694,9.999999999999988,7.205288889750394
1,9.999999999999694,9.999999999999988,7.205288889750394
2,9.999999999999694,9.999999999999988,7.205288889750394
3,9.999999999999694,9.999999999999988,7.205288889750394
4,9.999999999999694,9.999999999999988,7.205288889750394
5,9.999999999999694,9.999999999999988,7.205288889750394
