,beta,tau,theta
0,0.03998533774827405,1.2844241233701932,1.247927114788094
1,0.03998533774827405,1.2844241233701932,1.247927114788094
2,0.03998533774827405,1.2844241233701932,1.247927114788094
3,0.03998533774827405,1.2844241233701932,1.247927114788094
4,0.03998533774827405,1.2844241233701932,1.247927114788094
5,0.03998533774827405,1.2844241233701932,1.247927114788094
