,beta,tau,theta
0,0.07795354949587117,2.209291067776858,9.845903599409633
1,0.07795354949587117,2.209291067776858,9.845903599409633
2,0.07795354949587117,2.209291067776858,9.845903599409633
3,0.07795354949587117,2.209291067776858,9.845903599409633
4,0.07795354949587117,2.209291067776858,9.845903599409633
5,0.07795354949587117,2.209291067776858,9.845903599409633
6,0.07795354949587117,2.209291067776858,9.845903599409633
7,0.07795354949587117,2.209291067776858,9.845903599409633
8,0.07795354949587117,2.209291067776858,9.845903599409633
9,0.07795354949587117,2.209291067776858,9.845903599409633
10,0.07795354949587117,2.209291067776858,9.845903599409633
