,beta,tau,theta
0,0.011050503661513379,3.316664258528016,2.516869377374071
1,0.011050503661513379,3.316664258528016,2.516869377374071
2,0.011050503661513379,3.316664258528016,2.516869377374071
3,0.011050503661513379,3.316664258528016,2.516869377374071
4,0.011050503661513379,3.316664258528016,2.516869377374071
5,0.011050503661513379,3.316664258528016,2.516869377374071
