,tau,theta
0,0.14139055221819863,9.9999999993822
1,0.14139055221819863,9.9999999993822
2,0.14139055221819863,9.9999999993822
3,0.14139055221819863,9.9999999993822
4,0.14139055221819863,9.9999999993822
5,0.14139055221819863,9.9999999993822
6,0.14139055221819863,9.9999999993822
7,0.14139055221819863,9.9999999993822
8,0.14139055221819863,9.9999999993822
9,0.14139055221819863,9.9999999993822
10,0.14139055221819863,9.9999999993822
