,tau,theta
0,9.999999999906997,9.999999999917353
1,9.999999999906997,9.999999999917353
2,9.999999999906997,9.999999999917353
3,9.999999999906997,9.999999999917353
4,9.999999999906997,9.999999999917353
5,9.999999999906997,9.999999999917353
6,9.999999999906997,9.999999999917353
7,9.999999999906997,9.999999999917353
8,9.999999999906997,9.999999999917353
9,9.999999999906997,9.999999999917353
10,9.999999999906997,9.999999999917353
