,beta,tau,theta
0,9.999999999973632,9.999999999982219,8.85626120470059
1,9.999999999973632,9.999999999982219,8.85626120470059
2,9.999999999973632,9.999999999982219,8.85626120470059
3,9.999999999973632,9.999999999982219,8.85626120470059
4,9.999999999973632,9.999999999982219,8.85626120470059
5,9.999999999973632,9.999999999982219,8.85626120470059
