,beta,tau,theta
0,0.15216096051761896,3.149555161199294e-09,5.743022158917359
1,0.15216096051761896,3.149555161199294e-09,5.743022158917359
2,0.15216096051761896,3.149555161199294e-09,5.743022158917359
3,0.15216096051761896,3.149555161199294e-09,5.743022158917359
4,0.15216096051761896,3.149555161199294e-09,5.743022158917359
5,0.15216096051761896,3.149555161199294e-09,5.743022158917359
