,tau,theta
0,0.0007407370228036281,1.2423298851077713
1,0.0007407370228036281,1.2423298851077713
2,0.0007407370228036281,1.2423298851077713
3,0.0007407370228036281,1.2423298851077713
4,0.0007407370228036281,1.2423298851077713
5,0.0007407370228036281,1.2423298851077713
6,0.0007407370228036281,1.2423298851077713
7,0.0007407370228036281,1.2423298851077713
8,0.0007407370228036281,1.2423298851077713
9,0.0007407370228036281,1.2423298851077713
10,0.0007407370228036281,1.2423298851077713
