,tau,theta
0,0.02898005298453087,1.5407017738251287
1,0.02898005298453087,1.5407017738251287
2,0.02898005298453087,1.5407017738251287
3,0.02898005298453087,1.5407017738251287
4,0.02898005298453087,1.5407017738251287
5,0.02898005298453087,1.5407017738251287
