,beta,tau,theta
0,9.999999999999867,9.999999999999996,6.716014417716484
1,9.999999999999867,9.999999999999996,6.716014417716484
2,9.999999999999867,9.999999999999996,6.716014417716484
3,9.999999999999867,9.999999999999996,6.716014417716484
4,9.999999999999867,9.999999999999996,6.716014417716484
5,9.999999999999867,9.999999999999996,6.716014417716484
