,beta,tau,theta
0,0.06660707980438561,2.7225501735490587,0.9898512377362307
1,0.06660707980438561,2.7225501735490587,0.9898512377362307
2,0.06660707980438561,2.7225501735490587,0.9898512377362307
3,0.06660707980438561,2.7225501735490587,0.9898512377362307
4,0.06660707980438561,2.7225501735490587,0.9898512377362307
5,0.06660707980438561,2.7225501735490587,0.9898512377362307
6,0.06660707980438561,2.7225501735490587,0.9898512377362307
7,0.06660707980438561,2.7225501735490587,0.9898512377362307
8,0.06660707980438561,2.7225501735490587,0.9898512377362307
9,0.06660707980438561,2.7225501735490587,0.9898512377362307
10,0.06660707980438561,2.7225501735490587,0.9898512377362307
