,tau,theta
0,9.999999999270639,9.999999999593577
1,9.999999999270639,9.999999999593577
2,9.999999999270639,9.999999999593577
3,9.999999999270639,9.999999999593577
4,9.999999999270639,9.999999999593577
5,9.999999999270639,9.999999999593577
6,9.999999999270639,9.999999999593577
7,9.999999999270639,9.999999999593577
8,9.999999999270639,9.999999999593577
9,9.999999999270639,9.999999999593577
10,9.999999999270639,9.999999999593577
