,beta,tau,theta
0,0.3192254456307926,1.0272981308964367e-07,5.890107736325221
1,0.3192254456307926,1.0272981308964367e-07,5.890107736325221
2,0.3192254456307926,1.0272981308964367e-07,5.890107736325221
3,0.3192254456307926,1.0272981308964367e-07,5.890107736325221
4,0.3192254456307926,1.0272981308964367e-07,5.890107736325221
5,0.3192254456307926,1.0272981308964367e-07,5.890107736325221
6,0.3192254456307926,1.0272981308964367e-07,5.890107736325221
7,0.3192254456307926,1.0272981308964367e-07,5.890107736325221
8,0.3192254456307926,1.0272981308964367e-07,5.890107736325221
9,0.3192254456307926,1.0272981308964367e-07,5.890107736325221
10,0.3192254456307926,1.0272981308964367e-07,5.890107736325221
