,beta,tau,theta
0,1.4521192197326855,6.661704056055395e-07,4.31532771088633
1,1.4521192197326855,6.661704056055395e-07,4.31532771088633
2,1.4521192197326855,6.661704056055395e-07,4.31532771088633
3,1.4521192197326855,6.661704056055395e-07,4.31532771088633
4,1.4521192197326855,6.661704056055395e-07,4.31532771088633
5,1.4521192197326855,6.661704056055395e-07,4.31532771088633
