,beta,tau,theta
0,5.0960036108132045e-15,0.14194232886897318,0.2676865001646157
1,5.0960036108132045e-15,0.14194232886897318,0.2676865001646157
2,5.0960036108132045e-15,0.14194232886897318,0.2676865001646157
3,5.0960036108132045e-15,0.14194232886897318,0.2676865001646157
4,5.0960036108132045e-15,0.14194232886897318,0.2676865001646157
5,5.0960036108132045e-15,0.14194232886897318,0.2676865001646157
