,beta,tau,theta
0,0.014225386378274963,5.116788315326342,9.99586873244333
1,0.014225386378274963,5.116788315326342,9.99586873244333
2,0.014225386378274963,5.116788315326342,9.99586873244333
3,0.014225386378274963,5.116788315326342,9.99586873244333
4,0.014225386378274963,5.116788315326342,9.99586873244333
5,0.014225386378274963,5.116788315326342,9.99586873244333
6,0.014225386378274963,5.116788315326342,9.99586873244333
7,0.014225386378274963,5.116788315326342,9.99586873244333
8,0.014225386378274963,5.116788315326342,9.99586873244333
9,0.014225386378274963,5.116788315326342,9.99586873244333
10,0.014225386378274963,5.116788315326342,9.99586873244333
