,beta,tau,theta
0,9.99999999993017,9.999999999954523,8.727298342981838
1,9.99999999993017,9.999999999954523,8.727298342981838
2,9.99999999993017,9.999999999954523,8.727298342981838
3,9.99999999993017,9.999999999954523,8.727298342981838
4,9.99999999993017,9.999999999954523,8.727298342981838
5,9.99999999993017,9.999999999954523,8.727298342981838
