,tau,theta
0,9.999999999943048,9.999999999422364
1,9.999999999943048,9.999999999422364
2,9.999999999943048,9.999999999422364
3,9.999999999943048,9.999999999422364
4,9.999999999943048,9.999999999422364
5,9.999999999943048,9.999999999422364
6,9.999999999943048,9.999999999422364
7,9.999999999943048,9.999999999422364
8,9.999999999943048,9.999999999422364
9,9.999999999943048,9.999999999422364
10,9.999999999943048,9.999999999422364
