,beta,tau,theta
0,0.0014244371460443328,0.6147436409373553,4.103651598296891
1,0.0014244371460443328,0.6147436409373553,4.103651598296891
2,0.0014244371460443328,0.6147436409373553,4.103651598296891
3,0.0014244371460443328,0.6147436409373553,4.103651598296891
4,0.0014244371460443328,0.6147436409373553,4.103651598296891
5,0.0014244371460443328,0.6147436409373553,4.103651598296891
6,0.0014244371460443328,0.6147436409373553,4.103651598296891
7,0.0014244371460443328,0.6147436409373553,4.103651598296891
8,0.0014244371460443328,0.6147436409373553,4.103651598296891
9,0.0014244371460443328,0.6147436409373553,4.103651598296891
10,0.0014244371460443328,0.6147436409373553,4.103651598296891
