,tau,theta
0,9.999999999636316,9.999999999825333
1,9.999999999636316,9.999999999825333
2,9.999999999636316,9.999999999825333
3,9.999999999636316,9.999999999825333
4,9.999999999636316,9.999999999825333
5,9.999999999636316,9.999999999825333
6,9.999999999636316,9.999999999825333
7,9.999999999636316,9.999999999825333
8,9.999999999636316,9.999999999825333
9,9.999999999636316,9.999999999825333
10,9.999999999636316,9.999999999825333
