,beta,tau,theta
0,0.12564382094358018,1.030938684332413,0.8445385993911587
1,0.12564382094358018,1.030938684332413,0.8445385993911587
2,0.12564382094358018,1.030938684332413,0.8445385993911587
3,0.12564382094358018,1.030938684332413,0.8445385993911587
4,0.12564382094358018,1.030938684332413,0.8445385993911587
5,0.12564382094358018,1.030938684332413,0.8445385993911587
