,beta,tau,theta
0,6.551115123125783e-16,0.038813188280773056,1.7382439482413947
1,6.551115123125783e-16,0.038813188280773056,1.7382439482413947
2,6.551115123125783e-16,0.038813188280773056,1.7382439482413947
3,6.551115123125783e-16,0.038813188280773056,1.7382439482413947
4,6.551115123125783e-16,0.038813188280773056,1.7382439482413947
5,6.551115123125783e-16,0.038813188280773056,1.7382439482413947
