,beta,tau,theta
0,9.999999999994571,9.999999999945151,9.999769612610072
1,9.999999999994571,9.999999999945151,9.999769612610072
2,9.999999999994571,9.999999999945151,9.999769612610072
3,9.999999999994571,9.999999999945151,9.999769612610072
4,9.999999999994571,9.999999999945151,9.999769612610072
5,9.999999999994571,9.999999999945151,9.999769612610072
6,9.999999999994571,9.999999999945151,9.999769612610072
7,9.999999999994571,9.999999999945151,9.999769612610072
8,9.999999999994571,9.999999999945151,9.999769612610072
9,9.999999999994571,9.999999999945151,9.999769612610072
10,9.999999999994571,9.999999999945151,9.999769612610072
