,beta,tau,theta
0,0.010972455398841164,9.999999999997671,0.8382758640820249
1,0.010972455398841164,9.999999999997671,0.8382758640820249
2,0.010972455398841164,9.999999999997671,0.8382758640820249
3,0.010972455398841164,9.999999999997671,0.8382758640820249
4,0.010972455398841164,9.999999999997671,0.8382758640820249
5,0.010972455398841164,9.999999999997671,0.8382758640820249
6,0.010972455398841164,9.999999999997671,0.8382758640820249
7,0.010972455398841164,9.999999999997671,0.8382758640820249
8,0.010972455398841164,9.999999999997671,0.8382758640820249
9,0.010972455398841164,9.999999999997671,0.8382758640820249
10,0.010972455398841164,9.999999999997671,0.8382758640820249
