,beta,tau,theta
0,9.999999999999986,9.999999999999869,7.898090709338605
1,9.999999999999986,9.999999999999869,7.898090709338605
2,9.999999999999986,9.999999999999869,7.898090709338605
3,9.999999999999986,9.999999999999869,7.898090709338605
4,9.999999999999986,9.999999999999869,7.898090709338605
5,9.999999999999986,9.999999999999869,7.898090709338605
