,beta,tau,theta
0,9.999999999999993,9.99999999999998,8.803276967645688
1,9.999999999999993,9.99999999999998,8.803276967645688
2,9.999999999999993,9.99999999999998,8.803276967645688
3,9.999999999999993,9.99999999999998,8.803276967645688
4,9.999999999999993,9.99999999999998,8.803276967645688
5,9.999999999999993,9.99999999999998,8.803276967645688
