,tau,theta
0,9.999999999681219,9.999999999789285
1,9.999999999681219,9.999999999789285
2,9.999999999681219,9.999999999789285
3,9.999999999681219,9.999999999789285
4,9.999999999681219,9.999999999789285
5,9.999999999681219,9.999999999789285
6,9.999999999681219,9.999999999789285
7,9.999999999681219,9.999999999789285
8,9.999999999681219,9.999999999789285
9,9.999999999681219,9.999999999789285
10,9.999999999681219,9.999999999789285
