,tau,theta
0,9.999999999992557,9.999999999168224
1,9.999999999992557,9.999999999168224
2,9.999999999992557,9.999999999168224
3,9.999999999992557,9.999999999168224
4,9.999999999992557,9.999999999168224
5,9.999999999992557,9.999999999168224
6,9.999999999992557,9.999999999168224
7,9.999999999992557,9.999999999168224
8,9.999999999992557,9.999999999168224
9,9.999999999992557,9.999999999168224
10,9.999999999992557,9.999999999168224
