,tau,theta
0,0.005990435199505584,1.7694581379676144
1,0.005990435199505584,1.7694581379676144
2,0.005990435199505584,1.7694581379676144
3,0.005990435199505584,1.7694581379676144
4,0.005990435199505584,1.7694581379676144
5,0.005990435199505584,1.7694581379676144
