,beta,tau,theta
0,0.05548139493051339,3.9539557585735947,3.4915595274187448
1,0.05548139493051339,3.9539557585735947,3.4915595274187448
2,0.05548139493051339,3.9539557585735947,3.4915595274187448
3,0.05548139493051339,3.9539557585735947,3.4915595274187448
4,0.05548139493051339,3.9539557585735947,3.4915595274187448
5,0.05548139493051339,3.9539557585735947,3.4915595274187448
6,0.05548139493051339,3.9539557585735947,3.4915595274187448
7,0.05548139493051339,3.9539557585735947,3.4915595274187448
8,0.05548139493051339,3.9539557585735947,3.4915595274187448
9,0.05548139493051339,3.9539557585735947,3.4915595274187448
10,0.05548139493051339,3.9539557585735947,3.4915595274187448
