,beta,tau,theta
0,0.05700101529792011,0.6797003713892947,4.130752940539533
1,0.05700101529792011,0.6797003713892947,4.130752940539533
2,0.05700101529792011,0.6797003713892947,4.130752940539533
3,0.05700101529792011,0.6797003713892947,4.130752940539533
4,0.05700101529792011,0.6797003713892947,4.130752940539533
5,0.05700101529792011,0.6797003713892947,4.130752940539533
