,beta,tau,theta
0,9.99999999999978,9.999999999992498,7.903231862928555
1,9.99999999999978,9.999999999992498,7.903231862928555
2,9.99999999999978,9.999999999992498,7.903231862928555
3,9.99999999999978,9.999999999992498,7.903231862928555
4,9.99999999999978,9.999999999992498,7.903231862928555
5,9.99999999999978,9.999999999992498,7.903231862928555
