,beta,tau,theta
0,0.07608064948021918,2.9268729207023715e-08,0.6213128858094886
1,0.07608064948021918,2.9268729207023715e-08,0.6213128858094886
2,0.07608064948021918,2.9268729207023715e-08,0.6213128858094886
3,0.07608064948021918,2.9268729207023715e-08,0.6213128858094886
4,0.07608064948021918,2.9268729207023715e-08,0.6213128858094886
5,0.07608064948021918,2.9268729207023715e-08,0.6213128858094886
