,beta,tau,theta
0,1.2668644710973036e-12,9.999999998978673,9.999999999529889
1,1.2668644710973036e-12,9.999999998978673,9.999999999529889
2,1.2668644710973036e-12,9.999999998978673,9.999999999529889
3,1.2668644710973036e-12,9.999999998978673,9.999999999529889
4,1.2668644710973036e-12,9.999999998978673,9.999999999529889
5,1.2668644710973036e-12,9.999999998978673,9.999999999529889
