,beta,tau,theta
0,0.03456299921997373,2.8834540153331223,2.9477451305411817
1,0.03456299921997373,2.8834540153331223,2.9477451305411817
2,0.03456299921997373,2.8834540153331223,2.9477451305411817
3,0.03456299921997373,2.8834540153331223,2.9477451305411817
4,0.03456299921997373,2.8834540153331223,2.9477451305411817
5,0.03456299921997373,2.8834540153331223,2.9477451305411817
