,beta,tau,theta
0,0.006189965467281,6.667735176263857,1.0164353903990597
1,0.006189965467281,6.667735176263857,1.0164353903990597
2,0.006189965467281,6.667735176263857,1.0164353903990597
3,0.006189965467281,6.667735176263857,1.0164353903990597
4,0.006189965467281,6.667735176263857,1.0164353903990597
5,0.006189965467281,6.667735176263857,1.0164353903990597
6,0.006189965467281,6.667735176263857,1.0164353903990597
7,0.006189965467281,6.667735176263857,1.0164353903990597
8,0.006189965467281,6.667735176263857,1.0164353903990597
9,0.006189965467281,6.667735176263857,1.0164353903990597
10,0.006189965467281,6.667735176263857,1.0164353903990597
