,beta,tau,theta
0,0.2069235302862833,0.9004656405750212,7.626536166657509
1,0.2069235302862833,0.9004656405750212,7.626536166657509
2,0.2069235302862833,0.9004656405750212,7.626536166657509
3,0.2069235302862833,0.9004656405750212,7.626536166657509
4,0.2069235302862833,0.9004656405750212,7.626536166657509
5,0.2069235302862833,0.9004656405750212,7.626536166657509
