,beta,tau,theta
0,0.015383506983968166,1.3543464823893254,1.9978348525667755
1,0.015383506983968166,1.3543464823893254,1.9978348525667755
2,0.015383506983968166,1.3543464823893254,1.9978348525667755
3,0.015383506983968166,1.3543464823893254,1.9978348525667755
4,0.015383506983968166,1.3543464823893254,1.9978348525667755
5,0.015383506983968166,1.3543464823893254,1.9978348525667755
