,beta,tau,theta
0,9.999999999999787,9.999999999999975,0.05547404491290385
1,9.999999999999787,9.999999999999975,0.05547404491290385
2,9.999999999999787,9.999999999999975,0.05547404491290385
3,9.999999999999787,9.999999999999975,0.05547404491290385
4,9.999999999999787,9.999999999999975,0.05547404491290385
5,9.999999999999787,9.999999999999975,0.05547404491290385
