,tau,theta
0,9.999999999908544,9.999999999599993
1,9.999999999908544,9.999999999599993
2,9.999999999908544,9.999999999599993
3,9.999999999908544,9.999999999599993
4,9.999999999908544,9.999999999599993
5,9.999999999908544,9.999999999599993
6,9.999999999908544,9.999999999599993
7,9.999999999908544,9.999999999599993
8,9.999999999908544,9.999999999599993
9,9.999999999908544,9.999999999599993
10,9.999999999908544,9.999999999599993
