,beta,tau,theta
0,0.2164142429073408,3.43169582640268e-08,3.307062877143223
1,0.2164142429073408,3.43169582640268e-08,3.307062877143223
2,0.2164142429073408,3.43169582640268e-08,3.307062877143223
3,0.2164142429073408,3.43169582640268e-08,3.307062877143223
4,0.2164142429073408,3.43169582640268e-08,3.307062877143223
5,0.2164142429073408,3.43169582640268e-08,3.307062877143223
6,0.2164142429073408,3.43169582640268e-08,3.307062877143223
7,0.2164142429073408,3.43169582640268e-08,3.307062877143223
8,0.2164142429073408,3.43169582640268e-08,3.307062877143223
9,0.2164142429073408,3.43169582640268e-08,3.307062877143223
10,0.2164142429073408,3.43169582640268e-08,3.307062877143223
