,beta,tau,theta
0,9.99999999999977,9.999999999999993,9.328823574283296
1,9.99999999999977,9.999999999999993,9.328823574283296
2,9.99999999999977,9.999999999999993,9.328823574283296
3,9.99999999999977,9.999999999999993,9.328823574283296
4,9.99999999999977,9.999999999999993,9.328823574283296
5,9.99999999999977,9.999999999999993,9.328823574283296
