,beta,tau,theta
0,0.026265298153198103,0.34700683838935165,4.010427535998742
1,0.026265298153198103,0.34700683838935165,4.010427535998742
2,0.026265298153198103,0.34700683838935165,4.010427535998742
3,0.026265298153198103,0.34700683838935165,4.010427535998742
4,0.026265298153198103,0.34700683838935165,4.010427535998742
5,0.026265298153198103,0.34700683838935165,4.010427535998742
