,tau,theta
0,9.999999999340908,9.999999999750205
1,9.999999999340908,9.999999999750205
2,9.999999999340908,9.999999999750205
3,9.999999999340908,9.999999999750205
4,9.999999999340908,9.999999999750205
5,9.999999999340908,9.999999999750205
6,9.999999999340908,9.999999999750205
7,9.999999999340908,9.999999999750205
8,9.999999999340908,9.999999999750205
9,9.999999999340908,9.999999999750205
10,9.999999999340908,9.999999999750205
