,beta,tau,theta
0,0.11235514890463992,1.6209608352059086,5.40701494616111
1,0.11235514890463992,1.6209608352059086,5.40701494616111
2,0.11235514890463992,1.6209608352059086,5.40701494616111
3,0.11235514890463992,1.6209608352059086,5.40701494616111
4,0.11235514890463992,1.6209608352059086,5.40701494616111
5,0.11235514890463992,1.6209608352059086,5.40701494616111
6,0.11235514890463992,1.6209608352059086,5.40701494616111
7,0.11235514890463992,1.6209608352059086,5.40701494616111
8,0.11235514890463992,1.6209608352059086,5.40701494616111
9,0.11235514890463992,1.6209608352059086,5.40701494616111
10,0.11235514890463992,1.6209608352059086,5.40701494616111
