,beta,tau,theta
0,0.3539686587171743,5.71309022412505e-07,1.918788291582706
1,0.3539686587171743,5.71309022412505e-07,1.918788291582706
2,0.3539686587171743,5.71309022412505e-07,1.918788291582706
3,0.3539686587171743,5.71309022412505e-07,1.918788291582706
4,0.3539686587171743,5.71309022412505e-07,1.918788291582706
5,0.3539686587171743,5.71309022412505e-07,1.918788291582706
6,0.3539686587171743,5.71309022412505e-07,1.918788291582706
7,0.3539686587171743,5.71309022412505e-07,1.918788291582706
8,0.3539686587171743,5.71309022412505e-07,1.918788291582706
9,0.3539686587171743,5.71309022412505e-07,1.918788291582706
10,0.3539686587171743,5.71309022412505e-07,1.918788291582706
