,beta,tau,theta
0,9.999999999929933,9.99999999999696,5.902159319893227
1,9.999999999929933,9.99999999999696,5.902159319893227
2,9.999999999929933,9.99999999999696,5.902159319893227
3,9.999999999929933,9.99999999999696,5.902159319893227
4,9.999999999929933,9.99999999999696,5.902159319893227
5,9.999999999929933,9.99999999999696,5.902159319893227
6,9.999999999929933,9.99999999999696,5.902159319893227
7,9.999999999929933,9.99999999999696,5.902159319893227
8,9.999999999929933,9.99999999999696,5.902159319893227
9,9.999999999929933,9.99999999999696,5.902159319893227
10,9.999999999929933,9.99999999999696,5.902159319893227
