,beta,tau,theta
0,1.6318625948655234,0.07518374827137973,0.8373880788893113
1,1.6318625948655234,0.07518374827137973,0.8373880788893113
2,1.6318625948655234,0.07518374827137973,0.8373880788893113
3,1.6318625948655234,0.07518374827137973,0.8373880788893113
4,1.6318625948655234,0.07518374827137973,0.8373880788893113
5,1.6318625948655234,0.07518374827137973,0.8373880788893113
