,beta,tau,theta
0,0.33859411231561065,0.0014830477929279496,9.999999999189818
1,0.33859411231561065,0.0014830477929279496,9.999999999189818
2,0.33859411231561065,0.0014830477929279496,9.999999999189818
3,0.33859411231561065,0.0014830477929279496,9.999999999189818
4,0.33859411231561065,0.0014830477929279496,9.999999999189818
5,0.33859411231561065,0.0014830477929279496,9.999999999189818
