,tau,theta
0,9.999999999448214,9.99999999999196
1,9.999999999448214,9.99999999999196
2,9.999999999448214,9.99999999999196
3,9.999999999448214,9.99999999999196
4,9.999999999448214,9.99999999999196
5,9.999999999448214,9.99999999999196
6,9.999999999448214,9.99999999999196
7,9.999999999448214,9.99999999999196
8,9.999999999448214,9.99999999999196
9,9.999999999448214,9.99999999999196
10,9.999999999448214,9.99999999999196
