,beta,tau,theta
0,0.0047713342366618615,9.912392446514017,0.1821479656815007
1,0.0047713342366618615,9.912392446514017,0.1821479656815007
2,0.0047713342366618615,9.912392446514017,0.1821479656815007
3,0.0047713342366618615,9.912392446514017,0.1821479656815007
4,0.0047713342366618615,9.912392446514017,0.1821479656815007
5,0.0047713342366618615,9.912392446514017,0.1821479656815007
