,beta,tau,theta
0,9.999999999996845,9.99999999997108,9.960464093918524
1,9.999999999996845,9.99999999997108,9.960464093918524
2,9.999999999996845,9.99999999997108,9.960464093918524
3,9.999999999996845,9.99999999997108,9.960464093918524
4,9.999999999996845,9.99999999997108,9.960464093918524
5,9.999999999996845,9.99999999997108,9.960464093918524
