,beta,tau,theta
0,0.0014651987524167854,0.48950605106807943,3.196904593897476
1,0.0014651987524167854,0.48950605106807943,3.196904593897476
2,0.0014651987524167854,0.48950605106807943,3.196904593897476
3,0.0014651987524167854,0.48950605106807943,3.196904593897476
4,0.0014651987524167854,0.48950605106807943,3.196904593897476
5,0.0014651987524167854,0.48950605106807943,3.196904593897476
