,beta,tau,theta
0,0.15167060297220047,1.1496132824273448e-09,0.5942441109153386
1,0.15167060297220047,1.1496132824273448e-09,0.5942441109153386
2,0.15167060297220047,1.1496132824273448e-09,0.5942441109153386
3,0.15167060297220047,1.1496132824273448e-09,0.5942441109153386
4,0.15167060297220047,1.1496132824273448e-09,0.5942441109153386
5,0.15167060297220047,1.1496132824273448e-09,0.5942441109153386
6,0.15167060297220047,1.1496132824273448e-09,0.5942441109153386
7,0.15167060297220047,1.1496132824273448e-09,0.5942441109153386
8,0.15167060297220047,1.1496132824273448e-09,0.5942441109153386
9,0.15167060297220047,1.1496132824273448e-09,0.5942441109153386
10,0.15167060297220047,1.1496132824273448e-09,0.5942441109153386
