,beta,tau,theta
0,0.19943871252993084,1.321985627764814,1.8680793423949775
1,0.19943871252993084,1.321985627764814,1.8680793423949775
2,0.19943871252993084,1.321985627764814,1.8680793423949775
3,0.19943871252993084,1.321985627764814,1.8680793423949775
4,0.19943871252993084,1.321985627764814,1.8680793423949775
5,0.19943871252993084,1.321985627764814,1.8680793423949775
6,0.19943871252993084,1.321985627764814,1.8680793423949775
7,0.19943871252993084,1.321985627764814,1.8680793423949775
8,0.19943871252993084,1.321985627764814,1.8680793423949775
9,0.19943871252993084,1.321985627764814,1.8680793423949775
10,0.19943871252993084,1.321985627764814,1.8680793423949775
