,beta,tau,theta
0,0.04261460596431242,0.2199730652227867,1.256588921045092
1,0.04261460596431242,0.2199730652227867,1.256588921045092
2,0.04261460596431242,0.2199730652227867,1.256588921045092
3,0.04261460596431242,0.2199730652227867,1.256588921045092
4,0.04261460596431242,0.2199730652227867,1.256588921045092
5,0.04261460596431242,0.2199730652227867,1.256588921045092
6,0.04261460596431242,0.2199730652227867,1.256588921045092
7,0.04261460596431242,0.2199730652227867,1.256588921045092
8,0.04261460596431242,0.2199730652227867,1.256588921045092
9,0.04261460596431242,0.2199730652227867,1.256588921045092
10,0.04261460596431242,0.2199730652227867,1.256588921045092
