,tau,theta
0,0.0009285274511800945,9.999999999802743
1,0.0009285274511800945,9.999999999802743
2,0.0009285274511800945,9.999999999802743
3,0.0009285274511800945,9.999999999802743
4,0.0009285274511800945,9.999999999802743
5,0.0009285274511800945,9.999999999802743
6,0.0009285274511800945,9.999999999802743
7,0.0009285274511800945,9.999999999802743
8,0.0009285274511800945,9.999999999802743
9,0.0009285274511800945,9.999999999802743
10,0.0009285274511800945,9.999999999802743
