,tau,theta
0,9.999999999668503,9.99999999963125
1,9.999999999668503,9.99999999963125
2,9.999999999668503,9.99999999963125
3,9.999999999668503,9.99999999963125
4,9.999999999668503,9.99999999963125
5,9.999999999668503,9.99999999963125
6,9.999999999668503,9.99999999963125
7,9.999999999668503,9.99999999963125
8,9.999999999668503,9.99999999963125
9,9.999999999668503,9.99999999963125
10,9.999999999668503,9.99999999963125
