,tau,theta
0,0.00047805313822156813,9.999999999962423
1,0.00047805313822156813,9.999999999962423
2,0.00047805313822156813,9.999999999962423
3,0.00047805313822156813,9.999999999962423
4,0.00047805313822156813,9.999999999962423
5,0.00047805313822156813,9.999999999962423
