,tau,theta
0,0.0005787197624519292,9.999999999995586
1,0.0005787197624519292,9.999999999995586
2,0.0005787197624519292,9.999999999995586
3,0.0005787197624519292,9.999999999995586
4,0.0005787197624519292,9.999999999995586
5,0.0005787197624519292,9.999999999995586
