,tau,theta
0,0.0002630156254103012,9.99999999925014
1,0.0002630156254103012,9.99999999925014
2,0.0002630156254103012,9.99999999925014
3,0.0002630156254103012,9.99999999925014
4,0.0002630156254103012,9.99999999925014
5,0.0002630156254103012,9.99999999925014
