,tau,theta
0,0.00020843439773386992,7.225936783639596
1,0.00020843439773386992,7.225936783639596
2,0.00020843439773386992,7.225936783639596
3,0.00020843439773386992,7.225936783639596
4,0.00020843439773386992,7.225936783639596
5,0.00020843439773386992,7.225936783639596
6,0.00020843439773386992,7.225936783639596
7,0.00020843439773386992,7.225936783639596
8,0.00020843439773386992,7.225936783639596
9,0.00020843439773386992,7.225936783639596
10,0.00020843439773386992,7.225936783639596
