,tau,theta
0,0.0011511553110677864,7.644996000813432
1,0.0011511553110677864,7.644996000813432
2,0.0011511553110677864,7.644996000813432
3,0.0011511553110677864,7.644996000813432
4,0.0011511553110677864,7.644996000813432
5,0.0011511553110677864,7.644996000813432
6,0.0011511553110677864,7.644996000813432
7,0.0011511553110677864,7.644996000813432
8,0.0011511553110677864,7.644996000813432
9,0.0011511553110677864,7.644996000813432
10,0.0011511553110677864,7.644996000813432
