,tau,theta
0,0.016693267403372725,0.24290746666660545
1,0.016693267403372725,0.24290746666660545
2,0.016693267403372725,0.24290746666660545
3,0.016693267403372725,0.24290746666660545
4,0.016693267403372725,0.24290746666660545
5,0.016693267403372725,0.24290746666660545
