,tau,theta
0,0.01685692967569773,9.999999998896817
1,0.01685692967569773,9.999999998896817
2,0.01685692967569773,9.999999998896817
3,0.01685692967569773,9.999999998896817
4,0.01685692967569773,9.999999998896817
5,0.01685692967569773,9.999999998896817
