,tau,theta
0,0.0010344884128672294,9.999999998005594
1,0.0010344884128672294,9.999999998005594
2,0.0010344884128672294,9.999999998005594
3,0.0010344884128672294,9.999999998005594
4,0.0010344884128672294,9.999999998005594
5,0.0010344884128672294,9.999999998005594
6,0.0010344884128672294,9.999999998005594
7,0.0010344884128672294,9.999999998005594
8,0.0010344884128672294,9.999999998005594
9,0.0010344884128672294,9.999999998005594
10,0.0010344884128672294,9.999999998005594
