,tau,theta
0,0.0012757859293339613,9.9999999997084
1,0.0012757859293339613,9.9999999997084
2,0.0012757859293339613,9.9999999997084
3,0.0012757859293339613,9.9999999997084
4,0.0012757859293339613,9.9999999997084
5,0.0012757859293339613,9.9999999997084
6,0.0012757859293339613,9.9999999997084
7,0.0012757859293339613,9.9999999997084
8,0.0012757859293339613,9.9999999997084
9,0.0012757859293339613,9.9999999997084
10,0.0012757859293339613,9.9999999997084
