,tau,theta
0,0.0009627471693319678,9.999999999471301
1,0.0009627471693319678,9.999999999471301
2,0.0009627471693319678,9.999999999471301
3,0.0009627471693319678,9.999999999471301
4,0.0009627471693319678,9.999999999471301
5,0.0009627471693319678,9.999999999471301
6,0.0009627471693319678,9.999999999471301
7,0.0009627471693319678,9.999999999471301
8,0.0009627471693319678,9.999999999471301
9,0.0009627471693319678,9.999999999471301
10,0.0009627471693319678,9.999999999471301
