,tau,theta
0,0.0021657455590346933,9.999999998602199
1,0.0021657455590346933,9.999999998602199
2,0.0021657455590346933,9.999999998602199
3,0.0021657455590346933,9.999999998602199
4,0.0021657455590346933,9.999999998602199
5,0.0021657455590346933,9.999999998602199
6,0.0021657455590346933,9.999999998602199
7,0.0021657455590346933,9.999999998602199
8,0.0021657455590346933,9.999999998602199
9,0.0021657455590346933,9.999999998602199
10,0.0021657455590346933,9.999999998602199
