,tau,theta
0,0.004123590227887541,2.799789535131822
1,0.004123590227887541,2.799789535131822
2,0.004123590227887541,2.799789535131822
3,0.004123590227887541,2.799789535131822
4,0.004123590227887541,2.799789535131822
5,0.004123590227887541,2.799789535131822
