,tau,theta
0,0.14599559718352373,0.0452857126721946
1,0.14599559718352373,0.0452857126721946
2,0.14599559718352373,0.0452857126721946
3,0.14599559718352373,0.0452857126721946
4,0.14599559718352373,0.0452857126721946
5,0.14599559718352373,0.0452857126721946
