,tau,theta
0,0.000829970979533512,9.999999998626103
1,0.000829970979533512,9.999999998626103
2,0.000829970979533512,9.999999998626103
3,0.000829970979533512,9.999999998626103
4,0.000829970979533512,9.999999998626103
5,0.000829970979533512,9.999999998626103
6,0.000829970979533512,9.999999998626103
7,0.000829970979533512,9.999999998626103
8,0.000829970979533512,9.999999998626103
9,0.000829970979533512,9.999999998626103
10,0.000829970979533512,9.999999998626103
