,beta,tau,theta
0,0.09145802309978311,0.0034519879397377664,3.7553119609645287
1,0.09145802309978311,0.0034519879397377664,3.7553119609645287
2,0.09145802309978311,0.0034519879397377664,3.7553119609645287
3,0.09145802309978311,0.0034519879397377664,3.7553119609645287
4,0.09145802309978311,0.0034519879397377664,3.7553119609645287
5,0.09145802309978311,0.0034519879397377664,3.7553119609645287
