,beta,tau,theta
0,0.026754062478220975,0.002019173932283447,4.4606027370473535
1,0.026754062478220975,0.002019173932283447,4.4606027370473535
2,0.026754062478220975,0.002019173932283447,4.4606027370473535
3,0.026754062478220975,0.002019173932283447,4.4606027370473535
4,0.026754062478220975,0.002019173932283447,4.4606027370473535
5,0.026754062478220975,0.002019173932283447,4.4606027370473535
