,beta,tau,theta
0,1.4576064799897321,0.005016073372903873,1.7691263876100622
1,1.4576064799897321,0.005016073372903873,1.7691263876100622
2,1.4576064799897321,0.005016073372903873,1.7691263876100622
3,1.4576064799897321,0.005016073372903873,1.7691263876100622
4,1.4576064799897321,0.005016073372903873,1.7691263876100622
5,1.4576064799897321,0.005016073372903873,1.7691263876100622
