,beta,tau,length
0,7.212724221390774,0.06981691298238678,1.605421944719092
1,7.212724221390774,0.06981691298238678,1.605421944719092
2,7.212724221390774,0.06981691298238678,1.605421944719092
3,7.212724221390774,0.06981691298238678,1.605421944719092
4,7.212724221390774,0.06981691298238678,1.605421944719092
5,7.212724221390774,0.06981691298238678,1.605421944719092
