,beta,tau,theta
0,0.016223570537130073,0.01994301763449956,5.4400705954307185
1,0.016223570537130073,0.01994301763449956,5.4400705954307185
2,0.016223570537130073,0.01994301763449956,5.4400705954307185
3,0.016223570537130073,0.01994301763449956,5.4400705954307185
4,0.016223570537130073,0.01994301763449956,5.4400705954307185
5,0.016223570537130073,0.01994301763449956,5.4400705954307185
