,beta,tau,theta
0,4.578963459392519,0.4579515212986397,1.1425198397071867
1,4.578963459392519,0.4579515212986397,1.1425198397071867
2,4.578963459392519,0.4579515212986397,1.1425198397071867
3,4.578963459392519,0.4579515212986397,1.1425198397071867
4,4.578963459392519,0.4579515212986397,1.1425198397071867
5,4.578963459392519,0.4579515212986397,1.1425198397071867
