,beta,tau,theta
0,5.2073965795065285e-08,0.005667676691689205,9.054422396323368
1,5.2073965795065285e-08,0.005667676691689205,9.054422396323368
2,5.2073965795065285e-08,0.005667676691689205,9.054422396323368
3,5.2073965795065285e-08,0.005667676691689205,9.054422396323368
4,5.2073965795065285e-08,0.005667676691689205,9.054422396323368
5,5.2073965795065285e-08,0.005667676691689205,9.054422396323368
