,beta,tau,theta
0,2.154927335876061,0.11469356310835797,1.6560729811802282
1,2.154927335876061,0.11469356310835797,1.6560729811802282
2,2.154927335876061,0.11469356310835797,1.6560729811802282
3,2.154927335876061,0.11469356310835797,1.6560729811802282
4,2.154927335876061,0.11469356310835797,1.6560729811802282
5,2.154927335876061,0.11469356310835797,1.6560729811802282
