,beta,tau,theta
0,2.415501525023027,0.14543612763455627,2.3868561528479697
1,2.415501525023027,0.14543612763455627,2.3868561528479697
2,2.415501525023027,0.14543612763455627,2.3868561528479697
3,2.415501525023027,0.14543612763455627,2.3868561528479697
4,2.415501525023027,0.14543612763455627,2.3868561528479697
5,2.415501525023027,0.14543612763455627,2.3868561528479697
