,beta,tau,theta
0,0.0003407527694094693,0.0002637646617654644,2.678221173879904
1,0.0003407527694094693,0.0002637646617654644,2.678221173879904
2,0.0003407527694094693,0.0002637646617654644,2.678221173879904
3,0.0003407527694094693,0.0002637646617654644,2.678221173879904
4,0.0003407527694094693,0.0002637646617654644,2.678221173879904
5,0.0003407527694094693,0.0002637646617654644,2.678221173879904
