,beta,tau,theta
0,0.030943500956159376,0.096408810813129,7.520030043917021e-10
1,0.030943500956159376,0.096408810813129,7.520030043917021e-10
2,0.030943500956159376,0.096408810813129,7.520030043917021e-10
3,0.030943500956159376,0.096408810813129,7.520030043917021e-10
4,0.030943500956159376,0.096408810813129,7.520030043917021e-10
5,0.030943500956159376,0.096408810813129,7.520030043917021e-10
