,beta,tau,theta
0,0.04623325479950045,0.07230657262835626,6.00731308039392e-09
1,0.04623325479950045,0.07230657262835626,6.00731308039392e-09
2,0.04623325479950045,0.07230657262835626,6.00731308039392e-09
3,0.04623325479950045,0.07230657262835626,6.00731308039392e-09
4,0.04623325479950045,0.07230657262835626,6.00731308039392e-09
5,0.04623325479950045,0.07230657262835626,6.00731308039392e-09
